# NVIDIA Mark 3D Head Mesh
# Generated from Audio2Face-3D model_data_Mark.npz
# Vertices: 24002
# Faces: 2218

v -0.317587 149.386307 -10.814054
v -0.046177 169.701935 1.539327
v -0.041273 170.476334 -1.785781
v 0.014394 170.580643 -5.619906
v 0.059471 163.533401 -13.419204
v -0.043750 157.791260 -12.987913
v 0.041348 160.675812 -13.645498
v -0.195427 154.091324 -11.279491
v -0.233560 152.738281 -10.860786
v -0.285899 151.148193 -10.654089
v -0.128645 155.672302 -11.997260
v -0.120554 152.914093 6.776197
v -0.134787 152.579697 6.300987
v -0.125233 152.539017 6.078796
v -0.151344 152.118103 6.411570
v -0.157906 148.297226 5.392226
v -0.176792 147.714859 4.588027
v -0.006801 161.084671 6.347987
v -0.035523 163.153961 6.004348
v -0.036338 164.575867 5.899491
v -0.005561 160.345154 6.152987
v -0.032203 166.418930 5.448573
v -0.106808 152.830566 5.596277
v -0.121817 152.593842 5.476593
v -0.088296 154.244263 5.382162
v -0.128690 151.623550 5.378391
v -0.088709 155.432190 3.001485
v -0.147344 150.417023 4.135094
v -0.145419 155.424332 -0.997885
v -0.158709 150.069611 1.665889
v -0.236978 152.217636 -4.316382
v -0.181525 149.351410 -0.586011
v -0.029015 155.028488 6.864697
v 0.051901 155.622879 7.961967
v -0.066980 154.385651 6.751572
v -0.137296 150.922989 5.912197
v -0.299236 149.224792 -4.105675
v -0.462078 147.359283 -1.943675
v -0.147396 151.591812 6.310272
v -0.112657 153.528748 6.743507
v -0.012204 159.789627 6.168097
v 0.013169 158.476227 7.070970
v -0.136407 150.237137 5.705824
v 0.078432 156.128784 8.489347
v 0.025411 155.281296 7.402663
v 0.046791 157.766708 7.716762
v -0.149916 149.239319 5.658779
v 0.067015 157.017105 8.374981
v -0.011330 162.084854 6.432528
v -0.012265 159.185349 6.548691
v -0.075223 147.144531 2.087139
v -0.153970 147.374954 3.351641
v -0.013479 168.343750 4.102918
v 0.012035 146.626541 1.467068
v -0.045938 143.328430 -0.479454
v 0.015325 145.154709 0.882250
v -0.132503 141.569534 -1.376491
v 0.065464 166.633774 -12.153463
v 0.047246 169.369461 -9.427301
v -0.233557 137.151703 0.396038
v -0.235262 135.502014 1.270948
v -0.309294 147.037720 -11.513264
v -0.256255 141.955093 -15.645842
v -0.278005 139.116119 -17.230642
v -0.245941 144.363022 -13.588604
v -0.231549 138.345291 -0.644227
v -0.193596 139.819992 -1.358619
v 7.245965 159.049850 -3.568318
v 6.412218 153.049377 -4.532107
v 6.285468 153.563217 -5.129381
v 6.413182 154.846527 -5.249733
v 7.016744 156.801422 -6.576794
v 7.365049 157.962280 -6.630421
v 6.708189 155.744766 -5.962575
v 6.392414 152.489761 -4.337907
v 6.258511 151.509903 -3.980175
v 2.123290 149.155045 -10.222771
v 4.829287 147.905670 -8.185892
v 5.352812 147.451355 -7.220942
v 5.620357 148.705109 -6.148419
v 5.999210 150.653351 -3.498993
v 6.044773 149.681763 -4.988069
v 3.206004 148.807907 -9.659662
v 0.944923 149.348495 -10.622191
v 4.156529 148.381302 -8.978038
v 7.213663 160.499130 -3.015450
v 7.231241 162.165771 -2.328063
v 6.988842 163.873245 -1.460314
v 6.460902 165.504562 -0.509186
v 5.580028 167.094345 0.416610
v 4.089702 168.492889 1.077332
v 2.115095 169.399353 1.428599
v 7.485545 159.616684 -4.539164
v 7.495652 159.477875 -5.216155
v 2.359708 170.110748 -1.840827
v 4.537226 169.089691 -1.978538
v 2.563943 170.246933 -5.611929
v 6.053432 167.578522 -2.242514
v 4.832493 169.095215 -5.518802
v 6.814294 165.805634 -2.732312
v 6.377743 167.390915 -5.337043
v 7.372776 160.722244 -4.185067
v 7.259396 164.103058 -3.284695
v 7.067339 165.657471 -5.203600
v 2.290705 163.288803 -13.144701
v 7.415722 162.382706 -3.772753
v 7.425689 160.619507 -5.137343
v 6.074374 151.012985 -5.539174
v 7.394797 163.951920 -5.161454
v 4.212921 162.623703 -12.254022
v 1.786943 157.740417 -12.710352
v 2.043053 160.428604 -13.356616
v 1.122795 154.071014 -11.157181
v 0.931944 152.648376 -10.744263
v 0.847657 151.091171 -10.435355
v 7.500039 162.300278 -5.157210
v 7.040237 158.356064 -6.906617
v 6.202177 152.777878 -5.774052
v 5.470977 150.547958 -6.712517
v 3.314503 157.553101 -11.977002
v 3.815414 159.905777 -12.496255
v 5.552756 161.686981 -11.022933
v 1.421893 155.664597 -11.816014
v 1.963491 152.493668 -10.329631
v 2.269769 154.012634 -10.781196
v 1.885772 150.904114 -10.020127
v 6.827297 157.026672 -7.132082
v 6.928834 158.958206 -7.576519
v 6.809703 159.783371 -8.631678
v 5.536475 152.488968 -7.182168
v 4.721447 150.205811 -7.454060
v 4.468520 157.035095 -10.911635
v 5.102256 159.191803 -11.223322
v 6.391912 160.722900 -9.796082
v 2.735689 155.602737 -11.326461
v 3.119668 153.807526 -10.143382
v 2.822408 152.299713 -9.765821
v 2.800238 150.625122 -9.470252
v 5.856216 156.055573 -8.769541
v 6.351294 157.867813 -8.745358
v 6.674180 157.359726 -7.793627
v 6.260265 155.782852 -7.800174
v 6.482640 155.719650 -6.843021
v 6.183961 154.478775 -6.366935
v 5.798478 154.239395 -7.628053
v 5.294370 156.460602 -9.795429
v 5.887904 158.490906 -9.921107
v 3.727156 155.265244 -10.504898
v 3.485256 152.184464 -9.177562
v 3.605810 153.482834 -9.594111
v 4.365931 154.407196 -9.430285
v 4.110916 152.282944 -8.612962
v 4.142618 150.177399 -8.161972
v 3.547334 150.353607 -8.856647
v 4.795574 152.375244 -7.980288
v 5.213259 154.312988 -8.554449
v 0.332341 152.601242 6.193030
v 0.455941 152.990524 6.661602
v 1.532420 152.398407 5.513703
v 1.798953 152.574432 5.722749
v 2.161491 152.212006 4.642874
v 2.431169 152.164795 4.736688
v 1.891714 152.312912 4.908960
v 2.168007 152.050552 5.081358
v 0.878286 152.587631 5.824285
v 1.035130 152.126511 6.191399
v 1.765392 148.470901 5.125593
v 1.728915 147.818222 4.321524
v 1.594067 156.761108 5.541248
v 1.748173 157.037811 5.234177
v 1.993056 155.888138 5.025511
v 2.433047 156.269608 4.762568
v 3.111331 154.236954 4.640811
v 3.631617 154.689499 4.172295
v 3.550287 153.467636 4.257646
v 4.025713 153.845413 3.617226
v 3.992898 151.625427 3.562526
v 4.503144 151.335571 2.294646
v 3.456085 149.908249 3.742758
v 3.708013 149.356232 3.084286
v 1.283971 163.185852 6.050024
v 2.627635 163.195923 5.808595
v 2.037903 160.943741 6.277038
v 0.869547 160.977234 6.419537
v 2.975966 164.432098 5.292644
v 1.497267 164.528748 5.766023
v 3.206294 160.891220 5.766175
v 0.890240 160.191727 5.655882
v 1.263793 159.922562 4.548008
v 2.182670 159.657196 4.414452
v 1.958804 160.110275 4.740176
v 1.548241 159.334152 4.277835
v 1.770133 158.560989 4.501383
v 2.107404 159.125793 4.342883
v 2.602361 158.121216 4.456564
v 2.756841 158.920471 4.447973
v 3.932359 157.774765 4.039071
v 3.609932 158.872971 4.345851
v 4.843287 158.248688 3.265945
v 4.260940 159.101303 3.966933
v 5.505788 159.292175 2.687773
v 4.550802 159.366791 3.644564
v 2.808876 159.826965 4.756605
v 2.835430 160.115677 4.942970
v 3.624289 159.726807 4.704117
v 3.762916 159.965469 4.881776
v 4.221026 159.551254 4.223459
v 4.405057 159.802963 4.426300
v 5.696238 156.380310 2.552507
v 6.215471 157.454346 1.769178
v 6.222764 159.580750 1.222145
v 2.273699 157.735611 4.469530
v 3.268109 157.146851 4.137837
v 4.906733 155.722382 3.074869
v 5.973365 155.627167 1.490399
v 6.551138 156.942398 0.200213
v 5.314720 154.907135 2.244221
v 6.579052 159.817398 0.054612
v 3.901803 162.894043 5.171980
v 4.252653 164.054993 4.438476
v 4.898769 162.236984 4.244774
v 5.293016 163.278275 3.417909
v 5.587611 161.415726 3.296764
v 5.849356 162.174377 2.341663
v 3.323355 165.844650 4.505596
v 1.723812 166.239517 5.194232
v 4.673957 165.193085 3.537310
v 5.670235 164.166214 2.417909
v 6.232830 162.834274 1.302936
v 6.128830 160.869415 1.554793
v 4.234426 160.595245 5.153634
v 4.914671 160.239288 4.369822
v 3.821862 152.627975 3.906317
v 4.230080 152.838577 2.964923
v 6.501701 161.285904 0.504917
v 0.336065 152.801559 5.531095
v 1.501642 152.546585 4.946887
v 1.946980 152.251221 4.359990
v 1.675966 152.306839 4.620119
v 0.733752 152.513962 5.276945
v 0.726955 154.011993 5.240904
v 2.043789 152.999008 4.251690
v 2.056115 152.022797 3.857127
v 1.786509 151.620941 4.430609
v 0.816097 151.575714 5.136583
v 1.167614 155.333786 3.427024
v 2.825024 153.234314 2.778910
v 2.473882 151.675003 3.009481
v 2.052914 150.696152 3.832837
v 0.963684 150.335938 4.162106
v 3.292260 152.761078 0.386767
v 1.010177 150.154358 1.882930
v 3.180225 151.624069 -1.755312
v 1.142997 149.283142 0.007427
v 0.441917 155.118591 6.704906
v 0.667843 155.658142 7.737869
v 0.600669 154.394775 6.743311
v 1.275168 154.274445 6.218874
v 1.033444 155.010101 6.191548
v 1.617631 156.415344 5.697667
v 1.301882 155.224609 6.385363
v 1.691549 156.035843 5.306168
v 0.979235 152.888870 6.410379
v 0.792565 152.601410 6.034492
v 0.764156 152.740280 5.393429
v 1.260631 153.658142 5.003296
v 1.939561 154.679504 4.221720
v 2.824092 155.347397 0.095796
v 2.359276 151.959808 -3.436819
v 3.025212 149.320587 4.178936
v 3.144326 148.765533 3.525422
v 1.861911 152.067566 5.471196
v 1.615234 152.399216 5.245966
v 1.396713 152.364807 4.874660
v 1.453462 151.636246 4.743938
v 1.627647 150.865173 4.364855
v 1.655064 150.240463 2.290326
v 1.569659 149.397247 0.364051
v 2.414338 153.281052 5.557805
v 2.313982 152.257706 4.947198
v 2.083397 152.215347 4.817129
v 1.907204 152.324570 4.426480
v 2.089590 152.366394 3.894953
v 2.354172 152.195648 3.228204
v 3.140132 151.456665 1.309449
v 2.882215 150.259460 -1.392620
v 1.166586 150.784546 5.734210
v 2.241756 150.983368 5.163886
v 2.630836 151.285446 4.865625
v 3.058846 152.011292 4.560875
v 3.053272 152.411621 4.830629
v 2.817144 152.879288 5.166193
v 4.138847 150.126419 2.688699
v 3.794423 150.667038 3.508293
v 2.908597 151.609100 4.621321
v 2.382445 152.098465 4.811896
v 2.100738 152.249741 4.676248
v 1.857240 152.245575 4.426671
v 1.982466 151.672623 4.040215
v 2.422577 151.011124 3.248773
v 2.521240 150.038818 1.658311
v 2.018644 149.338837 -0.473693
v 0.473069 156.167679 6.074310
v 0.378764 156.321274 7.103999
v 0.586885 155.735046 5.607871
v 1.109255 155.899246 5.940369
v 0.613676 155.585526 6.574067
v 0.790186 155.444000 6.222979
v 0.994632 155.532669 6.297913
v 0.507836 156.035278 7.403162
v 2.651230 154.225296 3.302530
v 1.743721 153.367035 4.622561
v 1.162105 152.646637 5.206761
v 1.181158 152.515350 5.802424
v 1.427634 152.749512 6.103164
v 1.922526 153.709198 5.949081
v 2.569773 155.037048 4.846207
v 3.079962 155.493896 4.502245
v 4.193353 156.497681 3.685354
v 5.011394 157.108704 3.357745
v 5.582390 157.845596 2.684278
v 5.898420 159.423843 2.105635
v 5.207204 159.758820 3.503947
v 5.928425 160.436157 2.475452
v 2.100774 152.384109 5.311179
v 1.859024 152.272156 5.131639
v 1.755779 152.429764 4.658511
v 2.112449 152.669861 3.999703
v 2.603588 152.489273 2.879615
v 1.468528 150.378357 4.291431
v 1.140189 151.591827 4.953565
v 1.080967 152.436783 5.101087
v 1.281204 152.489197 5.561906
v 1.467248 152.087967 5.833459
v 1.730842 150.801132 5.445217
v 2.516371 148.833771 4.708366
v 2.529763 148.217026 3.983405
v 1.773535 149.639404 -3.126253
v 1.494535 148.488388 -1.256263
v 2.024501 159.958008 4.476786
v 2.816570 160.129501 4.746584
v 3.682983 159.954803 4.737903
v 4.331488 159.817749 4.319942
v 4.348580 158.921356 3.885616
v 3.640842 158.702896 4.354096
v 2.745331 158.727493 4.492931
v 2.006379 158.902115 4.444235
v 1.533812 159.643280 4.384944
v 0.614920 149.272110 -0.292599
v 0.433776 150.069992 1.727894
v 0.421947 150.389923 4.135468
v 0.391512 151.598938 5.303248
v 0.337178 152.559799 5.410899
v 0.414838 152.593414 6.018581
v 0.486049 152.148270 6.413434
v 0.534329 150.871231 5.904745
v 0.831262 148.303680 5.376363
v 0.792921 147.745728 4.539989
v 4.702105 159.679825 4.008878
v 4.676937 159.632263 3.814390
v 5.263454 158.865479 2.757273
v 5.770709 158.617569 2.178638
v 6.282870 158.479401 1.315962
v 2.957421 160.299438 5.383544
v 3.909805 160.187103 5.031364
v 4.555899 159.961594 4.432970
v 4.871215 159.668274 3.838237
v 4.810712 159.448425 3.457319
v 4.641846 159.250641 3.451733
v 1.890515 160.286392 5.520015
v 6.724794 158.553406 -0.014920
v 4.611954 154.334030 2.852560
v 4.213487 155.206985 3.530621
v 3.600603 155.987549 4.063963
v 2.785263 156.683533 4.337769
v 1.975237 157.353073 4.787783
v 1.115642 151.539581 6.124000
v 0.504890 151.586060 6.308862
v 0.592222 153.624802 6.784571
v 1.145289 153.441635 6.465486
v 1.645743 153.172440 6.130043
v 2.110300 152.890091 5.712739
v 2.429290 152.572327 5.333590
v 2.621568 152.280899 4.953436
v 2.709599 152.089783 4.684381
v 2.595477 151.930603 4.795865
v 2.360428 151.776962 5.070974
v 2.048005 151.605301 5.436689
v 1.619865 151.533295 5.814933
v 0.687896 159.632751 5.658665
v 1.403387 158.037521 5.355874
v 1.546228 158.366470 4.794991
v 0.895298 158.198837 6.693292
v 1.327627 157.526978 5.945936
v 1.033908 156.320145 6.257144
v 1.052965 155.726120 6.620959
v 1.303473 155.533463 6.780429
v 1.576449 156.502655 6.228809
v 1.320302 156.888901 6.495922
v 0.604334 150.140259 5.655229
v 1.252188 150.060608 5.348029
v 1.876355 150.140289 5.071624
v 2.413485 150.433182 4.765147
v 2.887370 150.841003 4.506541
v 3.171625 151.349228 4.355683
v 3.381949 151.915909 4.374365
v 3.370272 152.494080 4.575664
v 3.116688 153.084076 4.919753
v 2.665177 153.636719 5.264705
v 2.177957 154.199768 5.560658
v 1.683260 154.720886 5.603991
v 1.449114 155.050293 5.723539
v 1.702615 155.333313 6.193554
v 1.593368 155.698853 6.781362
v 0.859880 156.121689 8.108489
v 0.381561 155.416534 7.248828
v 0.289485 155.764160 7.044219
v 0.270888 156.227707 6.701498
v 0.956955 157.552567 7.392489
v 1.302911 155.997711 7.431726
v 1.081992 155.772339 7.336346
v 0.905079 155.899872 7.048921
v 0.770234 156.362396 6.768140
v 0.747001 149.215973 5.696205
v 1.550370 149.294281 5.374378
v 2.181548 149.520782 4.940219
v 2.688534 149.902130 4.482636
v 3.153038 150.381256 4.190610
v 3.501759 151.041962 4.046660
v 3.638721 151.810486 4.111678
v 3.578247 152.551559 4.265374
v 3.349034 153.273743 4.578027
v 2.888041 153.964661 4.923648
v 2.353788 154.663498 5.115242
v 1.918869 155.222290 5.162010
v 1.687640 155.578384 5.387596
v 1.828694 155.866806 5.904849
v 1.758517 156.150101 6.540953
v 1.456859 156.441971 7.225493
v 1.022424 156.854889 8.038308
v 1.034026 162.072754 6.469272
v 2.326329 161.983536 6.414142
v 3.543463 161.783676 5.689694
v 4.644502 161.413651 4.888554
v 5.418459 160.782578 4.046995
v 5.664345 160.020844 3.157843
v 2.049194 158.655197 4.462693
v 2.714027 158.443832 4.463066
v 3.730405 158.353210 4.209761
v 4.494839 158.612701 3.605598
v 4.896094 159.057785 3.125186
v 5.112240 159.278061 3.062919
v 0.862902 158.893448 5.915443
v 1.399513 159.054474 4.464339
v 1.347178 159.412064 4.439953
v 0.996112 159.470856 4.721046
v 1.115701 158.958191 4.884984
v 1.295626 147.233902 1.820194
v 6.605872 155.051102 -3.373301
v 6.694074 156.246033 -3.271954
v 6.780766 157.626709 -3.474946
v 6.517208 153.347290 -4.053222
v 6.645073 153.931808 -3.453892
v 3.271695 148.269135 0.678585
v 4.502327 149.365341 -0.571227
v 6.431376 152.021179 -3.040035
v 6.280459 154.188889 -1.369017
v 6.551874 152.805069 -3.556324
v 6.485596 154.734344 -2.434064
v 1.264411 146.696213 0.939425
v 4.227538 148.690826 -1.710334
v 4.906187 150.084778 0.929297
v 3.599464 148.811020 2.000733
v 1.493382 147.508041 3.080787
v 2.994097 147.642990 -0.545218
v 5.941031 143.845428 -4.701267
v 5.431931 145.551651 -3.753507
v 4.952758 147.297592 -2.569695
v 6.142797 151.310394 -2.434155
v 6.033258 153.452072 -0.441095
v 6.727837 157.436066 -1.873091
v 6.959464 160.157562 -1.463717
v 5.638687 152.703033 0.356262
v 6.245820 152.173019 -1.445070
v 6.459112 152.979980 -2.181592
v 6.593451 153.612778 -2.923530
v 5.728128 150.661957 -1.838393
v 5.569080 150.004944 -2.936801
v 5.862926 148.683517 -4.246376
v 5.885753 147.277969 -5.453091
v 6.163116 145.842590 -6.352706
v 5.883873 151.435074 -0.722707
v 3.665949 167.279633 3.227579
v 1.924031 168.025330 3.892849
v 5.079256 166.219528 2.308514
v 6.049356 164.879349 1.226401
v 6.623576 163.367401 0.110281
v 5.457597 153.906616 1.315635
v 5.950311 154.675110 0.458972
v 6.312704 155.473511 -0.678015
v 6.434054 156.033005 -2.115624
v 6.886569 161.728317 -0.810224
v 2.905435 148.303299 2.399509
v 2.598246 147.826996 1.128059
v 2.348634 147.258301 0.022737
v 4.240393 146.852036 -1.862902
v 3.576542 148.129089 -1.130739
v 3.912837 148.792145 0.133861
v 4.292098 149.403458 1.573483
v 2.246885 147.818741 2.772815
v 1.931955 147.464676 1.499470
v 1.762016 146.917923 0.510441
v 0.676677 147.386627 3.300781
v 0.623719 147.159973 2.028654
v 0.715738 146.624237 1.309173
v 6.964899 158.836685 -1.752936
v 0.847546 143.275299 -0.513430
v 0.786948 145.346588 0.586062
v 4.884632 145.035110 -2.854069
v 5.460830 143.225189 -3.742591
v 1.371427 145.481583 0.200436
v 1.926741 145.697464 -0.211061
v 2.561753 146.066177 -0.785036
v 3.405105 146.448975 -1.296555
v 1.607041 143.416290 -0.632314
v 2.364276 143.758469 -0.815683
v 3.206474 144.186829 -1.260276
v 4.089668 144.631104 -1.966742
v 0.998300 141.547394 -1.156806
v 1.962898 141.662704 -1.092515
v 2.796169 141.936722 -1.388828
v 3.633790 142.373367 -1.892486
v 4.602335 142.811890 -2.656499
v 6.148500 144.718887 -5.548100
v 5.823498 146.254974 -4.646927
v 5.564716 147.891113 -3.391622
v 4.947053 149.350311 -2.345582
v 5.146516 150.019089 -1.259241
v 5.433892 150.778854 0.100131
v 5.212361 152.021240 1.233656
v 4.853065 153.298187 2.072256
v 1.587576 159.351822 4.159883
v 2.178319 159.559448 4.130127
v 2.193678 159.215256 4.086499
v 2.757276 159.032471 4.312540
v 3.559052 158.957550 4.230410
v 4.161828 159.166306 3.928367
v 4.398680 159.394028 3.642171
v 2.768796 159.812256 4.492472
v 3.542741 159.734467 4.520880
v 4.146870 159.562683 4.060901
v 1.880953 159.309509 4.118485
v 2.111601 159.654251 4.062437
v 2.226605 159.158722 4.068973
v 2.636923 158.895935 4.155762
v 3.410389 158.497177 3.924078
v 4.237117 158.907639 3.595694
v 4.479636 159.433563 3.425046
v 2.581714 159.995987 4.304224
v 3.482994 160.408813 4.177381
v 4.326137 159.955399 3.733016
v 1.833392 159.471222 3.603004
v 1.963579 159.985825 3.766272
v 2.059464 158.939941 3.701096
v 2.589194 158.563797 3.828148
v 2.495684 160.445175 4.010189
v 2.007396 159.322769 4.052591
v 2.077719 159.672043 4.016207
v 2.128809 159.334579 4.049523
v 2.047051 159.732849 3.962235
v 2.243346 159.133911 4.051748
v 2.260074 159.046112 3.992544
v 2.383022 159.009109 4.077770
v 2.402295 158.932419 4.025648
v 2.161982 159.835358 4.079801
v 2.158746 159.901703 4.059670
v 1.894702 160.271896 3.150204
v 4.379706 160.276688 3.055563
v 1.901037 158.852554 3.051342
v 4.265405 158.752136 2.935122
v 4.496813 159.485519 2.691028
v 3.559485 158.271378 2.709928
v 1.704672 159.582550 2.903082
v 3.702259 160.913879 2.921491
v 3.736605 159.699860 1.807047
v 2.439218 160.827316 2.939122
v 2.259037 159.668167 1.954511
v 2.460232 158.361893 2.740348
v 1.735077 159.470123 4.286796
v 1.670916 159.272797 4.301971
v 1.812733 159.466248 4.088767
v 1.868339 159.501724 4.031186
v 2.011612 159.214996 4.039098
v 1.845276 159.242371 4.049998
v 7.523752 158.803513 -6.231730
v 7.223072 159.398743 -6.461010
v 7.219631 160.502533 -7.217704
v 7.151929 161.755402 -8.107572
v 6.760043 163.008362 -9.029491
v 5.973555 164.261108 -10.045240
v 4.595293 165.455750 -11.085817
v 2.503673 166.346817 -11.907724
v 7.515932 159.219467 -5.736330
v 7.368355 160.150848 -5.883553
v 7.419291 161.705429 -6.390840
v 7.342139 163.198074 -6.870367
v 7.037742 164.766434 -7.458459
v 6.359085 166.321884 -8.175525
v 4.923234 167.859116 -8.873546
v 2.637352 169.039902 -9.330103
v 1.963417 159.516388 4.022962
v 2.059791 159.556854 3.990558
v 7.180565 157.934738 -4.202707
v 6.917338 154.951736 -3.992075
v 6.829225 155.323074 -4.240832
v 6.699794 155.503159 -3.930976
v 7.598272 155.219879 -4.684362
v 7.257785 155.393753 -4.911863
v 7.204490 156.306931 -4.113805
v 6.896306 157.315140 -4.916098
v 7.392097 157.919434 -4.749474
v 6.800617 156.744629 -5.534050
v 6.761508 157.278488 -5.958331
v 6.948566 153.565689 -4.251870
v 6.776613 153.542267 -5.057000
v 7.400352 153.861069 -4.976231
v 8.987735 159.210739 -6.465123
v 8.517541 159.829666 -6.360358
v 8.895340 158.693466 -7.243481
v 8.293140 159.107407 -7.186427
v 8.543974 157.545929 -7.367404
v 8.004615 157.769104 -7.518103
v 8.345821 156.233627 -7.020800
v 7.811863 156.283417 -7.280233
v 7.764567 154.500565 -5.695288
v 7.128476 154.230377 -5.858298
v 8.545779 159.211914 -6.884274
v 7.480453 155.755554 -5.783905
v 7.708297 156.139282 -6.232895
v 7.699491 155.535889 -5.495058
v 7.962179 155.955444 -6.065950
v 8.275635 156.625687 -6.419439
v 7.958810 156.757935 -6.375537
v 7.323782 157.556335 -5.819367
v 8.197291 157.891815 -6.620021
v 6.929647 158.178162 -4.950751
v 6.681962 157.613190 -5.260127
v 6.375183 156.327454 -3.998664
v 6.265622 155.641647 -3.893677
v 6.388741 155.500473 -4.406847
v 6.549098 155.460983 -5.209463
v 7.021067 156.117752 -5.925054
v 7.291516 156.559143 -6.295214
v 8.520297 158.540741 -7.261414
v 8.172568 157.542404 -7.271095
v 8.019993 155.259232 -6.404741
v 7.436157 155.178879 -6.577969
v 6.790450 154.175964 -4.168823
v 7.448771 154.646912 -4.874253
v 7.651260 155.093170 -5.561790
v 7.995936 155.602859 -6.179449
v 8.264335 156.407043 -6.780901
v 6.378493 156.437744 -5.021317
v 5.603443 156.111557 -4.372023
v 7.988984 157.575439 -6.132656
v 7.388797 158.881409 -4.895436
v 7.870698 158.605408 -4.750562
v 7.628690 158.722275 -4.233920
v 7.541572 156.898575 -6.344123
v 6.788992 157.221313 -4.495821
v 7.789586 158.502441 -5.890608
v 8.198056 158.754929 -6.196093
v 7.412268 158.286957 -5.606972
v 8.384507 159.824661 -5.336015
v 8.778366 159.372070 -5.627614
v 8.379868 159.583847 -6.018849
v 7.945400 159.395523 -5.229722
v 8.270170 159.080444 -4.931732
v 8.051373 159.361237 -4.602417
v 7.169675 157.137833 -4.106057
v 2.158600 159.201050 4.063555
v 2.189414 159.184509 4.025153
v 2.097831 159.143158 3.922626
v 2.005398 159.348145 3.882572
v 1.995112 159.575043 3.865062
v 3.271950 137.633621 0.376458
v 3.885120 136.047974 1.301725
v 2.690778 146.879990 -11.023439
v 5.246742 142.834091 -15.460384
v 6.593092 146.146545 -8.860445
v 11.037880 143.702393 -11.196054
v 7.340370 145.663162 -7.839081
v 11.959013 143.555573 -9.449171
v 7.328155 143.438141 -5.903633
v 11.373248 141.339737 -6.211836
v 10.536100 140.449249 -4.658598
v 6.530138 138.297729 -0.779965
v 7.746556 136.803787 -0.127850
v 12.657059 139.416458 -3.934390
v 14.079120 140.781723 -5.595654
v 14.573227 142.000046 -10.430367
v 13.556229 142.110748 -12.516052
v 6.519170 140.343857 -17.421392
v 7.514032 144.570831 -6.884983
v 12.021319 142.556320 -7.744579
v 14.896157 141.637421 -8.039725
v 4.116970 146.697845 -10.411108
v 7.679401 143.140869 -14.393592
v 9.542981 141.455658 -16.741793
v 1.184130 146.995132 -11.372151
v 2.478634 142.345688 -15.830327
v 3.162445 139.485611 -17.429867
v 5.474951 146.440536 -9.690475
v 9.599048 143.457352 -12.920161
v 11.949430 142.038513 -14.766846
v 8.641252 141.498749 -4.916173
v 9.154466 142.530487 -5.985248
v 9.531297 143.683594 -7.125308
v 9.504078 144.658142 -8.485659
v 8.853338 145.006042 -10.012283
v 7.556141 144.907074 -11.330916
v 5.826071 144.669373 -12.364466
v 3.866074 144.397430 -13.075842
v 1.783786 144.302902 -13.466003
v 4.961087 137.958435 -0.048451
v 5.874162 136.373642 0.707135
v 1.526702 137.269012 0.411667
v 1.838775 135.705109 1.411317
v 7.974766 138.783173 -1.844931
v 9.420702 137.395767 -1.183978
v 9.355033 139.501266 -3.253308
v 11.014164 138.116577 -2.626920
v 7.960578 140.812469 -3.543483
v 1.304626 138.595261 -0.478429
v 2.766487 139.029099 -0.360920
v 4.165639 139.341110 -0.647486
v 5.480647 139.636185 -1.266709
v 6.810775 140.187408 -2.166067
v 6.933338 142.564117 -4.916138
v 6.348705 141.882355 -3.981059
v 5.405385 141.239304 -2.864425
v 4.361078 140.794449 -1.972989
v 3.358980 140.454163 -1.498238
v 2.358067 140.199570 -1.087049
v 1.183314 139.961426 -1.101338
v -7.459125 159.272217 -3.674303
v -6.574338 153.543640 -4.587258
v -6.518252 153.761047 -5.164957
v -6.678899 154.763748 -5.538800
v -7.401538 156.909897 -6.659583
v -7.678560 158.185608 -6.706781
v -7.027452 155.794922 -6.175346
v -6.586835 152.728363 -4.361526
v -6.508520 151.688004 -3.876592
v -2.863847 149.205673 -10.313507
v -5.691352 148.224182 -8.197000
v -6.095459 147.729721 -6.969800
v -6.277621 148.893600 -5.653659
v -6.203878 150.763840 -3.273122
v -6.476035 149.886642 -4.444720
v -3.993504 148.957581 -9.744820
v -1.611511 149.336487 -10.669497
v -4.951872 148.621109 -9.023502
v -7.369203 160.828506 -3.073504
v -7.341393 162.416336 -2.461923
v -7.148775 164.029907 -1.679242
v -6.615803 165.605042 -0.729476
v -5.642049 167.200653 0.314960
v -4.084452 168.544922 1.159740
v -2.173711 169.377213 1.547035
v -7.620169 159.728271 -4.693153
v -7.729145 159.725372 -5.400656
v -2.523206 170.104156 -1.787719
v -4.601472 169.132858 -1.932044
v -2.571584 170.214584 -5.615946
v -6.180440 167.512939 -2.303221
v -4.916735 169.081284 -5.540750
v -6.968914 165.810974 -2.783760
v -6.448389 167.382797 -5.393128
v -7.506016 160.960449 -4.312600
v -7.368930 164.224487 -3.361232
v -7.159611 165.718170 -5.272535
v -2.159885 163.338593 -13.114628
v -7.515479 162.589523 -3.881088
v -7.537890 160.871140 -5.314533
v -6.455098 151.199905 -5.146453
v -7.466141 164.149734 -5.258024
v -4.040129 162.740112 -12.178808
v -1.878529 157.823380 -12.727421
v -1.971697 160.494263 -13.316310
v -1.521876 154.188721 -11.188169
v -1.406915 152.728363 -10.769955
v -1.444191 151.088242 -10.547572
v -7.578179 162.463623 -5.253167
v -7.282515 158.558517 -6.832833
v -6.523820 152.933075 -5.635154
v -6.153820 150.686981 -6.384292
v -3.396945 157.672485 -11.968122
v -3.700453 160.050034 -12.401659
v -5.384601 161.863678 -10.970413
v -1.703138 155.734619 -11.854290
v -2.420421 152.583755 -10.441199
v -2.670666 154.193741 -10.869115
v -2.510436 150.906219 -10.194840
v -7.134491 157.210129 -6.929610
v -7.067516 159.120209 -7.722117
v -6.827621 159.980255 -8.727624
v -6.170968 152.612350 -7.000675
v -5.513996 150.341064 -7.398004
v -4.572078 157.200058 -10.931659
v -5.029086 159.382721 -11.193186
v -6.296596 160.925110 -9.812569
v -3.025124 155.746735 -11.391391
v -3.536201 153.963196 -10.307750
v -3.277874 152.398514 -9.929278
v -3.454380 150.676712 -9.712779
v -6.170687 156.200256 -8.870802
v -6.475957 158.027863 -8.864668
v -6.925397 157.509766 -7.862041
v -6.668403 155.899918 -7.851553
v -6.849392 155.802643 -6.773433
v -6.607418 154.479446 -6.409241
v -6.362700 154.346039 -7.517200
v -5.445499 156.624542 -9.868423
v -5.917922 158.670944 -9.978068
v -4.040656 155.393585 -10.606769
v -3.996239 152.316177 -9.376402
v -4.064377 153.635178 -9.760772
v -4.800055 154.517273 -9.549045
v -4.680076 152.433838 -8.742406
v -4.848937 150.329773 -8.263357
v -4.218800 150.472397 -9.062080
v -5.468429 152.498520 -7.973565
v -5.736987 154.410614 -8.533283
v -0.605048 152.635483 6.185314
v -0.689250 153.015030 6.653042
v -1.796031 152.427338 5.545835
v -2.093391 152.601257 5.804559
v -2.356486 152.310120 4.834205
v -2.598520 152.242432 4.827761
v -2.129743 152.404648 5.003059
v -2.388638 152.160873 5.152631
v -1.137671 152.621918 5.894604
v -1.314093 152.172745 6.231403
v -2.070432 148.458725 5.001820
v -2.065575 147.817245 4.237020
v -1.794312 156.656815 5.424748
v -1.884415 156.965378 5.224884
v -2.164058 155.775681 5.060483
v -2.532147 156.211761 4.825911
v -3.411530 154.244492 4.709696
v -3.939149 154.642593 4.238516
v -3.850217 153.472565 4.327615
v -4.338526 153.837524 3.608236
v -4.314880 151.728195 3.500617
v -4.792097 151.482071 2.283598
v -3.804643 150.018768 3.560983
v -4.017645 149.441025 2.907992
v -1.366992 163.247833 6.047223
v -2.781056 163.146347 5.836781
v -2.147047 161.007355 6.355947
v -0.876957 160.969559 6.502134
v -3.081193 164.364853 5.308545
v -1.567117 164.567917 5.787961
v -3.338333 161.034500 5.754913
v -0.880283 160.173233 5.820738
v -1.318318 159.935349 4.659335
v -2.241535 159.694443 4.394783
v -2.097658 160.173874 4.745695
v -1.670929 159.342361 4.326559
v -1.879062 158.564484 4.536512
v -2.240289 159.137863 4.339130
v -2.712915 158.123566 4.448419
v -2.894180 158.971069 4.409098
v -4.136848 157.819946 4.035069
v -3.717558 158.889130 4.289031
v -5.159169 158.368256 3.110279
v -4.345143 159.136826 3.894717
v -5.761290 159.510773 2.641672
v -4.666649 159.507614 3.514518
v -2.911289 159.899170 4.659835
v -3.021978 160.136963 4.900958
v -3.811999 159.821213 4.592318
v -3.918132 159.994553 4.805020
v -4.386144 159.678085 4.089386
v -4.536514 159.824707 4.281253
v -6.157763 156.516953 2.301168
v -6.595009 157.611984 1.423561
v -6.456690 159.938477 0.807917
v -2.315530 157.694931 4.574650
v -3.327027 157.113541 4.183806
v -5.244214 155.758041 3.122138
v -6.354615 155.812119 1.337064
v -6.872869 157.109238 -0.105147
v -5.692799 154.946350 2.279337
v -6.816692 160.203262 -0.367888
v -3.988630 162.759811 5.140884
v -4.314260 163.894730 4.466847
v -4.953979 162.165314 4.181338
v -5.275355 163.165298 3.392461
v -5.634884 161.392624 3.162275
v -5.847011 162.165283 2.210566
v -3.444707 165.886841 4.631691
v -1.778394 166.281219 5.225427
v -4.766857 165.178802 3.577441
v -5.680845 164.184311 2.280216
v -6.267995 162.955963 1.061880
v -6.277069 161.068008 1.267040
v -4.457782 160.704819 5.086070
v -5.122953 160.294495 4.269686
v -4.132215 152.609192 3.818643
v -4.581520 152.875122 2.967018
v -6.640597 161.570831 0.064466
v -0.553212 152.804184 5.518506
v -1.732451 152.585831 4.979678
v -2.097577 152.303879 4.480164
v -1.904235 152.382019 4.685751
v -0.982395 152.565857 5.306453
v -0.908408 154.022614 5.249763
v -2.277568 153.050919 4.293508
v -2.269186 152.066483 3.958350
v -2.030800 151.691437 4.460294
v -1.070734 151.623520 5.134562
v -1.399858 155.379852 3.501442
v -2.970210 153.323883 2.794243
v -2.689345 151.747131 3.050568
v -2.278482 150.822235 3.832991
v -1.282861 150.371078 4.126575
v -3.397388 152.847366 0.417684
v -1.324216 150.253845 1.885445
v -3.326100 151.710800 -1.718951
v -1.469419 149.404892 -0.140850
v -0.546308 155.151566 6.761344
v -0.587310 155.617935 7.728534
v -0.737981 154.462234 6.823127
v -1.513171 154.345642 6.265482
v -1.163239 155.078156 6.155250
v -1.841120 156.334778 5.608666
v -1.427161 155.349594 6.363549
v -1.905294 155.905685 5.304519
v -1.227661 152.943665 6.458717
v -1.048378 152.634430 6.022023
v -0.979161 152.767105 5.386497
v -1.465411 153.689667 5.017591
v -2.127931 154.683136 4.222638
v -2.920711 155.426575 0.098130
v -2.665371 152.006454 -3.215606
v -3.390888 149.322189 3.964032
v -3.467490 148.787064 3.332546
v -2.100363 152.152740 5.500147
v -1.848377 152.479980 5.304164
v -1.646197 152.447693 4.927267
v -1.697603 151.697540 4.759884
v -1.883629 150.954529 4.373103
v -1.964662 150.329544 2.299129
v -1.905034 149.605911 0.333305
v -2.650097 153.316299 5.641868
v -2.512996 152.311050 5.024134
v -2.307811 152.318863 4.927555
v -2.065315 152.381516 4.528752
v -2.237969 152.379303 3.972051
v -2.542871 152.247574 3.306458
v -3.271946 151.564148 1.325618
v -3.120304 150.406509 -1.371813
v -1.460791 150.839111 5.759585
v -2.547898 151.118835 5.221909
v -2.905495 151.403259 4.920573
v -3.296008 152.097443 4.626520
v -3.249303 152.499298 4.884042
v -2.995518 152.883774 5.255161
v -4.433678 150.270081 2.553045
v -4.132294 150.849655 3.415510
v -3.155177 151.709961 4.669828
v -2.559606 152.207306 4.872283
v -2.314252 152.328964 4.863286
v -2.050961 152.293411 4.528435
v -2.267617 151.803894 4.156772
v -2.598919 151.110931 3.237570
v -2.778023 150.209473 1.632510
v -2.324607 149.528610 -0.473264
v -0.460010 156.269974 6.120143
v -0.504705 156.465164 7.136083
v -0.821412 155.804214 5.632769
v -1.294882 156.028885 5.963006
v -0.674135 155.654800 6.510866
v -0.955086 155.536728 6.177886
v -1.228268 155.651031 6.265862
v -0.487588 156.141998 7.403643
v -2.791653 154.264496 3.299562
v -2.010715 153.426422 4.686738
v -1.384430 152.699356 5.215584
v -1.433417 152.557510 5.833723
v -1.682504 152.769089 6.186802
v -2.192441 153.770493 6.022069
v -2.859447 154.964996 4.910216
v -3.267553 155.420029 4.594536
v -4.367541 156.497467 3.786503
v -5.394523 157.159790 3.244692
v -6.039448 157.972000 2.378211
v -6.178871 159.712555 1.905547
v -5.339394 159.807037 3.458887
v -6.042068 160.561539 2.315448
v -2.369588 152.432999 5.392276
v -2.113280 152.344803 5.204453
v -1.961091 152.467850 4.710925
v -2.270920 152.685959 4.042893
v -2.773573 152.561890 2.924020
v -1.749769 150.459595 4.286544
v -1.394948 151.646408 4.962494
v -1.325573 152.501221 5.136607
v -1.531239 152.550446 5.633613
v -1.743569 152.147736 5.869516
v -2.050742 150.915482 5.510197
v -2.814803 148.794510 4.547628
v -2.867134 148.236877 3.868764
v -1.970883 149.790405 -3.003590
v -1.811067 148.735580 -1.447321
v -2.161083 160.027893 4.447823
v -3.001043 160.187668 4.739747
v -3.870674 159.985703 4.672655
v -4.472679 159.840652 4.177759
v -4.481557 158.939468 3.770918
v -3.782676 158.684341 4.244366
v -2.904463 158.777817 4.433854
v -2.182951 158.949081 4.429225
v -1.587220 159.668030 4.364959
v -0.958858 149.334457 -0.415774
v -0.754815 150.138611 1.717115
v -0.724741 150.395615 4.128963
v -0.649376 151.633652 5.300569
v -0.586013 152.591446 5.432696
v -0.666526 152.625092 6.035044
v -0.768483 152.154083 6.429886
v -0.815220 150.888916 5.866804
v -1.163683 148.279022 5.359285
v -1.141904 147.681992 4.471889
v -4.805787 159.705399 3.849684
v -4.789639 159.680496 3.680336
v -5.520077 158.997162 2.592010
v -6.155602 158.872345 1.879610
v -6.608710 158.803833 0.891627
v -3.104074 160.313232 5.475819
v -4.150582 160.246048 5.039174
v -4.807921 160.032715 4.341665
v -5.039289 159.707626 3.720102
v -4.967876 159.547470 3.352444
v -4.753848 159.330292 3.329988
v -2.001735 160.214737 5.728440
v -6.977774 158.840225 -0.397009
v -4.947042 154.338989 2.909029
v -4.517307 155.180725 3.632787
v -3.803650 155.944321 4.184505
v -2.866742 156.633942 4.496062
v -2.065120 157.325531 4.912753
v -1.400159 151.592331 6.150047
v -0.799867 151.579330 6.300653
v -0.787423 153.690521 6.826227
v -1.389524 153.472488 6.518217
v -1.920169 153.197739 6.201871
v -2.361446 152.903244 5.797238
v -2.627696 152.601761 5.379598
v -2.806191 152.382156 5.009667
v -2.934792 152.187607 4.743360
v -2.817000 152.024780 4.843553
v -2.619005 151.908417 5.129571
v -2.322396 151.769821 5.469300
v -1.919598 151.646286 5.839923
v -0.663697 159.642761 5.771069
v -1.498018 158.020523 5.418142
v -1.636651 158.335052 4.859323
v -0.882622 158.164749 6.687246
v -1.385552 157.525650 5.935192
v -1.137412 156.376846 6.395245
v -1.252231 155.830566 6.640959
v -1.365266 155.600403 6.779820
v -1.757716 156.562958 6.194953
v -1.381790 156.925217 6.436681
v -0.881398 150.178192 5.590109
v -1.543055 150.103027 5.337616
v -2.156136 150.235046 5.050375
v -2.723922 150.525894 4.780863
v -3.194460 150.922577 4.542825
v -3.494598 151.424026 4.398971
v -3.614930 151.984573 4.438946
v -3.593670 152.563385 4.650620
v -3.338570 153.151596 5.012767
v -2.927814 153.705704 5.348684
v -2.444227 154.255402 5.638175
v -1.917808 154.786331 5.683749
v -1.636249 155.112991 5.800458
v -1.814509 155.376480 6.233875
v -1.661831 155.752258 6.815856
v -0.792030 156.117859 8.069421
v -0.309891 155.438538 7.272091
v -0.259019 155.876099 6.973010
v -0.271212 156.467636 6.772580
v -0.862596 157.458618 7.312176
v -1.277858 156.008759 7.419518
v -1.059507 155.735504 7.282742
v -0.973436 155.938202 7.064922
v -0.845402 156.363617 6.868268
v -1.042585 149.277939 5.700310
v -1.820533 149.344971 5.299494
v -2.449368 149.555084 4.830554
v -3.010562 149.954895 4.377815
v -3.517853 150.492828 4.115395
v -3.863622 151.153534 4.027068
v -3.972897 151.873947 4.113410
v -3.831690 152.561935 4.326395
v -3.590945 153.309540 4.706829
v -3.179375 153.994705 5.008641
v -2.664168 154.621414 5.212583
v -2.131848 155.181137 5.258599
v -1.854188 155.496323 5.468250
v -2.025021 155.791016 5.953581
v -1.864115 156.158432 6.606502
v -1.424869 156.461334 7.208858
v -0.890510 156.797134 7.922108
v -1.123903 162.103607 6.523545
v -2.479134 162.025467 6.325688
v -3.676663 161.775635 5.594377
v -4.792475 161.329926 4.801517
v -5.521449 160.692108 3.931329
v -5.758983 160.054886 3.072557
v -2.197796 158.679031 4.474159
v -2.870192 158.470917 4.460096
v -3.880010 158.386276 4.162135
v -4.631079 158.701126 3.526267
v -5.010199 159.164185 3.050811
v -5.293735 159.438782 3.064259
v -0.891858 158.903030 5.960478
v -1.494433 159.057922 4.472533
v -1.355604 159.417923 4.494924
v -1.002474 159.500381 4.879263
v -1.153826 158.989716 5.001921
v -1.554574 147.211090 1.777128
v -6.843680 155.181885 -3.511794
v -7.007915 156.398575 -3.432918
v -7.037707 157.789780 -3.617593
v -6.673353 153.613388 -4.208729
v -6.838656 154.088699 -3.558707
v -3.681771 148.212112 0.592484
v -4.912500 149.400421 -0.400039
v -6.666840 152.351715 -2.883399
v -6.554155 154.363785 -1.333155
v -6.746826 153.062607 -3.527624
v -6.759578 154.899551 -2.444869
v -1.430249 146.672485 0.966508
v -4.562670 148.741989 -1.721815
v -5.165064 150.243149 0.928031
v -3.885539 148.885040 1.864594
v -1.818409 147.518890 3.021804
v -3.338335 147.627625 -0.665603
v -6.350435 144.113953 -4.460390
v -6.011386 145.779114 -3.358678
v -5.355872 147.380386 -2.466311
v -6.357544 151.538681 -2.231000
v -6.291275 153.658386 -0.333009
v -7.016560 157.575027 -2.019805
v -7.105977 160.523270 -1.670340
v -5.847560 152.916931 0.474549
v -6.477226 152.476059 -1.214817
v -6.697617 153.252060 -2.003297
v -6.774458 153.834854 -2.891762
v -5.974879 150.790268 -1.594105
v -5.727042 150.004440 -2.715320
v -6.253329 148.858002 -3.744492
v -6.389655 147.561951 -4.905495
v -6.591582 146.116653 -6.084791
v -6.163735 151.710724 -0.451435
v -3.727234 167.422897 3.274394
v -1.944909 168.091110 3.955107
v -5.165779 166.402969 2.190042
v -6.176475 165.060501 0.887567
v -6.773682 163.612259 -0.295248
v -5.738004 154.018661 1.352101
v -6.195143 154.822037 0.454243
v -6.558980 155.609940 -0.772201
v -6.716733 156.172668 -2.164781
v -7.044139 162.060364 -1.179892
v -3.228777 148.336349 2.282830
v -2.988958 147.797546 1.050864
v -2.752167 147.192978 -0.081174
v -4.681514 146.797623 -1.934869
v -3.935695 148.173111 -1.229149
v -4.330791 148.751511 0.107604
v -4.593006 149.463608 1.437268
v -2.578018 147.846313 2.688112
v -2.286575 147.439468 1.456869
v -2.101724 146.864120 0.485042
v -0.998935 147.389816 3.254275
v -0.809597 147.145157 2.001027
v -0.759276 146.636902 1.351578
v -7.187704 159.036942 -1.923118
v -1.030412 143.297058 -0.595025
v -0.847670 145.155975 0.648052
v -5.414436 145.137527 -2.643571
v -5.845981 143.375381 -3.571911
v -1.621610 145.204727 0.209095
v -2.433540 145.383545 -0.332636
v -3.140463 145.768982 -0.975174
v -3.904087 146.238113 -1.471495
v -2.000622 143.368149 -0.805459
v -2.942700 143.626678 -1.093987
v -3.828356 144.040588 -1.464807
v -4.681939 144.546646 -1.990021
v -1.357821 141.631348 -1.369282
v -2.412929 141.728622 -1.372787
v -3.330425 141.956039 -1.675713
v -4.181558 142.289368 -2.168243
v -5.011616 142.759430 -2.803574
v -6.576246 144.986725 -5.313098
v -6.348572 146.570862 -4.134590
v -5.883213 148.050308 -3.068930
v -5.176124 149.341141 -2.197191
v -5.464498 150.081253 -0.993834
v -5.682596 150.987961 0.258264
v -5.411765 152.204422 1.321532
v -5.190236 153.336121 2.135995
v -1.686393 159.348465 4.254521
v -2.264820 159.590271 4.159870
v -2.244732 159.219986 4.046831
v -2.816948 159.096603 4.280624
v -3.665846 158.987335 4.202310
v -4.251741 159.214661 3.840253
v -4.542800 159.519104 3.496567
v -2.842620 159.848434 4.431447
v -3.733002 159.862427 4.387887
v -4.286261 159.686859 3.928869
v -1.918214 159.337616 4.182380
v -2.211400 159.626541 4.108098
v -2.312952 159.197067 4.042898
v -2.682042 159.007080 4.175700
v -3.560683 158.580597 3.879066
v -4.325469 159.017349 3.515347
v -4.581069 159.540604 3.239068
v -2.664836 160.016876 4.323326
v -3.629667 160.487091 4.159845
v -4.448773 160.053772 3.587221
v -1.912486 159.495285 3.601650
v -2.019340 160.006439 3.772399
v -2.147758 158.998383 3.701081
v -2.667404 158.607620 3.803491
v -2.549414 160.488831 4.045163
v -2.045059 159.348297 4.054860
v -2.168466 159.621185 4.082003
v -2.194975 159.353775 4.021557
v -2.151416 159.702835 4.018888
v -2.332623 159.182892 4.033900
v -2.347003 159.121155 4.001104
v -2.441934 159.093735 4.077058
v -2.446977 159.007294 4.033947
v -2.271520 159.745316 4.132554
v -2.267468 159.854172 4.101541
v -1.935519 160.282104 3.186947
v -4.438734 160.367905 2.907990
v -1.994599 158.928268 3.088672
v -4.376679 158.898956 2.788855
v -4.546417 159.658035 2.551240
v -3.715707 158.451965 2.538754
v -1.785078 159.613724 2.967556
v -3.783326 160.961823 2.753370
v -3.730787 159.795044 1.766647
v -2.401017 160.863937 2.901249
v -2.272949 159.759079 2.060537
v -2.466719 158.515320 2.691907
v -1.831193 159.472351 4.343602
v -1.749016 159.283310 4.375494
v -1.840080 159.465759 4.204372
v -1.905568 159.482391 4.112164
v -2.054186 159.219910 4.027035
v -1.893736 159.254776 4.145847
v -7.868999 159.168732 -6.519208
v -7.402282 159.647827 -6.685702
v -7.320804 160.708878 -7.370971
v -7.174417 162.001221 -8.225866
v -6.683247 163.267609 -9.142257
v -5.810953 164.447617 -10.108884
v -4.376307 165.597763 -11.112101
v -2.342005 166.400513 -11.895376
v -7.878347 159.616882 -6.083871
v -7.518169 160.450668 -6.154142
v -7.531565 161.877182 -6.486508
v -7.416754 163.509323 -7.016998
v -7.042339 165.039093 -7.589643
v -6.257687 166.565613 -8.280612
v -4.775803 168.091171 -8.950818
v -2.527589 169.082138 -9.326974
v -2.028281 159.520767 4.078835
v -2.127730 159.557678 4.009246
v -7.359605 158.100235 -4.373410
v -7.203430 154.944183 -4.299155
v -7.103994 155.329269 -4.439995
v -6.948297 155.568192 -3.931306
v -7.759843 155.219879 -5.107284
v -7.482334 155.692398 -5.127833
v -7.347509 156.321045 -4.141139
v -7.027225 157.531387 -5.110459
v -7.448272 158.068619 -4.859762
v -6.989573 156.974548 -5.674784
v -6.894877 157.400726 -6.158559
v -7.182775 153.581253 -4.373532
v -7.042366 153.503159 -5.309111
v -7.660051 153.921616 -5.206023
v -8.913021 159.395248 -6.722802
v -8.702105 160.014435 -6.602743
v -8.883663 158.856537 -7.343410
v -8.488236 159.286011 -7.441552
v -8.782887 157.741623 -7.469427
v -8.207601 157.942764 -7.773789
v -8.680840 156.485214 -7.166596
v -8.049833 156.495941 -7.309656
v -8.051642 154.646576 -5.943066
v -7.445425 154.333145 -6.030551
v -8.412388 159.208923 -7.008996
v -7.740258 155.948624 -5.879520
v -8.070322 156.336304 -6.300450
v -7.946256 155.546997 -5.841144
v -8.369024 155.992523 -6.344168
v -8.569924 156.756790 -6.691647
v -8.283129 156.920120 -6.425229
v -7.575310 157.676300 -6.037451
v -8.441136 158.060425 -6.833275
v -7.061211 158.313385 -5.154854
v -6.613943 157.870102 -5.391370
v -6.632716 156.346420 -4.052559
v -6.631548 155.741531 -4.017130
v -6.421163 155.644821 -4.463186
v -6.633608 155.795822 -5.383883
v -7.353005 156.328949 -5.934104
v -7.579113 156.723511 -6.338109
v -8.596804 158.774445 -7.509207
v -8.415734 157.777039 -7.462586
v -8.405057 155.475616 -6.656964
v -7.721781 155.262161 -6.782492
v -7.093329 154.222549 -4.346427
v -7.680927 154.554428 -5.194319
v -7.926175 155.092072 -5.948971
v -8.248338 155.773026 -6.538520
v -8.467666 156.627304 -6.988791
v -6.404720 156.618561 -5.093594
v -5.665104 156.070877 -4.056801
v -8.236913 157.764236 -6.292835
v -7.250402 158.909134 -5.304708
v -7.849859 158.799622 -4.964936
v -7.832687 158.911484 -4.513339
v -7.855254 157.034058 -6.397136
v -6.977748 157.273636 -4.595929
v -7.982597 158.630661 -6.082477
v -8.183561 158.867004 -6.424863
v -7.546277 158.381058 -5.785834
v -8.559229 159.992050 -5.616456
v -8.745665 159.593094 -5.893819
v -8.292995 159.645874 -6.247760
v -7.865454 159.389175 -5.638631
v -8.334052 159.353012 -5.271772
v -8.241201 159.587357 -4.911686
v -7.403109 157.222702 -4.249486
v -2.215822 159.217422 4.025371
v -2.284569 159.214691 4.007845
v -2.168386 159.196808 3.874152
v -2.082178 159.392441 3.861317
v -2.039023 159.611053 3.863041
v -3.609904 137.866669 0.136140
v -4.224502 136.043350 1.017981
v -3.424192 146.849701 -11.110079
v -5.700831 142.937820 -15.643812
v -7.403205 146.509659 -8.970844
v -11.263481 143.973877 -11.719861
v -8.024620 146.031281 -7.891188
v -12.137794 143.809586 -10.024316
v -7.996148 143.711792 -6.035754
v -11.683270 141.573517 -6.546421
v -10.896875 140.683182 -4.930067
v -6.934353 138.669540 -1.047406
v -8.240577 137.106461 -0.427399
v -13.075372 139.577103 -4.392918
v -14.318763 141.070526 -6.056540
v -14.851391 142.401123 -11.253974
v -13.791031 142.531235 -13.234189
v -6.875365 140.487244 -17.723289
v -8.160245 144.932404 -6.909184
v -12.247086 142.876404 -8.208164
v -15.098914 142.016220 -8.745743
v -4.952161 146.732101 -10.590095
v -8.154381 143.403748 -14.761160
v -9.931938 141.620941 -17.111732
v -1.845964 146.962479 -11.397034
v -2.966338 142.317352 -15.819139
v -3.641671 139.473129 -17.372349
v -6.334717 146.632996 -9.888818
v -9.999313 143.747162 -13.345456
v -12.303807 142.311829 -15.273631
v -9.092760 141.627457 -5.046930
v -9.748021 142.752396 -6.239472
v -10.117879 143.952545 -7.426525
v -10.050713 144.895264 -8.831092
v -9.405985 145.241089 -10.320679
v -8.194329 145.102493 -11.638616
v -6.498129 144.752960 -12.643812
v -4.498827 144.477859 -13.320118
v -2.318873 144.309235 -13.515836
v -5.283071 138.283646 -0.293493
v -6.252469 136.577805 0.536101
v -1.944660 137.432297 0.334719
v -2.275105 135.679153 1.221479
v -8.428164 139.155914 -2.138110
v -10.017019 137.658859 -1.718737
v -9.717583 139.794830 -3.538526
v -11.592975 138.317520 -3.187845
v -8.247766 141.028076 -3.533871
v -1.734479 138.722702 -0.521876
v -3.168183 139.173325 -0.617686
v -4.533761 139.547821 -0.941084
v -5.854279 139.920349 -1.466967
v -7.118380 140.467285 -2.246571
v -7.523604 142.698029 -5.053047
v -6.662186 141.786926 -4.088944
v -5.720911 141.146225 -3.079317
v -4.768501 140.742233 -2.316677
v -3.794161 140.451126 -1.773307
v -2.761674 140.205124 -1.371314
v -1.586638 139.988098 -1.232610
v -0.004963 158.835175 6.785869
v 0.031840 158.127274 7.395879
v -0.012441 159.494125 6.334393
v 0.064567 157.402359 8.052258
v -0.010836 160.071838 6.108479
v -0.087438 153.999588 6.699075
v -0.048619 154.727295 6.798229
v 0.071084 156.568726 8.557727
v 0.009734 160.663559 6.272346
v -0.124970 153.159805 6.876353
v 0.009216 155.162094 7.115618
v 0.066065 155.842438 8.227902
v 0.001907 161.559967 6.471662
v -0.112706 152.679062 6.603424
v 0.038751 155.447861 7.689547
v -0.029116 162.595612 6.193851
v -0.105874 152.605392 5.932522
v -0.036390 163.804886 5.899790
v -0.096581 153.350983 5.456412
v -0.038191 165.445953 5.754127
v -0.177783 147.561737 4.018932
v -0.166872 147.937378 5.037567
v -0.101197 155.604492 1.159246
v -0.079889 155.244949 4.639572
v -0.017822 167.412094 4.917674
v -0.122120 147.206375 2.687142
v -0.156937 148.756866 5.585101
v -0.215981 154.511948 -3.451534
v -0.027189 169.113373 2.956262
v -0.020684 147.123016 1.575531
v -0.142645 149.727646 5.681418
v -0.260360 150.585999 -4.407447
v -0.053077 170.158249 -0.050680
v 0.028424 145.987503 1.287074
v -0.136658 150.619553 5.728395
v -0.541502 147.615326 -3.836030
v -0.012608 170.635147 -3.655492
v -0.005322 144.316010 0.129434
v -0.140015 151.264053 6.081740
v -0.279904 148.457840 -1.171122
v 0.032460 170.171585 -7.585632
v -0.102028 142.411560 -1.010062
v -0.150748 151.855850 6.494881
v -0.187243 149.385727 0.596515
v 0.059901 168.144241 -10.989075
v -0.165722 140.685532 -1.508817
v -0.142744 152.334549 6.281860
v -0.150548 150.531067 2.947068
v 0.069577 165.075638 -12.950152
v -0.310458 150.303665 -10.708804
v -0.320972 148.294296 -11.032186
v -0.212048 139.042801 -1.041726
v -0.119278 152.690765 5.781263
v -0.144437 150.664185 5.129957
v 0.050492 162.059357 -13.613128
v -0.257494 151.956955 -10.710073
v -0.274563 145.733459 -12.443737
v -0.237673 137.787445 -0.091220
v -0.125072 152.189835 5.358974
v 0.006745 159.225372 -13.473979
v -0.091614 156.650558 -12.450697
v -0.159672 154.803406 -11.583358
v -0.223420 153.456161 -11.059868
v -0.235878 143.125824 -14.706371
v -0.233227 136.369064 0.830083
v -0.260141 140.661636 -16.517603
v 0.508484 158.428787 6.987347
v 0.900694 158.552368 6.363033
v 0.499075 159.154602 6.428409
v 0.519352 157.714478 7.630132
v 0.891006 157.851624 7.022357
v 0.734107 159.329575 5.783500
v 0.367243 159.760788 6.051094
v 1.129705 157.862015 6.326567
v 1.362659 157.792084 5.652894
v 1.155068 158.433685 5.632183
v 0.587768 156.991104 8.308335
v 1.011979 157.220963 7.756185
v 1.240316 157.221558 6.991706
v 1.285961 157.250473 6.214910
v 0.385095 160.349884 5.984848
v 0.711091 159.905869 5.569278
v 1.015011 159.233734 4.823292
v 0.844103 159.528687 5.141318
v 1.035027 158.915802 5.273267
v 1.686587 157.684174 5.084211
v 1.523732 157.313934 5.580875
v 1.865793 157.177780 5.020526
v 1.301138 158.672028 4.882380
v 1.495889 158.237869 5.070824
v 0.264919 153.559769 6.717651
v 0.624329 154.005417 6.779716
v 0.259160 154.384048 6.761160
v 0.532388 154.734024 6.706298
v 0.173817 155.049805 6.822839
v 0.525643 156.119629 8.387385
v 0.979762 156.465836 8.170391
v 1.309549 156.660187 7.627980
v 1.419232 156.661530 6.944218
v 1.397433 156.891678 5.917267
v 1.650731 156.909088 5.419751
v 0.395446 161.048691 6.366982
v 0.872018 160.546982 6.136451
v 1.041100 159.700134 4.570984
v 1.061768 160.099991 4.964819
v 1.309500 159.273621 4.474404
v 1.209928 159.430740 4.497188
v 1.192736 158.993454 4.620064
v 2.122894 157.539368 4.596238
v 1.850827 158.034546 4.626469
v 2.375245 157.026428 4.539128
v 2.074651 156.652542 4.957440
v 2.618903 156.483948 4.554118
v 1.537324 158.777634 4.490277
v 1.625448 158.461548 4.586595
v 0.171929 152.937744 6.736782
v 0.527107 153.295151 6.772382
v 0.923863 154.364426 6.537997
v 0.879520 153.558167 6.650877
v 1.220896 153.834579 6.401756
v 0.351570 155.315628 6.970428
v 0.218296 155.291016 7.349441
v 1.126246 154.702057 6.185354
v 0.819826 155.031937 6.493241
v 0.368659 155.601974 7.927953
v 0.752496 155.860596 7.966083
v 1.119850 156.085663 7.769422
v 1.419188 156.202209 7.388655
v 1.622805 156.276810 6.866675
v 1.672563 156.375244 6.366345
v 1.448870 156.605637 6.332682
v 1.596455 156.493149 5.994055
v 1.578274 156.605820 5.614353
v 1.748419 156.416153 5.226520
v 2.236590 156.083023 4.934222
v 0.500209 162.070648 6.426191
v 0.921321 161.509216 6.496847
v 1.421114 160.958801 6.372341
v 1.384959 160.250900 5.560437
v 1.952205 160.472733 6.025527
v 1.417138 159.526703 4.394839
v 1.454120 159.742844 4.395271
v 1.589679 160.014160 4.651845
v 1.906225 160.239578 5.050641
v 1.457597 159.369629 4.396727
v 1.539689 159.209198 4.412539
v 1.565702 159.307220 4.297276
v 2.761805 157.441666 4.302632
v 2.995126 156.901749 4.173996
v 2.127586 158.338425 4.484426
v 2.455859 157.936554 4.451161
v 2.774590 155.883804 4.616121
v 3.349932 155.746262 4.291418
v 3.205663 156.343384 4.211608
v 1.710366 158.978745 4.449755
v 1.917872 158.628845 4.474010
v 1.996169 158.761658 4.458828
v 0.100615 152.578842 6.268294
v 0.377965 152.744797 6.459844
v 0.723581 152.956284 6.543621
v 1.074876 153.115356 6.479465
v 1.411376 153.300354 6.314213
v 1.780168 153.451553 6.065705
v 1.632477 153.949280 6.101192
v 0.468962 155.521408 7.532912
v 0.438044 155.643768 6.776169
v 0.364010 155.593567 7.141994
v 0.581811 155.359863 6.653562
v 1.258638 154.958832 5.950588
v 1.530011 154.511093 5.901540
v 1.487587 154.920151 5.619500
v 0.900882 155.222885 6.262224
v 0.741012 155.512482 6.385763
v 0.904665 155.747284 7.565482
v 1.187108 155.852234 7.403139
v 1.448669 155.870636 7.087976
v 1.728211 155.891449 6.700044
v 1.826536 156.013107 6.218568
v 1.729605 156.169174 5.791478
v 1.654864 156.234146 5.444844
v 1.743602 155.997528 5.186293
v 2.342078 155.426941 4.901608
v 2.821933 155.252991 4.715943
v 0.623871 163.147247 6.036650
v 1.172522 162.625320 6.286428
v 1.639448 162.058304 6.471878
v 2.161757 161.445480 6.353981
v 2.420370 160.317505 5.469557
v 3.069364 160.510880 5.643378
v 2.656849 160.919632 6.084131
v 1.598455 159.380249 4.266495
v 1.639252 159.543304 4.373571
v 1.742505 159.782120 4.435030
v 1.985591 160.031128 4.559028
v 2.403227 160.184357 4.840596
v 2.886967 160.218704 5.126191
v 2.056315 159.029556 4.401763
v 1.859406 159.207550 4.309129
v 1.759514 159.286987 4.183572
v 1.720517 159.284271 4.099803
v 1.580048 159.349777 4.214252
v 3.582898 157.423340 4.146346
v 3.196503 157.924194 4.355005
v 3.758424 156.835312 3.948442
v 3.866937 156.235199 3.848362
v 2.293584 158.562088 4.461938
v 2.682845 158.290985 4.445800
v 3.371246 155.099228 4.374939
v 3.923998 154.947205 3.856416
v 3.934561 155.610550 3.828395
v 2.728242 158.589737 4.487837
v 2.340349 158.811325 4.457227
v 0.116484 152.820847 5.573974
v 0.313760 152.606247 5.865721
v 0.565713 152.591049 6.121744
v 0.867823 152.702576 6.260663
v 1.214334 152.808563 6.271853
v 1.543870 152.925385 6.163512
v 1.892061 153.034546 5.939218
v 2.283546 153.101013 5.644627
v 2.187313 153.488022 5.768810
v 2.060697 153.961288 5.774233
v 1.918197 154.472549 5.592306
v 0.290595 155.932846 7.320625
v 0.631971 155.799362 7.515662
v 0.625120 155.866486 6.439288
v 0.409212 156.215164 6.439796
v 0.265048 155.976822 6.926739
v 1.502598 155.224319 6.319278
v 1.188558 155.116898 6.241816
v 1.606321 155.150024 5.936683
v 1.607367 155.284332 5.514546
v 1.807071 154.955322 5.346135
v 1.718755 155.427200 5.217072
v 1.117017 155.305878 6.391941
v 0.876756 155.455536 6.170054
v 0.688042 155.638672 6.022850
v 0.458590 155.971100 5.752061
v 0.762488 155.976898 7.252577
v 0.976831 155.766708 7.195512
v 1.229071 155.677505 7.037153
v 1.443301 155.585358 6.801541
v 1.687947 155.523972 6.479582
v 1.828792 155.568008 6.046525
v 1.778746 155.710342 5.623215
v 1.711481 155.844986 5.325459
v 1.993473 155.497314 5.048614
v 2.120526 154.963593 5.130302
v 2.415796 154.847992 4.953764
v 2.826988 154.640244 4.769509
v 3.352240 154.442047 4.445548
v 0.735172 164.555618 5.894067
v 1.376958 163.808105 5.838905
v 1.951796 163.218842 5.960963
v 2.477344 162.569443 6.134110
v 2.929818 161.872253 6.042670
v 3.375172 161.332642 5.790802
v 3.464503 160.258957 5.249694
v 4.048735 160.334869 5.117122
v 3.737494 160.774979 5.462011
v 1.688784 159.429260 4.135507
v 1.792357 159.461838 4.189488
v 1.933208 159.553864 4.330318
v 2.122663 159.802414 4.462523
v 2.394542 160.127960 4.591139
v 2.811045 160.098099 4.816749
v 3.304259 160.028458 4.986176
v 3.817823 160.072800 4.951613
v 2.752357 158.838013 4.477314
v 2.402013 159.025970 4.399017
v 2.152145 159.190613 4.203181
v 2.003296 159.222015 4.058864
v 1.920966 159.225601 4.043442
v 1.906739 159.240631 4.068750
v 1.728574 159.339508 4.136886
v 4.512672 157.439880 3.662991
v 4.597887 156.775024 3.571428
v 3.821556 158.122238 4.149918
v 3.217525 158.351227 4.403777
v 4.526574 155.475769 3.268535
v 4.564418 156.125198 3.374563
v 3.854236 154.275665 3.909929
v 4.294459 154.085953 3.199883
v 4.444398 154.789795 3.207410
v 3.684619 158.537170 4.312031
v 3.184894 158.678513 4.480204
v 0.357947 154.167328 5.333628
v 0.461480 153.286072 5.368087
v 0.550512 152.776642 5.468762
v 0.733409 152.587509 5.712708
v 0.993667 152.577423 5.916815
v 1.305189 152.578873 6.008541
v 1.618233 152.671127 5.924980
v 1.941195 152.700760 5.758228
v 2.285480 152.733139 5.512436
v 2.642555 152.746948 5.262259
v 2.635448 153.085007 5.367855
v 2.547385 153.460159 5.433797
v 2.435539 153.917969 5.440859
v 2.283467 154.446045 5.315389
v 0.257940 156.271744 6.957901
v 0.419913 156.202042 7.256793
v 0.668788 156.581284 5.811859
v 0.901838 156.353378 6.544508
v 0.453542 156.609863 6.560853
v 1.335407 155.374039 6.562410
v 1.156410 155.566376 6.715372
v 1.053260 155.615952 6.434754
v 1.005726 155.746506 6.161255
v 0.935422 155.746353 5.479179
v 1.109071 156.100784 6.001376
v 0.600251 156.376053 6.987045
v 0.850498 156.096512 6.939297
v 1.012780 155.828400 6.835964
v 2.604976 154.316223 5.041379
v 2.969592 154.090103 4.781396
v 3.346219 153.847961 4.456985
v 3.775981 153.632904 4.003018
v 0.858677 166.363266 5.387405
v 1.621715 165.358780 5.592297
v 2.244989 164.498947 5.568329
v 2.784297 163.790787 5.516502
v 3.279368 163.081131 5.530776
v 3.726912 162.318497 5.488306
v 4.452225 160.985916 5.089937
v 4.123963 161.639633 5.299621
v 4.268386 160.088150 4.741984
v 4.695820 160.091934 4.404639
v 4.632031 160.399261 4.785947
v 1.848756 159.422470 4.059925
v 1.831514 159.490326 4.045436
v 1.974031 159.520737 4.061158
v 2.186719 159.602524 4.280163
v 2.475043 159.772324 4.572845
v 2.801883 159.976166 4.786685
v 3.245625 160.029053 4.833907
v 3.700022 159.905258 4.782804
v 4.117145 159.888275 4.678050
v 4.471268 159.858917 4.447820
v 3.626376 158.809143 4.379635
v 3.167877 158.858002 4.441004
v 2.764215 158.995087 4.371685
v 2.416108 159.155914 4.204242
v 2.217342 159.195450 4.079600
v 2.140688 159.201218 4.060144
v 2.081827 159.210846 4.051134
v 2.051852 159.246048 4.055751
v 1.972026 159.308289 4.082884
v 5.134228 158.030869 2.966061
v 4.520178 157.998917 3.629724
v 5.366177 157.488647 3.042558
v 5.404257 156.745697 2.992177
v 5.286806 155.987732 2.845551
v 4.653826 158.442261 3.461895
v 4.164795 158.447144 3.925188
v 4.956391 154.604340 2.552746
v 5.169954 155.334610 2.696600
v 4.116686 153.382431 3.283565
v 4.532781 153.048920 2.457574
v 4.701345 153.857086 2.445972
v 4.410341 158.766357 3.761652
v 4.051471 158.784637 4.152817
v 0.307756 147.744232 4.578961
v 0.262162 147.381683 3.349044
v 0.732020 147.574249 3.962604
v 0.335069 148.291748 5.403231
v 0.822692 147.974930 4.988695
v 1.093923 155.430420 -0.789041
v 1.563094 155.463791 1.956250
v 0.565599 155.396484 3.102863
v 1.074551 154.984344 4.770051
v 1.008781 153.823959 5.130118
v 0.931296 153.136856 5.170454
v 0.969039 152.693741 5.312272
v 1.121360 152.489105 5.516309
v 1.362673 152.451141 5.678292
v 1.662606 152.447250 5.659765
v 1.966786 152.472595 5.530473
v 2.237953 152.460175 5.341959
v 2.530846 152.423538 5.134094
v 2.847630 152.349594 4.909379
v 2.969631 152.643478 4.993311
v 2.968724 152.980911 5.056089
v 2.886565 153.361435 5.077507
v 2.790130 153.812912 5.093530
v 1.041795 155.955597 6.522019
v 3.139444 153.626846 4.745888
v 3.418125 153.357422 4.411748
v 3.689516 153.061111 4.065410
v 4.006092 152.704025 3.514815
v 0.974330 168.249817 4.046053
v 1.828435 167.146362 4.650956
v 2.549862 166.069504 4.892843
v 3.174613 165.131317 5.007341
v 3.637570 164.286728 4.888999
v 4.067523 163.467804 4.805771
v 4.433420 162.601257 4.718606
v 4.779737 161.809769 4.595442
v 5.173778 160.463959 4.281603
v 5.100097 161.116943 4.472739
v 4.759164 159.826370 4.118447
v 5.020785 159.693405 3.670104
v 5.121118 160.059311 3.945290
v 1.970106 159.427200 4.036331
v 1.902815 159.507431 4.019569
v 1.979119 159.567612 4.029574
v 2.149427 159.614975 4.095236
v 2.420150 159.697632 4.307749
v 2.797881 159.804245 4.634840
v 3.204711 159.800186 4.829050
v 3.664795 159.847977 4.746556
v 4.043871 159.906906 4.557559
v 4.351357 159.772675 4.361638
v 4.608453 159.725815 4.171187
v 4.768892 159.673569 3.940314
v 4.301725 159.047729 3.960887
v 3.975095 158.960815 4.180981
v 3.582347 158.933029 4.273806
v 3.154490 158.944595 4.324319
v 2.726032 158.993912 4.256133
v 2.368130 159.082138 4.130030
v 2.234313 159.146118 4.060374
v 2.203701 159.182220 4.053138
v 2.189854 159.199326 4.056402
v 2.181275 159.223404 4.050797
v 2.085582 159.334061 4.059606
v 5.484910 158.742920 2.485811
v 5.074696 158.572952 2.966220
v 5.700342 158.222412 2.385120
v 5.943231 157.641907 2.272465
v 6.026204 156.920593 2.152471
v 5.667721 155.204575 1.913535
v 5.922456 156.026093 2.051829
v 5.069907 158.966476 2.950366
v 4.722160 158.828491 3.312709
v 5.149016 153.586487 1.691728
v 5.386694 154.429504 1.773232
v 4.467956 152.194092 2.686478
v 4.916787 151.697952 1.704419
v 5.032569 152.675522 1.679733
v 4.729978 159.152390 3.282500
v 4.529775 159.088760 3.629580
v 0.280191 147.144211 2.080236
v 0.643954 147.219025 2.639060
v 1.263345 147.747116 4.436912
v 1.087488 147.428177 3.208640
v 1.606618 147.682465 3.728720
v 0.296488 149.217926 5.743590
v 0.805729 148.747665 5.611207
v 1.316233 148.361267 5.280535
v 1.798799 148.080215 4.808433
v 1.152337 152.204254 -4.157472
v 2.843654 153.763153 -2.428801
v 2.901548 154.740250 2.127910
v 2.276204 154.590851 3.822314
v 1.731786 155.165176 3.953421
v 1.651568 154.228409 4.630192
v 1.511608 153.515945 4.828315
v 1.345176 152.961533 4.914742
v 1.345928 152.606171 5.093147
v 1.472565 152.415115 5.256768
v 1.698337 152.354126 5.336227
v 1.979516 152.273804 5.249738
v 2.211958 152.318222 5.120233
v 2.438698 152.262100 4.956643
v 2.683875 152.189194 4.776581
v 2.897225 152.056824 4.634872
v 3.076862 152.210785 4.672029
v 3.241457 152.453888 4.721725
v 3.270563 152.790451 4.734221
v 3.239241 153.182648 4.751350
v 3.473196 152.913803 4.406781
v 3.672046 152.580750 4.099882
v 3.945032 152.142014 3.739139
v 4.195005 151.506866 3.060876
v 1.050524 169.636002 1.500946
v 2.008387 168.785721 2.801245
v 2.825556 167.695419 3.610341
v 3.497382 166.578674 3.935142
v 4.038201 165.559967 4.049679
v 4.463238 164.623596 4.035058
v 4.830438 163.718704 3.959842
v 5.074060 162.737457 3.860353
v 5.550996 161.101868 3.700036
v 5.291471 161.841675 3.772049
v 5.427037 159.860199 3.345435
v 5.609079 160.426620 3.601339
v 4.865979 159.540436 3.594931
v 4.924771 159.342484 3.260387
v 5.193286 159.423111 3.207845
v 2.080193 159.460480 4.017419
v 2.048866 159.544296 4.023800
v 2.054090 159.593628 4.019540
v 2.089301 159.664001 4.035272
v 2.239521 159.788132 4.150305
v 2.696360 159.876022 4.413262
v 3.145550 159.806961 4.615422
v 3.584066 159.716995 4.617350
v 3.964320 159.635056 4.477651
v 4.303041 159.672409 4.297966
v 4.540634 159.728622 4.051686
v 4.688871 159.644455 3.917553
v 4.757307 159.548447 3.623273
v 4.604774 159.320679 3.552140
v 4.432021 159.241241 3.736896
v 4.197570 159.142380 3.950727
v 3.890548 159.037216 4.104208
v 3.517277 158.795151 4.165223
v 3.001207 158.684174 4.157435
v 2.312360 159.071106 4.071598
v 2.447418 158.967407 4.092420
v 2.214960 159.121521 4.006622
v 2.252991 159.104935 4.036516
v 2.056613 159.215134 3.908771
v 2.097516 159.342087 3.998396
v 2.153697 159.157944 3.975703
v 5.707523 159.353546 2.443200
v 5.396786 159.076385 2.669077
v 5.820257 158.998154 2.087486
v 6.063506 158.531464 1.811024
v 6.284005 157.954727 1.502676
v 6.432034 157.243729 1.174634
v 6.275432 156.221375 0.953638
v 5.732970 154.273010 0.915742
v 5.899614 155.186539 0.942053
v 5.311406 159.269104 2.888232
v 5.020413 159.179382 3.056619
v 5.442809 152.350067 0.784044
v 5.559639 153.321701 0.865946
v 4.797803 150.630524 1.591889
v 5.173038 150.439148 0.519212
v 5.348127 151.378784 0.699983
v 4.761099 159.341400 3.427955
v 0.376999 146.616623 1.417389
v 0.623858 147.105118 1.505090
v 0.967162 147.176788 1.940965
v 1.394789 147.328369 2.435818
v 2.155601 147.993546 4.170413
v 1.877886 147.639496 2.935720
v 2.417510 147.991180 3.415874
v 0.239798 150.199539 5.690699
v 0.674313 149.684311 5.689401
v 1.163295 149.240860 5.561031
v 1.677238 148.891739 5.304055
v 2.167845 148.626251 4.937047
v 2.580992 148.491501 4.418826
v 0.987496 149.278122 -3.949908
v 1.953874 150.640625 -3.503334
v 2.925507 151.733383 -2.405524
v 3.368552 152.164658 -0.898936
v 3.376990 153.597427 0.153738
v 3.092474 153.110458 1.663315
v 2.805560 153.723083 2.934150
v 2.205045 153.793686 4.119565
v 1.919705 153.192108 4.420997
v 1.666969 152.761414 4.608216
v 1.648233 152.489716 4.800595
v 1.787661 152.343979 4.921828
v 1.983249 152.224792 4.964873
v 2.203737 152.223312 4.910903
v 2.394188 152.194855 4.813192
v 2.540992 152.130493 4.730768
v 2.674268 152.005264 4.699333
v 2.742483 151.777359 4.725487
v 2.992259 151.804352 4.559032
v 3.221752 151.965973 4.476729
v 3.403418 152.203323 4.460078
v 3.479838 152.525040 4.431382
v 3.631371 152.182724 4.179970
v 3.803926 151.724564 3.905830
v 3.933365 151.123032 3.479000
v 3.953450 150.431122 3.102335
v 4.288167 150.619781 2.483679
v 1.176233 170.386795 -1.808586
v 2.240508 169.838287 -0.132734
v 3.135176 169.020126 1.298171
v 3.866973 167.945053 2.311812
v 4.434929 166.794907 2.796592
v 4.871587 165.727280 2.969486
v 5.229926 164.739792 2.991041
v 5.503761 163.748947 2.939937
v 5.574496 162.752716 2.846508
v 5.654309 161.777054 2.835708
v 5.827395 160.221024 2.859998
v 5.800381 160.949036 2.846775
v 5.603164 159.609924 2.837962
v 1.981472 159.489731 3.862195
v 2.019239 159.564468 3.918541
v 2.043408 159.638351 3.956518
v 2.066463 159.691940 3.992891
v 2.113484 159.758667 4.049496
v 2.292224 159.909348 4.152036
v 3.009679 160.168137 4.400689
v 3.540704 159.918152 4.450801
v 3.880771 159.649460 4.297401
v 4.177482 159.541504 4.141892
v 4.420843 159.461029 3.953225
v 4.640566 159.481888 3.778926
v 4.321957 159.296356 3.731565
v 4.454249 159.388626 3.639767
v 3.935205 158.652710 3.739298
v 4.186305 159.050415 3.817152
v 2.969203 158.415329 3.844725
v 2.666835 158.724442 4.056301
v 2.338076 158.974991 4.002001
v 2.400728 158.971069 4.060004
v 2.460568 158.825546 3.982819
v 2.067096 159.075882 3.837420
v 2.233003 158.969223 3.901604
v 1.896602 159.204346 3.608663
v 1.923540 159.406769 3.759911
v 5.960706 159.906952 2.225692
v 6.071564 159.496735 1.695338
v 6.254889 159.014343 1.219974
v 6.514328 158.483887 0.722714
v 6.722687 157.852249 0.059863
v 6.172557 155.095383 -0.051084
v 6.397976 156.144592 -0.310699
v 5.852874 153.068909 -0.044662
v 6.005030 154.075348 0.024185
v 5.661538 151.112152 -0.321191
v 5.763539 152.054092 -0.173036
v 4.314319 149.750229 2.183409
v 4.602774 149.734634 1.279737
v 4.762997 149.653381 0.132462
v 4.819118 149.684982 -0.937658
v 5.348344 150.290268 -0.625671
v 0.428348 145.253204 0.770017
v 0.783314 146.075272 1.048117
v 1.006375 146.651352 1.138660
v 1.219146 147.118774 1.277618
v 1.618420 147.321503 1.665946
v 2.094832 147.617477 2.121419
v 2.849947 148.490051 3.762420
v 2.576474 148.050919 2.590456
v 3.059887 148.516708 3.007480
v 0.203032 150.913727 5.914483
v 0.555674 150.542053 5.697152
v 0.936232 150.087402 5.515447
v 1.390880 149.683517 5.360761
v 1.878480 149.377563 5.158237
v 2.358000 149.200455 4.869309
v 2.795405 149.066360 4.435917
v 3.121929 149.043671 3.918028
v 0.913118 147.579468 -1.694276
v 1.652138 148.894485 -2.398590
v 2.228350 150.000046 -2.288485
v 3.066961 151.030014 -1.701266
v 3.478096 150.693726 -0.195621
v 3.243927 152.127838 0.717401
v 2.825718 152.143173 2.140471
v 2.762399 152.812485 2.789718
v 2.470717 153.189224 3.666337
v 2.110301 152.824203 4.115249
v 1.877683 152.554276 4.366043
v 1.842293 152.386581 4.540576
v 1.951789 152.287811 4.652142
v 2.147635 152.212646 4.707596
v 2.293263 152.181946 4.718504
v 2.427050 152.140228 4.742722
v 2.480473 152.036819 4.816296
v 2.484900 151.856064 4.920208
v 2.489037 151.539230 4.989193
v 2.781784 151.442764 4.727251
v 3.032998 151.476944 4.495115
v 3.277712 151.630005 4.347289
v 3.517255 151.870529 4.249952
v 3.589776 151.431717 4.060711
v 3.641793 150.862473 3.825547
v 3.623276 150.262238 3.595868
v 3.610065 149.648270 3.444998
v 3.950572 149.716110 2.877587
v 1.306918 170.504395 -5.621058
v 2.465610 170.276764 -3.677716
v 3.495916 169.668900 -1.893161
v 4.341023 168.861679 -0.377706
v 4.918150 167.827011 0.767266
v 5.328462 166.689774 1.477231
v 5.612590 165.575806 1.791621
v 5.846232 164.531036 1.867946
v 5.987971 163.521194 1.838492
v 6.062878 162.530777 1.828577
v 6.027309 160.653732 2.037666
v 6.045115 161.536209 1.903756
v 1.981943 159.689514 3.844007
v 1.847216 159.741211 3.646582
v 2.027158 159.845657 3.925763
v 2.079483 159.820114 4.011873
v 2.169133 159.869644 4.075364
v 2.315512 160.117462 4.104064
v 2.608904 160.203949 4.241204
v 2.985857 160.586929 4.078462
v 4.034853 160.216980 3.968375
v 4.214474 159.700851 3.966564
v 4.322777 159.479126 3.820297
v 4.410616 159.415146 3.594388
v 4.403217 159.173813 3.478683
v 4.270203 158.798355 3.254860
v 4.003029 158.491425 2.837005
v 3.532441 158.271774 3.352313
v 3.039894 158.219406 2.642959
v 2.557280 158.327988 3.354192
v 2.265661 158.696548 3.724996
v 1.955934 158.854095 3.371709
v 1.778012 159.141861 2.930900
v 1.744076 159.524155 3.304456
v 6.201823 160.203156 1.333906
v 6.387066 159.682281 0.684315
v 6.642676 159.181290 -0.023821
v 6.876350 158.678452 -0.858505
v 6.680554 157.212830 -0.944551
v 6.895044 158.137589 -1.803820
v 6.173360 153.836746 -0.878302
v 6.266598 154.825165 -1.013870
v 6.407256 155.787720 -1.382835
v 6.527175 156.734955 -1.978221
v 6.080624 151.783905 -1.096122
v 6.099741 152.807846 -0.948269
v 5.450906 150.342850 -1.539555
v 5.859005 150.967194 -1.297894
v 3.723957 149.051437 2.604704
v 3.955653 149.099930 1.800911
v 4.127780 149.088974 0.841716
v 4.208330 149.071487 -0.200624
v 4.284377 149.086212 -1.165120
v 4.580789 149.015900 -2.035078
v 4.945492 149.782791 -1.804298
v 0.415234 143.293472 -0.473121
v 0.809087 144.393448 0.012591
v 1.096649 145.415268 0.389888
v 1.331925 146.189301 0.623326
v 1.500322 146.785446 0.720582
v 1.789755 147.286621 0.931100
v 2.272986 147.613449 1.323141
v 2.753609 148.062073 1.755074
v 3.426716 149.047913 3.294847
v 3.241792 148.559753 2.196208
v 0.181675 151.594620 6.314771
v 0.503922 151.256638 6.124268
v 0.861539 150.819824 5.838897
v 1.196880 150.428070 5.505931
v 1.573708 150.066086 5.207340
v 2.021501 149.823944 4.987590
v 2.448935 149.693512 4.703820
v 2.864311 149.619476 4.365273
v 3.255657 149.599396 3.953394
v 0.266002 149.326218 -0.485200
v 0.850411 148.849609 -0.837793
v 1.831880 149.048447 -1.068713
v 2.497207 149.601852 -0.937960
v 2.291057 149.572189 0.560073
v 3.163026 150.457657 1.504136
v 2.778668 151.535645 2.361653
v 2.397403 151.988953 3.085325
v 2.457561 152.294800 3.061570
v 2.395010 152.648804 3.532210
v 2.111214 152.522125 3.942664
v 1.956908 152.380615 4.199078
v 1.934029 152.282944 4.370075
v 2.010048 152.272507 4.490274
v 2.151263 152.222748 4.637882
v 2.235648 152.183731 4.759984
v 2.296907 152.065735 4.934395
v 2.262613 151.930939 5.099452
v 2.214132 151.688004 5.245342
v 2.143645 151.300568 5.322876
v 2.453608 151.126556 5.017889
v 2.762695 151.054581 4.695491
v 3.044057 151.082016 4.402460
v 3.340183 151.203125 4.207771
v 3.354915 150.687195 4.100972
v 3.272799 150.150711 4.010134
v 1.354754 169.296616 -9.413261
v 2.622481 169.863129 -7.547508
v 3.745103 169.775986 -5.577567
v 4.688955 169.191467 -3.712200
v 5.398537 168.387131 -2.089891
v 5.823869 167.399094 -0.817883
v 6.071358 166.313675 -0.007188
v 6.255647 165.210526 0.431445
v 6.379610 164.136353 0.647618
v 6.416846 163.103745 0.752460
v 6.408864 162.078476 0.857818
v 6.322179 161.074341 1.058446
v 1.767121 160.018921 3.007134
v 1.911285 160.197769 3.439464
v 2.164884 160.281891 3.852269
v 2.518434 160.780457 3.530782
v 3.062723 161.018875 2.855198
v 3.626506 160.818558 3.586986
v 4.164129 160.595444 2.998854
v 4.396678 160.171616 3.389265
v 4.459646 159.692230 3.520698
v 4.520446 159.441956 3.115771
v 4.393056 159.023300 2.758946
v 4.280757 159.586639 2.225919
v 3.664792 158.747208 2.043036
v 2.960921 159.697678 1.676539
v 2.331892 158.859268 2.131420
v 2.079978 158.630859 2.895873
v 1.861439 159.638824 2.418632
v 6.536607 160.520462 0.234760
v 6.792866 159.981552 -0.674637
v 6.973377 159.491333 -1.652237
v 6.725877 157.570801 -2.699582
v 7.036773 158.337128 -3.447725
v 7.045315 158.948288 -2.669546
v 6.359743 152.588562 -1.807784
v 6.390586 153.573685 -1.747651
v 6.404533 154.490768 -1.887677
v 6.451785 155.364166 -2.253294
v 6.491463 156.178177 -2.760082
v 6.723401 156.897308 -3.307911
v 5.939855 150.987534 -2.152868
v 6.262025 151.666245 -1.954716
v 5.275568 149.685944 -2.648482
v 5.586547 150.405136 -2.365354
v 3.404366 148.587280 1.326812
v 3.598189 148.516876 0.421924
v 3.736144 148.467529 -0.508425
v 3.873654 148.403564 -1.424316
v 4.574015 148.067551 -2.074966
v 5.287426 147.567093 -2.966222
v 5.269275 148.681595 -2.819804
v 0.456902 141.542389 -1.274910
v 0.913033 142.344360 -0.925486
v 1.241197 143.327423 -0.566369
v 1.450037 144.512939 -0.242784
v 1.640641 145.582916 0.020294
v 1.860553 146.388885 0.188020
v 2.046011 147.077621 0.280237
v 2.438187 147.587769 0.536536
v 2.927991 148.046692 0.912951
v 0.167656 152.143723 6.440827
v 0.508268 151.868622 6.468822
v 0.827563 151.563538 6.241724
v 1.145818 151.171951 5.966502
v 1.452340 150.776077 5.592793
v 1.791963 150.448807 5.239755
v 2.139634 150.263214 4.891141
v 2.532105 150.156464 4.579172
v 2.921319 150.131180 4.315762
v 0.479012 149.394455 0.743692
v 0.138186 150.064026 1.682878
v 0.886309 149.263443 -0.100182
v 1.272009 149.105911 -0.683378
v 1.385922 149.339218 0.163367
v 1.709428 149.365738 -0.021499
v 1.611784 149.704666 1.064824
v 2.033168 150.094406 1.858831
v 2.671871 150.472015 2.617006
v 2.495049 151.322479 3.071948
v 2.234271 152.295883 3.544261
v 2.232478 151.852203 3.493006
v 2.064173 152.197128 3.852527
v 1.940646 152.171295 4.130360
v 1.916955 152.238159 4.376780
v 1.951157 152.313782 4.543864
v 2.008900 152.274216 4.770529
v 2.035535 152.190308 5.008545
v 2.027559 152.053986 5.264858
v 1.967649 151.856995 5.493408
v 1.847649 151.554901 5.628152
v 1.672688 151.171005 5.659829
v 2.001627 150.871536 5.312500
v 2.321913 150.701111 4.965643
v 2.674414 150.623138 4.635196
v 3.031921 150.615204 4.347435
v 1.300790 166.564178 -12.108620
v 2.586542 167.831604 -10.815284
v 3.855970 168.539490 -9.145177
v 4.940447 168.669632 -7.296770
v 5.747832 168.273819 -5.431430
v 6.233531 167.562271 -3.774733
v 6.505372 166.698029 -2.466940
v 6.652809 165.720184 -1.570046
v 6.757314 164.686478 -0.998878
v 6.820093 163.633789 -0.629811
v 6.801863 162.566376 -0.369563
v 6.690490 161.506271 -0.114694
v 2.304937 160.446716 2.290363
v 2.055358 160.514648 3.040391
v 3.725040 160.509048 2.173481
v 4.482748 159.977295 2.831670
v 6.941126 160.908966 -1.177909
v 7.210973 159.786194 -3.289945
v 7.099489 160.343719 -2.266484
v 7.428974 158.813492 -4.038012
v 6.961481 157.913010 -3.957041
v 7.381546 158.351013 -4.147593
v 6.284722 151.645767 -2.733112
v 6.481703 152.413040 -2.659052
v 6.535571 153.323929 -2.562298
v 6.525333 154.155945 -2.665437
v 6.568415 154.909714 -2.907481
v 6.650417 155.648453 -3.275170
v 7.310542 156.778580 -4.153644
v 6.966583 157.298798 -3.859487
v 7.097740 156.262344 -3.692416
v 5.803950 150.312134 -3.228551
v 6.072054 151.000656 -2.909028
v 5.745070 148.267685 -3.826774
v 5.710767 149.380173 -3.578876
v 3.138056 147.945755 0.057735
v 3.302814 147.868301 -0.834485
v 3.827960 147.571625 -1.507622
v 4.614901 147.071442 -2.187352
v 5.201170 146.446823 -3.170599
v 5.633534 145.873871 -4.213804
v 5.683267 147.075638 -4.049601
v 0.523853 139.852051 -1.271512
v 1.086520 140.747009 -1.216168
v 1.494950 141.586792 -1.071178
v 1.796570 142.450851 -0.860113
v 1.972779 143.572464 -0.698408
v 2.078644 144.779816 -0.607447
v 2.232710 145.852997 -0.493535
v 2.423870 146.743820 -0.383846
v 2.671078 147.440399 -0.250665
v 0.451652 152.383957 6.249369
v 0.144353 152.591537 6.065432
v 1.095635 151.849304 6.225616
v 0.772193 152.137985 6.323874
v 1.379045 151.524643 5.983452
v 0.719631 150.101257 1.785825
v 1.074499 149.529327 0.936657
v 0.413701 150.511459 2.985792
v 0.131540 150.403046 4.131141
v 1.306094 150.204910 2.045128
v 1.938500 150.358170 3.226434
v 2.267969 150.782562 3.511483
v 2.203510 151.378479 3.728637
v 2.033452 151.836746 3.912404
v 1.858715 152.006027 4.270947
v 1.785057 152.274292 4.518972
v 1.772046 152.390564 4.772664
v 1.771678 152.367828 5.074290
v 1.748129 152.266953 5.390281
v 1.676391 152.075897 5.659650
v 1.561011 151.835281 5.875816
v 1.191249 163.470032 -13.359709
v 2.406556 164.813126 -12.674814
v 3.629221 165.967377 -11.547747
v 4.804225 166.751038 -10.117501
v 5.769598 167.107071 -8.541284
v 6.448772 166.995987 -6.836471
v 6.785263 166.507309 -5.256783
v 6.959346 165.786850 -3.958942
v 7.065306 164.943054 -3.015569
v 7.143666 164.033066 -2.354793
v 7.151921 163.064056 -1.900333
v 7.077053 161.962967 -1.565649
v 7.243354 161.272125 -2.713134
v 7.360659 159.982086 -4.384448
v 7.302948 160.641556 -3.635978
v 7.417027 159.424179 -4.128304
v 7.864029 159.041809 -4.370772
v 7.782914 159.504776 -4.544990
v 7.058445 157.182693 -4.280132
v 6.979839 157.574127 -4.364719
v 7.363849 157.895081 -4.434919
v 7.669209 158.259918 -4.743854
v 7.819607 158.615417 -4.429155
v 6.146199 151.047806 -3.747186
v 6.386840 151.760071 -3.400051
v 6.507114 152.430847 -3.311718
v 6.608799 153.129425 -3.243928
v 6.625390 153.809769 -3.177841
v 6.593906 154.439957 -3.371553
v 6.799344 155.367279 -3.714860
v 6.875974 155.829788 -3.991492
v 6.949592 156.264450 -4.308197
v 6.666288 156.813919 -4.203073
v 5.969272 149.149292 -4.635581
v 6.046546 150.201721 -4.213531
v 5.902779 146.728180 -5.054022
v 5.926798 147.962341 -4.910637
v 3.066943 147.161438 -1.003741
v 3.837163 146.638809 -1.572588
v 4.605928 145.990204 -2.322730
v 5.200588 145.270645 -3.296914
v 5.650178 144.668228 -4.302139
v 6.040537 144.246353 -5.138545
v 5.942766 145.477417 -5.136612
v 0.321916 149.381378 -10.755322
v 0.294404 151.134033 -10.579935
v 0.879963 150.261520 -10.475110
v 1.033575 148.252853 -10.878491
v 0.439833 147.027847 -11.471275
v 0.548084 138.414032 -0.592478
v 1.248691 139.253342 -0.839080
v 1.794114 140.096573 -0.986779
v 2.145748 140.916504 -1.169721
v 2.394687 141.777008 -1.201851
v 2.622898 142.779495 -1.045873
v 2.779882 143.965759 -1.004792
v 2.865753 145.162949 -1.052781
v 2.952059 146.274826 -1.053531
v 0.368983 152.689667 5.699596
v 0.111621 152.581421 5.456783
v 0.961138 152.393295 6.047235
v 0.656902 152.591278 5.932723
v 1.257237 152.100250 6.012315
v 0.943475 150.473648 3.071305
v 0.709847 150.361206 4.148710
v 0.472939 150.714203 5.063325
v 0.137503 151.613770 5.353010
v 1.222895 150.315018 4.200909
v 1.488935 150.402115 3.419855
v 1.571556 150.651764 4.325374
v 1.806838 150.753433 4.155737
v 1.913754 151.187302 4.195206
v 1.881133 151.602249 4.221516
v 1.659252 151.997437 4.534904
v 1.546796 152.337158 4.745009
v 1.496587 152.466934 5.056109
v 1.458392 152.451874 5.410473
v 1.384567 152.326202 5.747984
v 1.056699 160.600372 -13.570522
v 2.161156 161.824844 -13.351526
v 3.312926 162.998337 -12.764998
v 4.420323 164.052719 -11.793770
v 5.376015 164.875565 -10.573465
v 6.170907 165.384094 -9.232428
v 6.755246 165.545319 -7.806263
v 7.095659 165.331268 -6.394156
v 7.264533 164.805756 -5.172955
v 7.346940 164.090469 -4.228274
v 7.376146 163.262527 -3.537946
v 7.332312 162.296051 -3.060792
v 7.403025 161.535309 -3.981714
v 7.478406 159.583008 -4.933421
v 7.374302 159.784271 -5.155847
v 7.418159 160.713486 -4.683237
v 8.059995 158.865723 -4.797089
v 8.247952 159.185898 -4.726788
v 8.212673 159.633255 -4.921588
v 7.918176 159.755493 -5.280087
v 6.897006 157.242493 -4.727001
v 7.106039 157.629364 -4.813405
v 7.093277 158.119537 -4.649925
v 7.115416 158.540436 -4.806130
v 7.689556 158.808716 -4.729088
v 6.077034 150.301514 -5.296388
v 6.186508 151.271759 -4.739388
v 6.344982 152.007050 -4.178798
v 6.502203 152.594101 -3.884027
v 6.573754 153.103912 -3.734658
v 6.731874 153.465057 -3.584190
v 6.640867 154.938950 -3.742366
v 6.785865 154.054428 -3.750126
v 6.766004 154.617279 -4.131924
v 6.934451 155.208786 -4.085000
v 6.671721 155.378433 -4.013854
v 6.498541 155.548233 -3.927004
v 6.236527 155.999512 -3.890453
v 6.376720 156.964157 -4.747817
v 5.730169 156.227036 -3.866727
v 5.994472 156.296677 -4.637228
v 5.762241 147.927277 -5.820585
v 5.880218 149.179932 -5.650474
v 6.208351 145.249451 -5.943679
v 5.871685 146.567322 -5.930499
v 3.779757 145.576492 -1.602094
v 4.525026 144.830139 -2.393548
v 5.172738 144.092834 -3.340422
v 5.744347 143.521194 -4.241032
v 6.365109 143.139664 -4.901557
v 7.155955 142.964554 -5.377456
v 6.648653 144.022903 -5.803452
v 0.870148 151.876053 -10.553823
v 0.357983 152.701920 -10.844669
v 1.543131 149.280258 -10.442256
v 1.377095 151.011398 -10.243165
v 1.961621 150.071014 -10.049644
v 0.753105 144.332291 -13.532591
v 1.409997 145.626358 -12.210690
v 2.337923 148.088867 -10.485775
v 1.943057 146.951721 -11.240137
v 0.648840 137.162170 0.401550
v 1.391967 137.963333 -0.026254
v 2.041441 138.809601 -0.381675
v 2.567233 139.578720 -0.826987
v 2.866587 140.314911 -1.292040
v 3.018640 141.167160 -1.587919
v 3.194849 142.139420 -1.623455
v 3.459606 143.234253 -1.548162
v 3.650409 144.413254 -1.579611
v 0.341000 152.158615 5.310758
v 0.798029 152.649673 5.533282
v 0.543633 152.538666 5.347744
v 1.089975 152.548599 5.703602
v 0.953266 150.838135 4.872758
v 0.618518 151.584702 5.223228
v 1.261615 151.021637 4.714358
v 0.984439 151.577423 5.042538
v 1.294511 151.617767 4.860013
v 1.525993 151.196854 4.569139
v 1.623406 151.629883 4.601312
v 1.390700 152.063568 4.799896
v 1.243361 152.396362 4.999046
v 1.170670 152.558151 5.319793
v 0.903380 157.788589 -12.898085
v 1.934244 159.040848 -13.139708
v 2.976527 160.194717 -13.005552
v 4.014470 161.226639 -12.474465
v 4.960042 162.174988 -11.656657
v 5.769928 163.006363 -10.650254
v 6.415261 163.637085 -9.524834
v 6.908790 163.982788 -8.341416
v 7.226279 163.985901 -7.149889
v 7.385982 163.666336 -6.057255
v 7.473642 163.118637 -5.157160
v 7.476295 162.404633 -4.475012
v 7.471594 161.485596 -5.151637
v 7.501860 159.363541 -5.473560
v 7.310107 159.347855 -5.664068
v 7.406137 160.423660 -5.532548
v 7.629902 159.213058 -4.990255
v 8.158878 159.253967 -5.043026
v 8.519194 159.293182 -5.225761
v 8.721575 159.648193 -5.455829
v 8.496753 159.909149 -5.846195
v 7.984140 159.608154 -6.045833
v 6.826060 157.030746 -5.178304
v 6.707404 156.546082 -5.321501
v 6.693047 157.439514 -5.052567
v 6.747891 157.839172 -5.142391
v 7.070005 157.849594 -5.315950
v 7.440233 157.993942 -5.610722
v 7.304555 158.594238 -5.369897
v 5.520260 149.596054 -6.445266
v 5.826626 150.766891 -6.214033
v 6.127155 151.804367 -5.721931
v 6.318898 152.524841 -4.944328
v 6.430954 152.856766 -4.438848
v 6.450319 153.150452 -4.357456
v 6.856565 153.302216 -4.175464
v 6.935053 153.801468 -4.160873
v 7.152964 154.414413 -4.559731
v 7.561605 154.921570 -4.769503
v 7.407589 155.047302 -4.309017
v 7.427293 155.375168 -4.757732
v 7.074808 155.232727 -4.603173
v 6.611324 155.294922 -4.330789
v 6.263343 155.490982 -4.079659
v 6.138709 155.886917 -4.429211
v 6.412264 155.958038 -5.182446
v 6.475832 155.459778 -4.761090
v 5.942236 146.525009 -6.772696
v 5.378571 148.172607 -6.614671
v 7.445937 143.976105 -6.428685
v 6.706966 145.136124 -6.700638
v 4.364795 143.685516 -2.321015
v 5.078033 142.988983 -3.192657
v 5.850076 142.494186 -3.960793
v 6.673666 142.208984 -4.472174
v 7.711068 142.034988 -4.929217
v 8.910025 141.985321 -5.460862
v 8.164231 142.982437 -5.926040
v 0.669709 155.664032 -11.946975
v 1.602237 156.634583 -12.235332
v 0.472775 154.075287 -11.243364
v 1.261907 154.802094 -11.442764
v 1.016673 153.390930 -10.944184
v 1.469393 152.576477 -10.568395
v 1.894055 151.703278 -10.139062
v 2.946674 149.744156 -9.505234
v 2.674525 148.995621 -9.951465
v 2.363265 150.775055 -9.755089
v 2.137635 143.378860 -14.745255
v 1.100222 142.085464 -15.730883
v 2.835466 144.312332 -13.324817
v 3.164988 145.602798 -11.857246
v 3.544995 147.772720 -9.880476
v 3.421826 146.803802 -10.753080
v 1.670023 136.520264 0.902166
v 0.813490 135.551498 1.309420
v 2.398606 137.447098 0.427368
v 3.010095 138.349884 -0.008276
v 3.479664 139.211411 -0.445857
v 3.750971 139.897034 -1.103097
v 3.854411 140.614929 -1.711641
v 3.920902 141.551270 -2.058348
v 4.110672 142.604523 -2.217649
v 0.730216 152.119400 5.171339
v 0.908881 152.478134 5.191055
v 1.066042 152.089127 5.011346
v 2.595786 157.665802 -12.402781
v 3.592452 158.672623 -12.304801
v 4.522440 159.564026 -11.882506
v 5.329131 160.409729 -11.209977
v 6.024273 161.201157 -10.399833
v 6.589630 161.897827 -9.509753
v 7.005063 162.375870 -8.555090
v 7.268762 162.552017 -7.562108
v 7.404940 162.442062 -6.620331
v 7.479255 162.076614 -5.808485
v 7.400232 160.938660 -6.143047
v 7.533047 159.030167 -5.983445
v 7.250090 158.913635 -6.153831
v 7.315416 159.818863 -6.192877
v 7.789979 159.078293 -5.581885
v 7.540401 158.357895 -5.772400
v 8.179463 159.503708 -5.594327
v 8.633408 159.423111 -5.849404
v 8.961724 159.345474 -6.049837
v 8.928977 159.611160 -6.476328
v 7.916724 159.021454 -6.759142
v 8.444950 159.573181 -6.825711
v 6.767857 156.968887 -5.740652
v 6.726624 157.511765 -5.563836
v 6.803787 155.793793 -5.634704
v 6.861813 156.443100 -5.802822
v 6.905750 157.540848 -6.086169
v 7.719478 157.519424 -5.979764
v 7.901055 158.024139 -6.023326
v 4.889368 148.996735 -7.299736
v 5.092445 150.351349 -7.113006
v 5.467050 151.522095 -6.950481
v 5.918903 152.595871 -6.632606
v 6.240745 153.323471 -5.345330
v 6.324841 153.173080 -4.832270
v 6.451521 153.741302 -4.915905
v 6.514567 153.390747 -4.635026
v 7.182596 153.495285 -5.083365
v 7.101022 153.674896 -4.561091
v 7.426739 154.281906 -4.933257
v 7.570571 154.863602 -5.214235
v 7.717916 155.332169 -5.490755
v 7.645500 155.371292 -5.078465
v 7.611870 155.669205 -5.603443
v 7.378521 155.568024 -5.314943
v 6.962347 155.364929 -5.093632
v 7.499818 145.168335 -7.329858
v 6.277162 146.273788 -7.599853
v 9.374836 143.110489 -6.532300
v 8.480415 144.143280 -6.967005
v 4.929515 141.994278 -2.877582
v 5.914276 141.544815 -3.436720
v 7.087977 141.267517 -3.871804
v 8.342659 141.122406 -4.265954
v 11.009656 140.927734 -5.375440
v 10.191047 141.914490 -6.148632
v 9.618175 141.058578 -4.744664
v 2.113176 155.653442 -11.618876
v 3.017149 156.526779 -11.653841
v 1.730237 154.054123 -11.010842
v 2.481691 154.776688 -11.027822
v 2.094976 153.264664 -10.555225
v 2.417240 152.399551 -10.057222
v 2.774652 151.476562 -9.578497
v 3.780427 149.391251 -8.861633
v 3.709049 148.602310 -9.339821
v 3.197583 150.478424 -9.178709
v 4.582067 143.608429 -14.312459
v 3.880832 142.643356 -15.780124
v 2.835783 141.030136 -16.670036
v 1.438336 139.218628 -17.305748
v 4.890742 145.654099 -11.277624
v 4.870743 144.529205 -12.766390
v 4.680308 147.346100 -9.184700
v 4.803214 146.584045 -10.055677
v 3.567546 136.870575 0.819471
v 2.862347 135.889984 1.432715
v 4.135474 137.804398 0.213603
v 4.555166 138.650101 -0.375991
v 4.819222 139.455109 -0.947812
v 4.920339 140.226273 -1.622354
v 4.880489 140.990524 -2.355293
v 3.934995 157.329224 -11.465275
v 4.808856 158.071014 -11.093903
v 5.551062 158.838013 -10.558994
v 6.164429 159.571762 -9.917509
v 6.646914 160.250351 -9.206263
v 7.000243 160.807510 -8.456501
v 7.213029 161.132477 -7.669120
v 7.337876 161.171524 -6.873662
v 7.220581 159.964996 -6.837455
v 7.491934 158.479263 -6.454950
v 7.123225 158.132736 -6.680745
v 7.120318 158.922852 -6.702842
v 8.049603 158.640900 -6.023967
v 8.215730 159.226471 -6.158589
v 8.513489 159.487656 -6.482218
v 8.764307 159.196609 -6.636698
v 8.963539 159.022980 -6.867219
v 8.751638 158.996384 -7.368097
v 8.128686 158.508453 -7.433806
v 7.706324 157.860947 -7.012671
v 7.169675 156.362106 -6.125406
v 6.989858 156.888016 -6.219334
v 7.236758 155.852921 -5.896169
v 7.418879 156.735016 -6.356061
v 7.431399 157.157715 -6.220637
v 7.731503 156.836487 -6.378134
v 8.024956 157.148895 -6.262720
v 8.204720 157.682724 -6.293511
v 8.246490 158.441284 -6.373107
v 5.063738 147.665878 -7.763882
v 4.398069 149.063507 -8.115670
v 4.413390 150.151443 -7.801192
v 4.713552 151.321487 -7.706500
v 5.154078 152.419998 -7.612615
v 6.189334 153.684723 -6.156794
v 5.658069 153.402176 -7.422940
v 6.077392 154.288956 -7.057715
v 6.359283 154.224243 -5.163260
v 6.235596 154.743912 -5.739128
v 6.853817 154.636322 -5.243489
v 6.999888 153.859467 -5.450175
v 7.596426 154.153595 -5.905099
v 7.588875 154.175247 -5.339669
v 7.673802 154.813904 -5.632742
v 7.812671 155.324509 -5.881593
v 8.025626 155.785995 -6.083879
v 7.823437 155.756607 -5.824521
v 7.863340 156.056900 -6.127280
v 7.610202 155.961929 -6.069774
v 9.590362 144.226410 -7.768227
v 8.386791 145.141266 -8.139884
v 7.028762 145.979446 -8.373031
v 5.616726 146.928040 -8.463524
v 10.692254 143.126785 -7.404688
v 11.704644 141.856064 -7.043046
v 6.072911 140.651993 -2.580645
v 7.443487 140.492004 -2.816198
v 8.733845 140.257339 -3.290905
v 9.983749 139.960846 -3.965546
v 11.503369 139.784149 -4.514339
v 13.409387 140.147614 -4.625756
v 12.715417 140.936981 -6.059799
v 3.278210 155.476196 -10.944107
v 4.112925 156.095688 -10.713340
v 3.374892 154.525528 -10.301060
v 2.734962 153.932556 -10.481445
v 2.938805 153.077011 -9.970240
v 3.475217 151.287827 -8.983647
v 3.171831 152.218460 -9.464507
v 4.532042 148.147842 -8.589281
v 3.859273 150.250443 -8.514916
v 6.776781 143.861465 -13.366930
v 6.526982 142.992493 -14.985798
v 4.873848 139.865814 -17.487022
v 5.891835 141.739532 -16.468344
v 6.719801 144.812119 -11.882627
v 6.472255 145.650726 -10.427199
v 6.082959 146.296677 -9.300140
v 4.888309 136.206787 1.063648
v 5.401681 137.193085 0.311300
v 5.759876 138.114410 -0.386026
v 6.001947 138.946762 -1.038558
v 6.140830 139.885513 -1.655985
v 4.915686 156.738281 -10.345463
v 5.607591 157.460724 -9.870346
v 6.144686 158.172577 -9.315704
v 6.577700 158.799927 -8.709895
v 6.887509 159.337357 -8.070911
v 7.080048 159.744278 -7.434101
v 6.982098 158.634811 -7.199012
v 7.171899 157.354248 -6.620975
v 6.855453 156.911987 -6.834306
v 6.949968 157.708740 -7.073435
v 8.358875 158.621750 -6.838725
v 8.533164 158.820175 -7.151301
v 8.702288 158.612854 -7.277624
v 8.715071 158.172394 -7.424495
v 8.447370 157.630600 -7.597252
v 7.918895 156.996170 -7.482302
v 7.491202 156.574707 -6.709025
v 7.508918 156.293396 -6.310495
v 7.827211 156.394272 -6.355359
v 8.137276 156.696259 -6.351432
v 8.342477 157.173584 -6.521152
v 4.068907 151.248291 -8.344177
v 4.450089 152.337051 -8.308807
v 4.973062 153.371307 -8.280535
v 5.513762 154.264709 -8.117581
v 6.290729 155.127426 -6.613015
v 5.995902 155.024139 -7.749570
v 6.407576 155.708786 -7.330175
v 6.573247 155.335037 -5.586842
v 6.509216 155.779633 -6.369429
v 7.129566 155.455246 -6.018875
v 7.248713 154.668610 -6.258621
v 7.904041 155.026550 -6.672004
v 7.898803 154.876175 -6.047266
v 7.921976 155.466675 -6.290189
v 8.176066 155.956528 -6.472811
v 8.316255 156.505737 -6.615230
v 8.109274 156.225281 -6.265836
v 12.130648 143.191467 -8.547637
v 10.688021 144.152084 -8.899304
v 9.254506 144.920776 -9.247575
v 7.698697 145.534988 -9.397048
v 13.485878 142.125473 -7.963895
v 14.600157 141.327621 -6.761704
v 7.418667 139.479630 -2.001511
v 8.677367 139.105591 -2.526162
v 10.085334 138.788467 -3.039261
v 11.851545 138.662445 -3.366022
v 4.889640 155.507141 -9.683208
v 4.072346 154.962646 -10.022066
v 3.423505 153.640701 -9.824098
v 3.850583 153.799667 -9.539888
v 3.547705 152.968033 -9.414744
v 3.792312 152.215302 -8.901750
v 8.580991 144.181076 -12.120745
v 8.701163 143.301819 -13.700840
v 8.585080 142.383667 -15.530267
v 8.073153 140.939850 -17.257494
v 8.298361 144.974457 -10.722747
v 6.831558 136.561005 0.304217
v 7.100342 137.596466 -0.486918
v 7.261836 138.522614 -1.256264
v 6.119473 156.949890 -8.762878
v 5.603527 156.237656 -9.272614
v 6.808645 158.154480 -7.693837
v 6.526034 157.590561 -8.223189
v 6.768585 157.178528 -7.446121
v 6.834750 156.238052 -6.333749
v 6.664284 156.345062 -7.051250
v 8.111622 157.700073 -6.976979
v 8.350325 158.149857 -7.270218
v 8.413420 157.512207 -7.288656
v 8.503992 156.865616 -7.169667
v 8.247834 156.133972 -7.271008
v 7.645501 155.681213 -6.929384
v 8.197101 156.942902 -6.999124
v 4.216950 153.277847 -8.950329
v 4.864531 154.368134 -8.961921
v 5.529191 155.187820 -8.731490
v 6.072109 155.900543 -8.277020
v 6.493189 156.562271 -7.821549
v 8.154352 155.697922 -6.726956
v 8.188457 156.323944 -6.934284
v 14.888820 141.880966 -9.281910
v 13.284628 142.846954 -10.045521
v 11.583812 143.701324 -10.322919
v 9.927259 144.406876 -10.586251
v 8.606363 138.120529 -1.562384
v 10.214138 137.729950 -1.847977
v 10.376025 143.608749 -12.075587
v 10.717711 142.803894 -13.820852
v 10.849518 141.810318 -15.867577
v 8.605593 137.086243 -0.618408
v 14.120857 142.044113 -11.468580
v 12.259295 142.941727 -11.869479
v 12.837810 142.150040 -13.614393
v -0.488786 158.398132 6.987426
v -0.901795 158.534897 6.366678
v -0.526634 159.146423 6.447210
v -0.429220 157.651550 7.594193
v -0.838586 157.785645 6.977124
v -0.746255 159.342728 5.863292
v -0.382546 159.731430 6.071770
v -1.132923 157.838455 6.306293
v -1.429914 157.785721 5.681958
v -1.217301 158.417587 5.661699
v -0.459271 156.938950 8.238969
v -0.895980 157.132263 7.654027
v -1.132742 157.169647 6.927509
v -1.352649 157.248260 6.179163
v -0.403288 160.245697 6.151181
v -0.676282 159.914368 5.732483
v -1.030251 159.256058 4.962214
v -0.815784 159.575607 5.339544
v -1.041921 158.955765 5.405957
v -1.777205 157.667740 5.177922
v -1.651551 157.259064 5.576403
v -1.962889 157.140701 5.077542
v -1.364453 158.672867 4.952188
v -1.597728 158.220200 5.150409
v -0.456925 153.654709 6.830966
v -0.795380 154.093094 6.833685
v -0.368968 154.438492 6.854596
v -0.645086 154.772568 6.794370
v -0.225100 155.061935 6.838223
v -0.417001 156.117157 8.407056
v -0.869633 156.447357 8.076703
v -1.171217 156.622086 7.560211
v -1.419198 156.689606 6.921914
v -1.622326 156.891983 5.843660
v -1.826662 156.805069 5.337277
v -0.401753 161.021835 6.480055
v -0.857736 160.522781 6.268009
v -1.055483 159.723480 4.736308
v -1.114675 160.070023 5.152386
v -1.350957 159.274689 4.522996
v -1.185829 159.442215 4.594806
v -1.248374 159.007507 4.688772
v -2.178552 157.509323 4.739822
v -1.951935 158.011429 4.736909
v -2.434791 156.984818 4.682583
v -2.177700 156.604156 4.965569
v -2.690557 156.423721 4.668798
v -1.640837 158.786377 4.512361
v -1.723245 158.451447 4.628167
v -0.423867 152.974655 6.732148
v -0.755522 153.339691 6.774854
v -1.095643 154.394821 6.572874
v -1.096431 153.599365 6.678673
v -1.453032 153.835327 6.446916
v -0.353640 155.335129 6.972777
v -0.193834 155.311798 7.383649
v -1.282681 154.764526 6.189731
v -0.938135 155.087982 6.485357
v -0.268549 155.616638 7.940063
v -0.710006 155.832138 7.962962
v -1.054713 156.070480 7.742157
v -1.375683 156.221222 7.377992
v -1.663922 156.310760 6.904230
v -1.840177 156.405899 6.395145
v -1.627317 156.708374 6.285400
v -1.806235 156.505264 5.921833
v -1.791498 156.514374 5.499443
v -1.950791 156.292801 5.165888
v -2.359163 155.999023 4.951205
v -0.537021 162.098236 6.476768
v -0.974946 161.512070 6.582633
v -1.485795 160.960510 6.470433
v -1.450683 160.185242 5.754864
v -2.038970 160.518982 6.144769
v -1.425182 159.529205 4.411212
v -1.471663 159.777802 4.414285
v -1.692997 160.038849 4.695168
v -2.034192 160.165771 5.184616
v -1.565903 159.348358 4.411791
v -1.659335 159.218475 4.401706
v -1.688641 159.317184 4.351811
v -2.795137 157.404068 4.409684
v -3.060913 156.853760 4.302643
v -2.245272 158.331665 4.506857
v -2.521186 157.905502 4.490562
v -2.898660 155.816895 4.718455
v -3.552272 155.696930 4.389493
v -3.332016 156.288879 4.352700
v -1.860455 159.010635 4.446946
v -2.038515 158.636963 4.491105
v -2.171606 158.803528 4.466180
v -0.380709 152.581848 6.260890
v -0.636643 152.767731 6.456551
v -0.955568 152.980850 6.563021
v -1.320140 153.184464 6.534119
v -1.670850 153.339005 6.369993
v -2.064364 153.477142 6.136062
v -1.891577 154.019455 6.140298
v -0.378636 155.536667 7.533361
v -0.479889 155.715591 6.717418
v -0.228445 155.622086 7.092265
v -0.661784 155.437622 6.654554
v -1.450471 155.030655 5.983750
v -1.772461 154.613510 5.953297
v -1.672932 154.977386 5.686322
v -1.030898 155.341354 6.250361
v -0.813708 155.570358 6.301574
v -0.859160 155.688065 7.528863
v -1.168252 155.830933 7.380870
v -1.480343 155.900055 7.106729
v -1.802827 155.924713 6.755342
v -1.994285 155.988358 6.282689
v -1.953851 156.089767 5.769886
v -1.878504 156.096207 5.392583
v -1.952067 155.876007 5.201288
v -2.561207 155.349335 4.958863
v -3.031860 155.176315 4.771717
v -0.695384 163.205246 6.049667
v -1.266529 162.687012 6.313465
v -1.806028 162.087173 6.520952
v -2.310087 161.505676 6.400511
v -2.555839 160.247986 5.639373
v -3.211605 160.625610 5.698682
v -2.765047 161.054398 6.119817
v -1.695605 159.384277 4.321738
v -1.738313 159.553879 4.383073
v -1.841586 159.835587 4.403245
v -2.139072 160.089294 4.537997
v -2.553179 160.199905 4.836857
v -3.027691 160.193375 5.163589
v -2.211530 159.058029 4.391265
v -1.964101 159.218338 4.348381
v -1.812671 159.294815 4.251526
v -1.744067 159.308807 4.226347
v -1.679987 159.347443 4.281116
v -3.699604 157.412033 4.182518
v -3.318270 157.939880 4.317915
v -3.873613 156.811142 4.035453
v -4.051620 156.202713 3.987872
v -2.449234 158.578888 4.467318
v -2.829144 158.308487 4.445664
v -3.653063 155.039368 4.483231
v -4.239504 154.915695 3.907570
v -4.196829 155.567291 3.944287
v -2.886613 158.626801 4.442710
v -2.527274 158.882370 4.440962
v -0.330871 152.822754 5.569506
v -0.547053 152.618530 5.853350
v -0.808204 152.656586 6.123794
v -1.127082 152.712936 6.285603
v -1.453219 152.875946 6.312045
v -1.801584 152.962021 6.228853
v -2.156566 153.048737 6.007520
v -2.510809 153.098816 5.732249
v -2.444408 153.536621 5.841440
v -2.300458 154.028854 5.843136
v -2.180307 154.537521 5.690159
v -0.139984 156.174072 7.324049
v -0.565908 155.841751 7.513031
v -0.643594 155.925888 6.368181
v -0.320470 156.388123 6.468164
v -0.219629 156.171127 6.849718
v -1.617278 155.306152 6.334733
v -1.339182 155.218613 6.237032
v -1.741701 155.221939 5.996439
v -1.775016 155.266525 5.618905
v -2.036294 154.976807 5.452414
v -1.876364 155.359329 5.299411
v -1.267541 155.472946 6.357111
v -1.117860 155.562943 6.155433
v -0.889477 155.611755 5.921913
v -0.630713 156.026901 5.815517
v -0.771753 155.999161 7.247884
v -0.984854 155.783661 7.160965
v -1.233459 155.694061 7.027620
v -1.506465 155.643631 6.814711
v -1.793126 155.562729 6.525189
v -1.965576 155.534958 6.114801
v -1.953429 155.616745 5.680005
v -1.893359 155.733231 5.362551
v -2.196301 155.415237 5.116857
v -2.404491 154.926849 5.241394
v -2.742898 154.781876 5.029030
v -3.145639 154.609344 4.834502
v -3.621815 154.417725 4.495684
v -0.802544 164.585266 5.881065
v -1.454790 163.848480 5.852747
v -2.072471 163.231384 5.984291
v -2.637521 162.591309 6.133271
v -3.098439 161.924850 6.003982
v -3.501089 161.394226 5.699837
v -3.651285 160.324829 5.284376
v -4.300404 160.454666 5.105484
v -3.921517 160.900543 5.422910
v -1.719495 159.408218 4.239757
v -1.846780 159.462326 4.285141
v -2.021589 159.575180 4.352652
v -2.214259 159.840683 4.447071
v -2.562966 160.196594 4.587945
v -3.027322 160.178879 4.768067
v -3.487888 160.071030 4.928673
v -4.015803 160.099228 4.920020
v -2.906622 158.885361 4.433641
v -2.547466 159.063019 4.373800
v -2.241453 159.205734 4.210188
v -2.048498 159.219711 4.050582
v -1.995846 159.228256 4.066550
v -1.984933 159.253204 4.099932
v -1.749331 159.350266 4.244349
v -4.792643 157.489792 3.617018
v -4.853710 156.806717 3.593123
v -3.988925 158.175934 4.118838
v -3.370073 158.383545 4.382721
v -4.834999 155.464355 3.390927
v -4.819466 156.152695 3.466113
v -4.164511 154.248108 3.938987
v -4.624005 154.070923 3.234103
v -4.755714 154.771332 3.281744
v -3.829190 158.561783 4.226702
v -3.332691 158.682281 4.390569
v -0.537172 154.185364 5.335258
v -0.662956 153.289490 5.369631
v -0.769488 152.793655 5.466574
v -0.968896 152.616913 5.714225
v -1.254514 152.642853 5.920518
v -1.555550 152.608444 6.066251
v -1.887515 152.690643 5.992892
v -2.220623 152.743988 5.816351
v -2.516191 152.754166 5.581473
v -2.804629 152.728256 5.333357
v -2.827592 153.092575 5.451153
v -2.782390 153.525085 5.511380
v -2.698984 153.974869 5.521565
v -2.569906 154.449844 5.421934
v -0.365673 156.515442 7.045846
v -0.476170 156.379105 7.256015
v -0.688704 156.693008 6.063172
v -1.006591 156.365143 6.655326
v -0.590044 156.579346 6.798298
v -1.441363 155.476761 6.550159
v -1.265258 155.655838 6.719719
v -1.281887 155.738373 6.433239
v -1.275580 155.834290 6.111122
v -1.149197 155.923157 5.591834
v -1.254268 156.244461 6.143084
v -0.665939 156.421173 7.043597
v -0.947283 156.135056 6.948123
v -1.139692 155.900558 6.862837
v -2.917824 154.306351 5.131628
v -3.264943 154.108002 4.847150
v -3.653827 153.869110 4.537220
v -4.063134 153.630783 3.991317
v -0.914916 166.387344 5.376713
v -1.685924 165.391953 5.611033
v -2.347919 164.506256 5.613570
v -2.915189 163.699539 5.512818
v -3.421920 162.974426 5.530770
v -3.839189 162.241333 5.412016
v -4.634213 160.990463 4.979548
v -4.258067 161.579834 5.215033
v -4.533694 160.153015 4.697388
v -4.955397 160.163742 4.328626
v -4.869817 160.491638 4.692182
v -1.884005 159.421463 4.181565
v -1.861276 159.472214 4.142730
v -2.064352 159.535400 4.149704
v -2.243223 159.631805 4.277200
v -2.536463 159.833923 4.526296
v -2.945075 160.017319 4.736989
v -3.444250 160.086990 4.802827
v -3.867823 159.966156 4.707380
v -4.269322 159.911255 4.555882
v -4.660444 159.896927 4.325081
v -3.752047 158.789444 4.285728
v -3.293350 158.892395 4.406287
v -2.852226 159.053299 4.340267
v -2.475272 159.202835 4.168875
v -2.290982 159.212982 4.042014
v -2.180465 159.206177 4.021989
v -2.112041 159.217621 4.024971
v -2.085484 159.266083 4.034692
v -2.000092 159.347397 4.084040
v -5.605802 158.169205 2.761889
v -4.790322 158.080307 3.544501
v -5.824806 157.556412 2.810883
v -5.849576 156.827667 2.772614
v -5.738980 156.086319 2.754152
v -4.835424 158.542709 3.360339
v -4.313643 158.502869 3.854165
v -5.309776 154.620743 2.610548
v -5.537731 155.358826 2.729654
v -4.467411 153.381500 3.285626
v -4.862401 153.079819 2.547524
v -5.096130 153.861877 2.530638
v -4.537492 158.840836 3.672713
v -4.180188 158.780304 4.028256
v -0.662521 147.696014 4.549739
v -0.574497 147.383087 3.317987
v -1.073738 147.550919 3.902835
v -0.653298 148.290283 5.391969
v -1.167558 147.910873 4.950748
v -1.327477 155.476074 -0.767382
v -1.744016 155.524353 1.983234
v -0.753467 155.429184 3.126001
v -1.251490 154.989471 4.778051
v -1.203285 153.845627 5.149068
v -1.141652 153.156128 5.178061
v -1.188667 152.739288 5.308513
v -1.365478 152.577377 5.539236
v -1.613042 152.496017 5.696454
v -1.931292 152.446609 5.731154
v -2.255517 152.515656 5.593012
v -2.485105 152.514648 5.401170
v -2.718570 152.481430 5.189592
v -3.032579 152.441437 4.960951
v -3.141240 152.689529 5.063514
v -3.178759 153.035767 5.146149
v -3.151176 153.436981 5.185753
v -3.064176 153.861328 5.172539
v -1.240602 156.061951 6.544463
v -3.397287 153.662094 4.861113
v -3.684908 153.372879 4.544302
v -4.012604 153.048615 4.072846
v -4.355130 152.715652 3.404464
v -1.001333 168.287140 4.074370
v -1.864162 167.219910 4.716070
v -2.634631 166.109207 4.996304
v -3.274353 165.109451 5.072379
v -3.732768 164.157471 4.912716
v -4.129166 163.298050 4.800415
v -4.511134 162.494354 4.691494
v -4.889748 161.734985 4.534910
v -5.320468 160.453613 4.145309
v -5.247001 161.025879 4.374624
v -4.979779 159.885788 4.003820
v -5.184037 159.744186 3.601222
v -5.261372 160.082642 3.851341
v -2.022549 159.444580 4.076689
v -1.964139 159.495651 4.085083
v -2.048441 159.572769 4.085502
v -2.246351 159.604156 4.125447
v -2.456017 159.692413 4.270001
v -2.879842 159.860046 4.535795
v -3.375766 159.893463 4.742829
v -3.857103 159.888702 4.676319
v -4.206912 159.918396 4.437510
v -4.475870 159.833832 4.222430
v -4.713299 159.750793 4.027186
v -4.900661 159.689636 3.792876
v -4.421882 159.036942 3.845566
v -4.089959 158.986084 4.101082
v -3.686596 158.963959 4.242653
v -3.257025 158.995758 4.294577
v -2.777916 159.056763 4.243042
v -2.438554 159.145859 4.106605
v -2.323624 159.190414 4.039207
v -2.296402 159.211365 4.029194
v -2.281738 159.225739 4.027596
v -2.261722 159.257446 4.021883
v -2.141979 159.351410 4.050415
v -5.844580 158.927582 2.254962
v -5.382237 158.677963 2.788913
v -6.132037 158.417267 2.065556
v -6.359253 157.796127 1.950519
v -6.449467 157.034348 1.846986
v -6.046916 155.340637 1.851933
v -6.333767 156.190918 1.814631
v -5.252340 159.077408 2.877383
v -4.843956 158.927216 3.237054
v -5.472819 153.664566 1.741870
v -5.721406 154.510437 1.804516
v -4.691042 152.290619 2.659542
v -5.137492 151.864960 1.761107
v -5.305749 152.787048 1.761988
v -4.842431 159.252975 3.193087
v -4.666519 159.129578 3.504279
v -0.442758 147.111862 2.064078
v -0.907385 147.243484 2.599393
v -1.612499 147.716202 4.364538
v -1.417050 147.436737 3.152328
v -1.956881 147.677338 3.660028
v -0.591499 149.255341 5.706566
v -1.119660 148.772018 5.590225
v -1.642365 148.352798 5.202068
v -2.106587 148.060669 4.678458
v -1.586151 152.175705 -4.057192
v -3.108618 153.674347 -2.267441
v -2.973745 154.756454 2.113199
v -2.450354 154.601746 3.827071
v -1.983336 155.174805 4.023105
v -1.842163 154.253098 4.651069
v -1.761594 153.566040 4.882372
v -1.615676 153.009674 4.968589
v -1.569549 152.647934 5.099138
v -1.719177 152.477768 5.280510
v -1.969327 152.376831 5.374429
v -2.225070 152.323044 5.350780
v -2.452517 152.369781 5.197251
v -2.620164 152.344681 5.022732
v -2.892436 152.287689 4.850912
v -3.120647 152.146423 4.697895
v -3.304976 152.303192 4.728758
v -3.440606 152.541473 4.782452
v -3.504708 152.859909 4.832787
v -3.477694 153.240494 4.858880
v -3.735548 152.938171 4.506877
v -3.959961 152.571121 4.115696
v -4.255870 152.187729 3.655030
v -4.509510 151.628494 2.987376
v -1.136009 169.622360 1.562901
v -2.046337 168.817566 2.886377
v -2.838010 167.796524 3.708988
v -3.584414 166.666733 4.012186
v -4.172616 165.581619 4.152406
v -4.537047 164.528427 4.085948
v -4.887872 163.588150 4.004844
v -5.104202 162.642044 3.818730
v -5.626808 161.028320 3.598385
v -5.356525 161.792908 3.674219
v -5.525074 159.897568 3.291238
v -5.659724 160.381927 3.491888
v -5.025654 159.600510 3.499154
v -5.101639 159.489151 3.207327
v -5.352445 159.554550 3.194128
v -2.151700 159.469376 4.018075
v -2.117697 159.543030 4.055755
v -2.116425 159.578751 4.070832
v -2.182238 159.627441 4.095222
v -2.342898 159.725403 4.174471
v -2.799008 159.896057 4.394189
v -3.291711 159.913864 4.528083
v -3.776804 159.833038 4.486912
v -4.136171 159.746719 4.347771
v -4.458073 159.746216 4.160683
v -4.660808 159.761566 3.920884
v -4.800111 159.698364 3.764881
v -4.877011 159.611725 3.500975
v -4.706709 159.408722 3.430081
v -4.531123 159.307281 3.666054
v -4.283508 159.193985 3.875472
v -4.010916 159.079941 4.030729
v -3.645882 158.873779 4.136771
v -3.115277 158.762527 4.132991
v -2.388701 159.135895 4.051080
v -2.504123 159.068375 4.105910
v -2.303761 159.170700 3.999177
v -2.343074 159.160431 4.024268
v -2.131027 159.271011 3.866340
v -2.156749 159.362000 3.968829
v -2.227879 159.193619 3.941701
v -5.988497 159.599533 2.334325
v -5.654178 159.285599 2.559412
v -6.153226 159.310699 1.837595
v -6.399373 158.830154 1.425171
v -6.646051 158.212311 1.102954
v -6.762108 157.399094 0.783425
v -6.581799 156.363846 0.710334
v -5.967417 154.412460 0.929382
v -6.244800 155.356506 0.876683
v -5.523788 159.445847 2.880047
v -5.176338 159.353104 3.007343
v -5.644617 152.558319 0.894334
v -5.789773 153.487061 0.921153
v -5.071661 150.801331 1.576221
v -5.427161 150.627411 0.609982
v -5.568348 151.590057 0.819972
v -4.877991 159.469116 3.306999
v -0.376852 146.634766 1.448782
v -0.721723 147.131378 1.483794
v -1.182374 147.155792 1.900875
v -1.700257 147.310303 2.390829
v -2.490497 148.000732 4.084810
v -2.210966 147.653641 2.869744
v -2.727238 148.054169 3.313744
v -0.519964 150.217285 5.674294
v -0.961662 149.731293 5.657866
v -1.464122 149.298492 5.543533
v -1.974452 148.899826 5.215259
v -2.466022 148.599945 4.789926
v -2.873413 148.483215 4.254186
v -1.371873 149.455597 -3.706953
v -2.204472 150.726151 -3.295894
v -3.111615 151.795822 -2.309897
v -3.485054 152.260132 -0.867485
v -3.458567 153.618866 0.180682
v -3.217241 153.202591 1.678970
v -2.946233 153.789978 2.935771
v -2.401936 153.841064 4.132505
v -2.180099 153.248795 4.475901
v -1.938768 152.814529 4.675617
v -1.864979 152.523834 4.844290
v -2.009308 152.386536 4.992583
v -2.236457 152.328598 5.056090
v -2.427142 152.283020 5.007929
v -2.564075 152.266663 4.877164
v -2.744877 152.219101 4.791059
v -2.893042 152.088348 4.752605
v -2.970137 151.872177 4.771614
v -3.239391 151.890167 4.603010
v -3.455848 152.042892 4.538276
v -3.634367 152.268661 4.525891
v -3.722264 152.566620 4.495246
v -3.906686 152.215607 4.191167
v -4.138955 151.806625 3.863425
v -4.275970 151.276443 3.425630
v -4.260716 150.602432 2.989024
v -4.585538 150.779282 2.388530
v -1.276314 170.367004 -1.772536
v -2.337015 169.821121 -0.019536
v -3.148071 169.012054 1.442232
v -3.882273 168.057831 2.343589
v -4.506219 166.942230 2.749350
v -4.976543 165.812866 2.926348
v -5.300142 164.718338 2.946244
v -5.454996 163.696503 2.873542
v -5.580980 162.674026 2.776993
v -5.707741 161.768448 2.697387
v -5.953625 160.290253 2.754238
v -5.852636 160.985153 2.704205
v -5.811894 159.744675 2.793762
v -2.046957 159.525467 3.858687
v -2.081048 159.583923 3.932485
v -2.122194 159.624817 4.000701
v -2.167973 159.638992 4.066393
v -2.221094 159.678223 4.110220
v -2.368459 159.838623 4.184733
v -3.128752 160.257233 4.380450
v -3.722291 160.022034 4.348812
v -4.046304 159.780075 4.153026
v -4.321793 159.672043 4.002650
v -4.569391 159.605057 3.819304
v -4.751353 159.597305 3.629634
v -4.433098 159.360748 3.641634
v -4.587667 159.521164 3.500859
v -4.055013 158.765839 3.688104
v -4.269399 159.137863 3.731802
v -3.098151 158.472061 3.795020
v -2.739063 158.822800 4.082620
v -2.392550 159.048889 4.012512
v -2.449925 159.053619 4.064319
v -2.506356 158.881393 3.992259
v -2.153831 159.144409 3.820296
v -2.278149 159.029984 3.899457
v -1.990941 159.236984 3.626982
v -2.004453 159.437363 3.750554
v -6.146474 160.124359 2.046686
v -6.311902 159.832748 1.371429
v -6.538922 159.378372 0.792131
v -6.815619 158.801224 0.288857
v -7.028094 158.080902 -0.302663
v -6.397686 155.228683 -0.116328
v -6.666050 156.303131 -0.482559
v -6.092332 153.282425 0.083552
v -6.227497 154.247925 0.063277
v -5.933426 151.346497 -0.095124
v -6.014623 152.315430 0.041638
v -4.607653 149.861511 2.061623
v -4.916397 149.831223 1.206769
v -5.058414 149.789688 0.244386
v -5.185738 149.741547 -0.687531
v -5.637343 150.479279 -0.378835
v -0.431957 145.126755 0.825924
v -0.808815 145.977600 1.111946
v -1.112300 146.641769 1.184425
v -1.407642 147.156235 1.234068
v -1.920140 147.316833 1.629012
v -2.460758 147.587433 2.071918
v -3.185606 148.495941 3.602865
v -2.922636 148.071274 2.491721
v -3.367379 148.580734 2.875479
v -0.480842 150.920273 5.880386
v -0.840264 150.567520 5.676810
v -1.219722 150.132370 5.481177
v -1.674892 149.732162 5.327065
v -2.155031 149.427856 5.069674
v -2.651611 149.180466 4.730460
v -3.118957 149.037155 4.244234
v -3.468235 149.030151 3.677037
v -1.443295 148.032135 -1.812908
v -1.886639 149.139709 -2.389874
v -2.432010 150.136948 -2.235170
v -3.223769 151.134781 -1.687348
v -3.602268 150.896347 -0.166899
v -3.360315 152.220917 0.745442
v -3.000011 152.219757 2.177789
v -2.889821 152.889587 2.800063
v -2.643618 153.246750 3.678235
v -2.306301 152.862076 4.154064
v -2.067185 152.596695 4.399147
v -2.023205 152.422882 4.603958
v -2.133286 152.350723 4.769124
v -2.338072 152.316895 4.867908
v -2.480278 152.265137 4.848384
v -2.599802 152.223709 4.829667
v -2.691532 152.142899 4.860268
v -2.730548 151.971405 4.974019
v -2.751671 151.671661 5.050546
v -3.034709 151.552170 4.777779
v -3.326261 151.560028 4.543707
v -3.569666 151.702469 4.388996
v -3.788121 151.929886 4.299729
v -3.953857 151.511597 4.045572
v -4.007132 151.021362 3.773191
v -3.967936 150.424210 3.449967
v -3.939430 149.735397 3.260803
v -4.251284 149.829605 2.729823
v -1.285283 170.485809 -5.625585
v -2.560870 170.215408 -3.668888
v -3.624998 169.703171 -1.827506
v -4.331709 168.937744 -0.276781
v -4.914397 167.936035 0.761689
v -5.377940 166.870575 1.336013
v -5.730100 165.774246 1.555280
v -5.926194 164.647537 1.609603
v -5.995290 163.599152 1.648163
v -6.046929 162.587708 1.648293
v -6.134328 160.820618 1.812141
v -6.090115 161.630402 1.696724
v -2.018231 159.719238 3.825844
v -1.920161 159.759827 3.644503
v -2.105276 159.853409 3.927886
v -2.201146 159.794144 4.054109
v -2.278817 159.800430 4.122804
v -2.343426 160.076279 4.103890
v -2.695375 160.274048 4.264422
v -3.065664 160.634064 4.120313
v -4.189096 160.310028 3.850118
v -4.348668 159.781174 3.846858
v -4.461154 159.602951 3.691612
v -4.538268 159.506287 3.439335
v -4.505219 159.269379 3.351909
v -4.389072 158.899673 3.126537
v -4.163230 158.695755 2.662063
v -3.684551 158.375900 3.243697
v -3.053234 158.367340 2.527189
v -2.595596 158.417374 3.293421
v -2.349391 158.753357 3.717147
v -2.045733 158.922287 3.370337
v -1.864090 159.196793 2.995530
v -1.822601 159.552536 3.331308
v -6.392432 160.491119 0.980297
v -6.647390 160.058792 0.229042
v -6.874335 159.527145 -0.424740
v -7.100213 158.926804 -1.140901
v -6.965040 157.388687 -1.177037
v -7.168502 158.298355 -1.975001
v -6.418911 154.024841 -0.814841
v -6.514852 154.972015 -1.049272
v -6.630780 155.939651 -1.470106
v -6.823182 156.870544 -2.077756
v -6.330318 152.087646 -0.828519
v -6.377923 153.070175 -0.748340
v -5.743490 150.426422 -1.292271
v -6.127007 151.198959 -1.028518
v -4.019828 149.143539 2.463387
v -4.239836 149.156754 1.651106
v -4.427589 149.123810 0.745114
v -4.635540 149.067230 -0.140589
v -4.707478 149.089859 -1.041361
v -4.875383 149.031952 -1.961193
v -5.224004 149.761322 -1.580563
v -0.530064 143.309769 -0.522063
v -0.891878 144.283829 -0.022596
v -1.232629 145.184113 0.435698
v -1.497792 146.029877 0.630615
v -1.757071 146.750122 0.740638
v -2.083590 147.339844 0.884378
v -2.632042 147.622559 1.259944
v -3.147496 148.018341 1.673569
v -3.746690 149.099121 3.101013
v -3.551278 148.608475 2.079221
v -0.484033 151.597412 6.300215
v -0.799539 151.226486 6.071018
v -1.142288 150.851990 5.837811
v -1.484309 150.481964 5.508573
v -1.852113 150.126007 5.188819
v -2.271406 149.911713 4.914298
v -2.730964 149.748505 4.600415
v -3.222767 149.649277 4.200452
v -3.619025 149.650009 3.737954
v -0.616976 149.338882 -0.556728
v -1.204736 148.964691 -1.067108
v -2.080240 149.284470 -1.157803
v -2.794770 149.745865 -0.937085
v -2.569352 149.811005 0.544936
v -3.330666 150.664566 1.468546
v -2.958110 151.620163 2.375414
v -2.622507 152.050095 3.156406
v -2.639550 152.354187 3.126645
v -2.516455 152.698547 3.547117
v -2.246694 152.530045 3.993723
v -2.117392 152.395172 4.265403
v -2.091912 152.340744 4.493403
v -2.159070 152.342163 4.657566
v -2.351138 152.306839 4.833171
v -2.445241 152.264557 4.895984
v -2.494613 152.184647 5.001608
v -2.493365 152.062805 5.150142
v -2.483529 151.842636 5.293601
v -2.436112 151.461472 5.373841
v -2.737366 151.256042 5.068102
v -3.050393 151.149536 4.739848
v -3.355506 151.167145 4.450354
v -3.677525 151.288589 4.222826
v -3.716131 150.811157 4.055514
v -3.667476 150.271515 3.848969
v -1.257922 169.301712 -9.405736
v -2.573002 169.886566 -7.552803
v -3.813576 169.750610 -5.591052
v -4.787850 169.150848 -3.698830
v -5.468040 168.397156 -2.099360
v -5.922101 167.407898 -0.900511
v -6.210185 166.403717 -0.200231
v -6.411410 165.381943 0.116299
v -6.515661 164.341843 0.268904
v -6.530278 163.301193 0.394463
v -6.489952 162.267136 0.516640
v -6.463533 161.319748 0.678791
v -1.826726 160.030914 3.059804
v -1.954783 160.212952 3.461304
v -2.214200 160.318970 3.869769
v -2.487849 160.816483 3.544394
v -3.043312 161.078110 2.759434
v -3.781405 160.908493 3.532797
v -4.244015 160.637939 2.830652
v -4.467973 160.262161 3.221957
v -4.560002 159.801254 3.378577
v -4.619528 159.587601 2.971071
v -4.478205 159.194016 2.624268
v -4.266925 159.733231 2.121545
v -3.731187 158.992310 1.942762
v -2.941675 159.807861 1.693066
v -2.311656 159.005157 2.185148
v -2.132699 158.745193 2.914592
v -1.881462 159.685074 2.511944
v -6.740801 160.880447 -0.213452
v -6.977209 160.364105 -0.995760
v -7.134724 159.778824 -1.825523
v -7.010648 157.719040 -2.804662
v -7.301892 158.517059 -3.522896
v -7.282301 159.158035 -2.739588
v -6.618806 152.873581 -1.601484
v -6.626904 153.789215 -1.635943
v -6.664339 154.657745 -1.882102
v -6.717721 155.510330 -2.286078
v -6.773971 156.331604 -2.854350
v -7.004444 157.043274 -3.489621
v -6.182589 151.151215 -1.909378
v -6.488183 151.945923 -1.724272
v -5.447554 149.668732 -2.456696
v -5.744288 150.445129 -2.141798
v -3.783520 148.538620 1.220162
v -4.012638 148.466400 0.345281
v -4.130497 148.467926 -0.543942
v -4.257393 148.456680 -1.480421
v -4.934550 148.094925 -2.100908
v -5.640343 147.698471 -2.757524
v -5.522292 148.722916 -2.630531
v -0.756060 141.603271 -1.415815
v -1.208032 142.465775 -1.098039
v -1.522213 143.317551 -0.694726
v -1.771869 144.277832 -0.335371
v -2.038388 145.252655 -0.037830
v -2.215888 146.197098 0.080704
v -2.437181 147.015656 0.208095
v -2.800442 147.605438 0.443004
v -3.338559 147.994003 0.825370
v -0.463441 152.135178 6.441155
v -0.801269 151.862335 6.479479
v -1.101851 151.586853 6.250979
v -1.434176 151.218170 5.986000
v -1.762802 150.860046 5.639614
v -2.089304 150.559631 5.262796
v -2.444964 150.372009 4.915344
v -2.837352 150.248169 4.559971
v -3.284550 150.199539 4.223582
v -0.856451 149.476532 0.672924
v -0.463891 150.098343 1.675568
v -1.222405 149.345947 -0.254968
v -1.551217 149.260696 -0.916714
v -1.720015 149.498444 0.087327
v -2.054942 149.544052 -0.014626
v -1.932530 149.924896 1.007373
v -2.342468 150.224594 1.855491
v -2.863419 150.643555 2.578218
v -2.672003 151.404297 3.072310
v -2.394435 152.322540 3.623299
v -2.458067 151.906357 3.577684
v -2.241483 152.223587 3.947494
v -2.131226 152.201859 4.220835
v -2.080513 152.283569 4.491552
v -2.138276 152.356293 4.707289
v -2.238603 152.360611 4.908811
v -2.264412 152.276932 5.110678
v -2.253506 152.154861 5.316235
v -2.200786 151.988083 5.504009
v -2.134022 151.703842 5.656705
v -1.997849 151.286545 5.716512
v -2.314078 151.005371 5.371656
v -2.629368 150.809555 5.003004
v -2.983806 150.704895 4.656262
v -3.353656 150.704163 4.341539
v -1.164489 166.588608 -12.093047
v -2.441502 167.875397 -10.789111
v -3.724879 168.686356 -9.174985
v -4.909910 168.832214 -7.364164
v -5.799786 168.263733 -5.480968
v -6.378446 167.487549 -3.832403
v -6.660391 166.618271 -2.536806
v -6.798765 165.741257 -1.677711
v -6.928015 164.819122 -1.226518
v -6.979303 163.854233 -0.973423
v -6.953408 162.848358 -0.785416
v -6.854335 161.823318 -0.567638
v -2.296344 160.471878 2.310365
v -2.057530 160.537796 3.067947
v -3.747678 160.547440 2.083984
v -4.522039 160.107788 2.685184
v -7.085204 161.281418 -1.458980
v -7.393303 160.042221 -3.335219
v -7.234154 160.675964 -2.371422
v -7.663545 159.032394 -4.198918
v -7.194380 158.068634 -4.079253
v -7.596262 158.521255 -4.383615
v -6.543950 151.951279 -2.549232
v -6.713135 152.762558 -2.441886
v -6.759439 153.570633 -2.448174
v -6.791760 154.339233 -2.643791
v -6.833601 155.067825 -3.004878
v -6.930720 155.795013 -3.429092
v -7.508522 156.839508 -4.205495
v -7.195328 157.397873 -4.058634
v -7.248747 156.398911 -3.828827
v -5.979262 150.365860 -2.986480
v -6.250168 151.148087 -2.728464
v -6.091436 148.433334 -3.399362
v -5.996086 149.447281 -3.221851
v -3.501149 147.947495 -0.040138
v -3.628584 147.885483 -0.955656
v -4.227311 147.542725 -1.656604
v -5.037511 147.082886 -2.186027
v -5.720272 146.612473 -2.882037
v -6.218647 146.155441 -3.742388
v -6.163919 147.339523 -3.576986
v -0.914826 139.879578 -1.313764
v -1.482255 140.782089 -1.401615
v -1.907483 141.665726 -1.332403
v -2.232203 142.531265 -1.145739
v -2.478113 143.472336 -0.949030
v -2.627339 144.519821 -0.810837
v -2.793163 145.563278 -0.659984
v -2.887166 146.555634 -0.548855
v -3.052004 147.396851 -0.372801
v -0.726488 152.394257 6.246766
v -0.407840 152.594131 6.065487
v -1.374724 151.892181 6.247870
v -1.051436 152.168915 6.356393
v -1.677610 151.609390 6.010676
v -1.037034 150.187729 1.776690
v -1.403269 149.707123 0.821428
v -0.702771 150.513596 2.980462
v -0.428555 150.409073 4.133878
v -1.613373 150.297028 2.049245
v -2.211760 150.424362 3.234726
v -2.467556 150.907425 3.498045
v -2.424724 151.467865 3.776884
v -2.292445 151.922836 4.033340
v -2.090176 152.065796 4.339598
v -2.000992 152.335648 4.599349
v -2.012951 152.447708 4.864528
v -1.985166 152.445694 5.144373
v -1.992372 152.335220 5.447994
v -1.921946 152.139328 5.670951
v -1.834752 151.917831 5.881963
v -1.067786 163.486374 -13.347471
v -2.246352 164.862152 -12.670568
v -3.424067 166.064484 -11.555432
v -4.561844 166.939285 -10.174008
v -5.622288 167.354431 -8.642240
v -6.422469 167.150406 -6.925874
v -6.882967 166.525513 -5.318430
v -7.097106 165.812073 -4.022007
v -7.207504 165.025238 -3.070020
v -7.274606 164.153976 -2.466614
v -7.281851 163.226898 -2.093886
v -7.208591 162.254776 -1.802466
v -7.358551 161.613800 -2.777760
v -7.490136 160.166183 -4.500360
v -7.460193 160.929504 -3.731576
v -7.549472 159.593018 -4.202199
v -8.048102 159.242783 -4.705614
v -7.962795 159.655594 -4.801005
v -7.288272 157.283096 -4.460592
v -7.171757 157.693970 -4.480155
v -7.488230 158.071808 -4.623913
v -7.669353 158.418411 -4.912616
v -7.916168 158.832947 -4.732396
v -6.397182 151.206299 -3.568641
v -6.594834 151.993484 -3.338687
v -6.724946 152.722092 -3.209969
v -6.778034 153.397278 -3.183946
v -6.794213 154.016251 -3.264679
v -6.814689 154.591888 -3.510394
v -7.034843 155.446320 -3.803234
v -7.134046 155.925903 -4.033924
v -7.133053 156.286713 -4.335781
v -6.791401 156.849396 -4.353183
v -6.394092 149.337097 -4.093821
v -6.321213 150.338318 -3.850317
v -6.397377 147.033890 -4.523546
v -6.357872 148.232635 -4.321109
v -3.499234 147.008011 -1.172680
v -4.299827 146.511337 -1.699702
v -5.081968 145.994736 -2.270375
v -5.732381 145.446304 -2.997561
v -6.135267 144.933990 -3.919170
v -6.505540 144.530670 -4.888379
v -6.320783 145.769897 -4.745944
v -0.967457 149.370529 -10.773902
v -0.872361 151.135391 -10.643375
v -1.529260 150.244965 -10.586624
v -1.709002 148.251785 -10.888044
v -1.064750 147.007599 -11.477056
v -1.006273 138.481842 -0.587276
v -1.675076 139.280197 -0.968717
v -2.206504 140.111191 -1.211329
v -2.594744 140.938705 -1.419967
v -2.885131 141.825027 -1.486098
v -3.164315 142.778351 -1.405600
v -3.388234 143.827499 -1.261630
v -3.484843 144.920288 -1.250874
v -3.512547 145.986099 -1.241825
v -0.612278 152.716553 5.716972
v -0.358825 152.593857 5.469973
v -1.230594 152.427002 6.095141
v -0.909265 152.632278 5.985148
v -1.542104 152.163422 6.054708
v -1.240179 150.493988 3.058918
v -1.021630 150.377960 4.118009
v -0.762069 150.708908 5.040487
v -0.397046 151.632187 5.359235
v -1.520098 150.354660 4.187255
v -1.750381 150.439423 3.418251
v -1.833436 150.746765 4.331257
v -2.050937 150.858170 4.170376
v -2.150035 151.262054 4.209246
v -2.172833 151.724716 4.302489
v -1.891691 152.065506 4.574647
v -1.787997 152.420151 4.806653
v -1.742429 152.545746 5.124246
v -1.703940 152.516220 5.477653
v -1.647086 152.375427 5.803461
v -0.980908 160.630676 -13.560751
v -2.061053 161.881592 -13.306935
v -3.163980 163.087463 -12.706709
v -4.217253 164.169434 -11.780505
v -5.170523 165.043625 -10.619995
v -6.031929 165.611069 -9.317822
v -6.722059 165.783615 -7.915677
v -7.146811 165.477478 -6.481272
v -7.339735 164.944641 -5.259637
v -7.432488 164.234482 -4.315701
v -7.473179 163.407928 -3.641440
v -7.450014 162.527710 -3.155713
v -7.518999 161.791321 -4.092688
v -7.636007 159.757782 -5.051109
v -7.522587 160.063583 -5.342417
v -7.532382 160.950974 -4.841290
v -8.086044 159.111694 -5.071772
v -8.359484 159.473160 -5.071941
v -8.414207 159.839355 -5.212978
v -8.190381 160.016281 -5.503453
v -7.067112 157.370148 -4.843953
v -7.199885 157.775116 -4.907763
v -7.109635 158.234451 -4.792658
v -7.203634 158.517471 -5.132580
v -7.581788 158.924606 -4.937222
v -6.471971 150.503036 -4.801092
v -6.412868 151.438309 -4.504463
v -6.551380 152.199478 -4.145739
v -6.657849 152.848282 -3.910840
v -6.710654 153.373306 -3.840811
v -6.764856 153.728577 -3.769840
v -6.877634 155.012833 -3.962425
v -6.947694 154.134644 -3.853812
v -7.009083 154.605545 -4.423285
v -7.269230 155.197037 -4.298721
v -6.948411 155.352615 -4.143962
v -6.819416 155.635452 -4.002070
v -6.533928 155.957947 -4.004701
v -6.571493 157.024826 -4.797017
v -5.947601 156.303955 -3.891270
v -5.686548 156.457138 -4.556733
v -6.365281 148.174835 -5.283348
v -6.426993 149.414062 -5.061022
v -6.642760 145.520798 -5.699493
v -6.315371 146.852859 -5.492590
v -4.319898 145.409912 -1.726830
v -5.066652 144.838974 -2.306181
v -5.633447 144.248901 -3.105232
v -6.136470 143.730637 -4.017298
v -6.843226 143.362473 -4.852572
v -7.801396 143.185501 -5.555946
v -7.149697 144.274811 -5.780164
v -1.399921 151.907974 -10.625688
v -0.831996 152.751709 -10.833212
v -2.246897 149.282257 -10.518126
v -1.988008 151.009613 -10.387523
v -2.672286 150.084198 -10.230775
v -1.258022 144.338287 -13.579886
v -2.049745 145.660248 -12.386899
v -3.092971 148.130905 -10.540003
v -2.636681 146.908722 -11.280001
v -1.097412 137.248871 0.381335
v -1.829559 138.140472 -0.050495
v -2.466211 138.965454 -0.507033
v -2.964806 139.670410 -1.054277
v -3.277769 140.315582 -1.572827
v -3.512059 141.139984 -1.846426
v -3.762748 142.109146 -1.898962
v -4.034079 143.166306 -1.822593
v -4.259364 144.278412 -1.710437
v -0.588998 152.196228 5.303627
v -1.037886 152.689804 5.594481
v -0.792522 152.586609 5.373888
v -1.346537 152.594498 5.774814
v -1.234541 150.864807 4.837338
v -0.876066 151.626862 5.228604
v -1.536011 151.080154 4.702530
v -1.242824 151.629089 5.051149
v -1.545822 151.675125 4.875659
v -1.789168 151.263565 4.565711
v -1.866670 151.693344 4.623425
v -1.625026 152.130524 4.819690
v -1.488142 152.475281 5.032933
v -1.418707 152.629959 5.375716
v -0.996465 157.816162 -12.954027
v -1.929142 159.105667 -13.122928
v -2.885110 160.300568 -12.921864
v -3.847624 161.362579 -12.371744
v -4.780162 162.321411 -11.581263
v -5.604077 163.164398 -10.647696
v -6.307302 163.859268 -9.615091
v -6.868301 164.274323 -8.488521
v -7.254793 164.293930 -7.305440
v -7.457448 163.928467 -6.180571
v -7.544663 163.306961 -5.258309
v -7.552932 162.577713 -4.584447
v -7.568164 161.664154 -5.268762
v -7.814521 159.684677 -5.771447
v -7.533229 159.702972 -6.026151
v -7.538484 160.690948 -5.753663
v -7.603770 159.156754 -5.423451
v -8.102288 159.521637 -5.387738
v -8.572046 159.510422 -5.548097
v -8.745950 159.804367 -5.750455
v -8.669550 160.067093 -6.082963
v -8.338263 159.987442 -6.389553
v -6.925685 157.282455 -5.375672
v -6.860647 156.750916 -5.423259
v -6.768304 157.686264 -5.225688
v -6.679214 158.178986 -5.283821
v -7.333963 157.944427 -5.585232
v -7.653483 158.012207 -5.790193
v -7.372235 158.635040 -5.647641
v -6.215789 149.746536 -6.027824
v -6.395592 150.937668 -5.794957
v -6.510364 151.997849 -5.430662
v -6.478173 152.725815 -4.894747
v -6.576690 153.213089 -4.506816
v -6.609136 153.583023 -4.432766
v -6.931336 153.476929 -4.239712
v -7.184378 153.869690 -4.294338
v -7.360019 154.360077 -4.823538
v -7.670654 154.840973 -5.164017
v -7.660459 154.991165 -4.621314
v -7.760960 155.614380 -5.044128
v -7.336454 155.485657 -4.741734
v -6.801375 155.404633 -4.520255
v -6.511361 155.686752 -4.135583
v -6.006731 155.938431 -4.273413
v -6.420314 156.182617 -5.323162
v -6.469021 155.666214 -4.874535
v -6.428769 146.798691 -6.473938
v -6.087022 148.359528 -6.229771
v -8.107002 144.294983 -6.485785
v -7.155838 145.396103 -6.644026
v -4.870172 143.657745 -2.394294
v -5.433362 143.055252 -3.179185
v -6.110547 142.525543 -3.990527
v -7.142956 142.235687 -4.551245
v -8.316966 142.149475 -5.067037
v -9.445518 142.149963 -5.670616
v -8.887292 143.245346 -6.150543
v -0.934125 155.680893 -11.971703
v -1.805978 156.700653 -12.264907
v -0.870967 154.137238 -11.249068
v -1.603810 154.892868 -11.487044
v -1.451494 153.511887 -10.956924
v -1.936954 152.670883 -10.642453
v -2.425502 151.728394 -10.282209
v -3.702554 149.839783 -9.712867
v -3.450817 149.097473 -10.055718
v -3.001817 150.791107 -9.970696
v -2.628448 143.366058 -14.822662
v -1.593554 142.084854 -15.746085
v -3.411354 144.369827 -13.455632
v -3.912725 145.641647 -12.156913
v -4.391062 147.923233 -9.991475
v -4.204361 146.795105 -10.880779
v -2.089120 136.614563 0.784539
v -1.269265 135.559326 1.262464
v -2.778189 137.638611 0.238624
v -3.390221 138.549652 -0.269549
v -3.849282 139.366455 -0.757873
v -4.144650 140.042679 -1.356820
v -4.290325 140.596954 -2.026077
v -4.376247 141.433014 -2.410805
v -4.601938 142.501831 -2.463412
v -0.979278 152.171158 5.179396
v -1.155681 152.535355 5.228869
v -1.312237 152.140930 5.024744
v -2.676248 157.776306 -12.385370
v -3.570585 158.800232 -12.240770
v -4.422876 159.736023 -11.815689
v -5.206888 160.598160 -11.170670
v -5.885472 161.395035 -10.378584
v -6.490354 162.117416 -9.562526
v -6.971104 162.649429 -8.683173
v -7.326719 162.850815 -7.709414
v -7.515201 162.680145 -6.731929
v -7.566406 162.242020 -5.900751
v -7.522161 161.135529 -6.288420
v -7.887375 159.440811 -6.328804
v -7.505751 159.195969 -6.339557
v -7.473895 160.109207 -6.478462
v -7.892192 159.015015 -5.855393
v -7.715600 158.475983 -5.896737
v -8.105309 159.593048 -5.892584
v -8.551168 159.634216 -6.068974
v -8.854621 159.555511 -6.300220
v -8.934246 159.720917 -6.694142
v -8.135790 159.294662 -7.094027
v -8.609147 159.711441 -7.095465
v -6.899643 157.151184 -5.915690
v -6.660209 157.689194 -5.753975
v -7.031975 156.058975 -5.706672
v -7.142138 156.628860 -5.847619
v -7.108234 157.658096 -6.250443
v -7.956613 157.703674 -6.163644
v -8.100684 158.197342 -6.194346
v -5.714134 149.157333 -7.140840
v -5.849731 150.475449 -6.916411
v -6.145341 151.660507 -6.711020
v -6.430776 152.736511 -6.392383
v -6.469698 153.474411 -5.368532
v -6.554409 153.606323 -4.821434
v -6.682280 153.779678 -5.107584
v -6.794805 153.385910 -4.696599
v -7.511020 153.606216 -5.263185
v -7.413687 153.702911 -4.782017
v -7.702133 154.260300 -5.192717
v -7.868099 154.820312 -5.551156
v -7.829870 155.295013 -5.965889
v -7.732628 155.413254 -5.530911
v -7.939595 155.861664 -5.731369
v -7.597305 155.817032 -5.535005
v -7.033618 155.598557 -5.298606
v -8.140530 145.538940 -7.375973
v -6.901192 146.624603 -7.516385
v -9.964177 143.366516 -6.814200
v -9.169121 144.486145 -7.130564
v -5.263969 141.880463 -3.085739
v -6.174578 141.411148 -3.598553
v -7.402852 141.274124 -3.898101
v -8.712301 141.290298 -4.305098
v -11.338690 141.127853 -5.691370
v -10.626279 142.147217 -6.405869
v -9.986794 141.237793 -4.933297
v -2.402250 155.779373 -11.672187
v -3.217408 156.657806 -11.686357
v -2.128554 154.218491 -11.068813
v -2.838387 154.933945 -11.116293
v -2.521309 153.436111 -10.644193
v -2.866710 152.487640 -10.194849
v -3.310267 151.531906 -9.783366
v -4.532689 149.554108 -8.996943
v -4.492532 148.796738 -9.396885
v -3.858627 150.568283 -9.407797
v -5.105988 143.724060 -14.513942
v -4.343198 142.642471 -15.825818
v -3.287140 141.033020 -16.701334
v -1.966429 139.194687 -17.223221
v -5.691167 145.721146 -11.578388
v -5.532937 144.604202 -13.036958
v -5.557236 147.630936 -9.306098
v -5.670973 146.668564 -10.260972
v -3.882886 137.021027 0.561138
v -3.250678 135.839447 1.131935
v -4.442780 138.089996 -0.034655
v -4.891376 138.919037 -0.656811
v -5.194658 139.711670 -1.196564
v -5.293613 140.363007 -1.893875
v -5.242766 140.929443 -2.657173
v -4.024443 157.472107 -11.467407
v -4.820883 158.240005 -11.095231
v -5.522416 159.022873 -10.575420
v -6.099151 159.772888 -9.942162
v -6.606355 160.448639 -9.263094
v -6.993616 161.019028 -8.547265
v -7.271430 161.334854 -7.782269
v -7.444895 161.358780 -6.989569
v -7.357177 160.159332 -7.008167
v -7.805907 158.768692 -6.687102
v -7.401388 158.353561 -6.634113
v -7.331892 159.143173 -6.764681
v -8.131043 158.777496 -6.294461
v -8.132653 159.204163 -6.370186
v -8.359331 159.518814 -6.649292
v -8.674415 159.380692 -6.886775
v -8.909187 159.170532 -7.071736
v -8.817046 159.082916 -7.467224
v -8.343324 158.698074 -7.718800
v -7.934432 158.061005 -7.174509
v -7.469659 156.552551 -6.155626
v -7.252357 157.015503 -6.380132
v -7.535769 156.081131 -5.994861
v -7.725045 156.884171 -6.407853
v -7.761921 157.308670 -6.287488
v -8.044999 156.970856 -6.411748
v -8.313098 157.316498 -6.384182
v -8.430692 157.862915 -6.527802
v -8.304534 158.602112 -6.596131
v -5.915265 147.993103 -7.704269
v -5.191033 149.262451 -8.157343
v -5.174253 150.302155 -7.842186
v -5.425889 151.455521 -7.672928
v -5.844275 152.535782 -7.520594
v -6.560738 153.774521 -6.154286
v -6.246080 153.508057 -7.281797
v -6.560525 154.388000 -6.975079
v -6.540522 154.169312 -5.452908
v -6.558939 154.614395 -5.910016
v -7.086708 154.606232 -5.514443
v -7.271836 153.888992 -5.732329
v -7.889195 154.361298 -6.079155
v -7.881355 154.258743 -5.594670
v -8.029829 154.901443 -5.912259
v -8.021112 155.422867 -6.305758
v -8.309090 155.876068 -6.446353
v -8.191034 155.731720 -6.112785
v -8.289303 156.211472 -6.225185
v -7.911842 156.118790 -6.133194
v -10.160786 144.482376 -8.102226
v -9.054702 145.469070 -8.340095
v -7.776526 146.351593 -8.443596
v -6.458598 147.291138 -8.466907
v -11.112849 143.381683 -7.784684
v -11.990230 142.169113 -7.390025
v -6.367414 140.745056 -2.723104
v -7.707901 140.758453 -2.834805
v -9.083352 140.582413 -3.346631
v -10.336291 140.210266 -4.237212
v -11.879090 139.999008 -4.902224
v -13.726750 140.395981 -5.048283
v -12.952567 141.213837 -6.471257
v -3.572935 155.615799 -11.025839
v -4.316276 156.241150 -10.762948
v -3.764808 154.659729 -10.456032
v -3.140421 154.103485 -10.608841
v -3.361570 153.226974 -10.121017
v -4.039734 151.410629 -9.184353
v -3.651268 152.331726 -9.654852
v -5.364478 148.433243 -8.629202
v -4.532778 150.390503 -8.668127
v -7.310727 144.024094 -13.665256
v -6.981389 143.169540 -15.268541
v -5.286073 139.917557 -17.586384
v -6.286793 141.844238 -16.705048
v -7.394972 144.944427 -12.186953
v -7.255676 145.837387 -10.715697
v -6.920544 146.591232 -9.455143
v -5.226838 136.305191 0.835821
v -5.735629 137.523834 0.110101
v -6.117334 138.463165 -0.638151
v -6.378956 139.295181 -1.269278
v -6.494716 140.172302 -1.803487
v -5.036439 156.905396 -10.392243
v -5.689402 157.631012 -9.939164
v -6.229608 158.343689 -9.407624
v -6.657624 158.979904 -8.819099
v -6.965775 159.527557 -8.208537
v -7.181200 159.947647 -7.596820
v -7.176750 158.804993 -7.240953
v -7.508479 157.543137 -6.754787
v -7.190907 157.080307 -6.637784
v -7.185060 157.886292 -6.901324
v -8.340382 158.699005 -6.968614
v -8.474810 158.975143 -7.332464
v -8.723917 158.761856 -7.342687
v -8.878392 158.353348 -7.476641
v -8.683535 157.805832 -7.809387
v -8.112074 157.175888 -7.622547
v -7.784726 156.714920 -6.769195
v -7.829651 156.501541 -6.317707
v -8.191619 156.605988 -6.405180
v -8.486198 156.846573 -6.525076
v -8.588934 157.305450 -6.804939
v -4.687041 151.402100 -8.461688
v -5.068976 152.475983 -8.376595
v -5.574000 153.480316 -8.266326
v -6.079461 154.356339 -8.041753
v -6.700146 155.141495 -6.597620
v -6.503148 155.126785 -7.711696
v -6.810363 155.819702 -7.310904
v -6.882360 155.359726 -5.722071
v -6.832321 155.879532 -6.285759
v -7.454350 155.586456 -6.204151
v -7.590395 154.791138 -6.358945
v -8.228696 155.244431 -6.858335
v -8.227457 155.068985 -6.287572
v -8.294570 155.638458 -6.602479
v -8.440197 156.151825 -6.757489
v -8.525678 156.693024 -6.847392
v -8.503422 156.325775 -6.528618
v -12.304897 143.461227 -9.102133
v -11.061509 144.340134 -9.361768
v -9.800913 145.159515 -9.577622
v -8.408420 145.879135 -9.622973
v -13.536314 142.465057 -8.608900
v -14.807698 141.637558 -7.331763
v -7.776099 139.826782 -2.160786
v -9.094127 139.455185 -2.806974
v -10.546761 139.018646 -3.521294
v -12.357227 138.845230 -3.849533
v -5.163326 155.632202 -9.747780
v -4.436053 155.069672 -10.142125
v -3.856673 153.791367 -9.991708
v -4.308746 153.946594 -9.689564
v -4.024858 153.111877 -9.593321
v -4.331813 152.362747 -9.080574
v -9.064429 144.343781 -12.452945
v -9.177855 143.613052 -14.113520
v -9.019100 142.647217 -15.928108
v -8.437076 141.101273 -17.616362
v -8.874217 145.219269 -11.019123
v -7.270902 136.845856 0.112611
v -7.543913 137.957886 -0.781145
v -7.706708 138.897659 -1.550349
v -6.325737 157.105942 -8.891473
v -5.824524 156.394394 -9.366305
v -6.997172 158.304688 -7.804061
v -6.711571 157.742599 -8.352964
v -7.072992 157.342590 -7.365529
v -7.246864 156.295197 -6.512915
v -7.029387 156.483292 -6.914014
v -8.438437 157.872513 -7.170136
v -8.507496 158.377365 -7.568491
v -8.560449 157.727814 -7.478668
v -8.725855 157.088257 -7.350066
v -8.518734 156.382294 -7.470471
v -7.937179 155.861542 -7.007427
v -8.450073 157.179718 -7.210211
v -4.732810 153.419571 -9.073706
v -5.335064 154.472122 -9.015621
v -5.958096 155.305283 -8.747746
v -6.450077 156.032608 -8.367545
v -6.807407 156.696991 -7.900937
v -8.551651 155.939423 -6.914357
v -8.514374 156.552444 -7.093715
v -15.150404 142.310852 -10.062878
v -13.444833 143.234833 -10.746529
v -11.771118 143.951996 -10.889384
v -10.309805 144.600540 -10.993897
v -9.157907 138.453598 -2.007233
v -10.818292 137.943619 -2.452757
v -10.667456 143.876602 -12.537837
v -11.068619 143.145569 -14.313763
v -11.258336 142.016998 -16.287388
v -9.150802 137.373245 -1.044989
v -14.388998 142.464157 -12.287868
v -12.444961 143.335297 -12.512271
v -13.093251 142.507309 -14.218241
v 0.521994 158.795074 6.696305
v 0.494902 158.064743 7.294368
v 0.420755 159.457245 6.210088
v 1.130838 158.177277 5.995301
v 0.558987 157.376205 7.993373
v 1.158419 157.529022 6.645740
v 0.359560 160.058838 5.969485
v 0.923442 159.247086 5.234034
v 1.590437 157.480560 5.331001
v 1.244431 158.582321 5.219184
v 0.279791 153.993805 6.730473
v 0.219581 154.729202 6.767460
v 0.580837 156.539581 8.459909
v 1.293013 156.942978 7.346497
v 1.442500 157.121155 5.793394
v 0.394723 160.651337 6.164926
v 0.900092 159.804199 5.034878
v 1.143430 159.246521 4.586004
v 1.768176 157.869141 4.838842
v 2.224884 156.833069 4.749553
v 1.366806 158.724258 4.627745
v 0.209287 153.211304 6.837276
v 0.923827 153.956360 6.600268
v 0.198828 155.194550 7.068652
v 0.870642 154.716949 6.510554
v 0.442766 155.826309 8.170990
v 1.244462 156.357147 7.770042
v 1.555851 156.482529 6.630032
v 1.449466 156.655304 5.955456
v 1.891391 156.524368 5.102535
v 0.432328 161.539078 6.499622
v 1.389385 160.487320 6.091001
v 1.302819 159.586670 4.381553
v 1.459436 160.213425 4.979095
v 1.449084 159.294617 4.412746
v 2.539414 157.222305 4.354012
v 1.985237 158.195053 4.514311
v 2.989653 156.118423 4.404488
v 1.748100 158.798828 4.464340
v 0.137333 152.710907 6.549844
v 0.809587 153.236069 6.631878
v 1.494377 153.633591 6.231397
v 0.274561 155.429779 7.653748
v 0.452709 155.471069 6.888065
v 1.336343 154.775085 5.903459
v 0.776168 155.276947 6.444784
v 0.994796 155.887146 7.694485
v 1.562499 156.046341 7.024076
v 1.739226 156.289490 6.085749
v 1.673269 156.349350 5.344069
v 2.554506 155.648666 4.816177
v 0.566627 162.596130 6.234049
v 1.495963 161.485245 6.487328
v 2.539896 160.472641 5.894538
v 1.523256 159.434738 4.377038
v 1.683030 159.872910 4.484900
v 2.391396 160.258331 5.096320
v 1.767952 159.128891 4.390944
v 1.613185 159.315063 4.224379
v 3.006135 157.679398 4.339474
v 3.452331 156.577576 4.040730
v 2.234190 158.455368 4.461440
v 3.659760 155.356522 4.109120
v 2.314449 158.680588 4.468119
v 0.100869 152.619919 5.915617
v 0.629889 152.713089 6.379933
v 1.319775 153.015854 6.332250
v 2.045924 153.271484 5.859148
v 1.788903 154.227554 5.869962
v 0.404795 155.725555 7.436370
v 0.463619 155.877472 6.672848
v 1.387332 155.075500 6.120799
v 1.589390 155.143311 5.348311
v 1.023639 155.241699 6.269392
v 0.676359 155.784790 6.173580
v 0.810791 155.794098 7.403203
v 1.339018 155.750305 7.083681
v 1.816709 155.736053 6.365329
v 1.722939 156.018021 5.526430
v 1.768992 155.698059 5.141253
v 2.203621 155.193344 4.978841
v 3.082765 154.852234 4.601549
v 0.673753 163.797516 5.897779
v 1.819212 162.642822 6.275666
v 2.791661 161.395706 6.120347
v 3.582741 160.448898 5.393992
v 1.651502 159.415070 4.197832
v 1.842954 159.674042 4.402173
v 2.390791 160.163498 4.680999
v 3.376791 160.136749 5.107931
v 2.374310 158.932175 4.441162
v 1.928364 159.238037 4.147203
v 1.810893 159.255890 4.076244
v 4.121199 157.124802 3.877341
v 3.241806 158.153458 4.383465
v 4.219622 155.870331 3.572536
v 4.154057 154.525299 3.552932
v 3.198984 158.532349 4.465594
v 0.189594 153.332077 5.429855
v 0.526319 152.588242 5.794099
v 1.091580 152.632416 6.153853
v 1.745709 152.817688 5.968514
v 2.483141 152.931335 5.454264
v 2.313091 153.703827 5.620310
v 2.037652 154.722580 5.343023
v 0.263242 156.090317 7.145374
v 0.566346 156.651199 6.231426
v 1.513042 155.408493 6.542947
v 1.750458 155.397583 5.756573
v 1.159813 155.429688 6.531722
v 0.865344 155.598770 5.880633
v 0.796287 156.202805 5.413449
v 0.683789 156.173233 7.141885
v 1.099295 155.690186 6.946478
v 2.663273 154.468323 4.888578
v 3.589749 154.040985 4.240496
v 0.796713 165.418762 5.736482
v 2.080060 163.820969 5.709114
v 3.103235 162.449692 5.861224
v 3.921972 161.197021 5.420714
v 4.420160 160.216080 4.778328
v 1.762936 159.433029 4.091832
v 1.976245 159.516022 4.201708
v 2.438295 159.927643 4.595465
v 3.253003 159.981735 4.874815
v 4.179860 159.976959 4.720452
v 3.181217 158.789673 4.481239
v 2.420696 159.118927 4.298010
v 2.075441 159.217422 4.053260
v 2.001848 159.243530 4.050326
v 4.878810 157.741547 3.318104
v 4.968774 156.393875 3.210491
v 4.301658 158.237289 3.815452
v 4.786015 155.057602 2.941063
v 4.395235 153.615387 2.807097
v 4.107256 158.621216 4.061686
v 0.280440 147.582184 4.012388
v 0.329198 147.955841 5.027366
v 0.737097 155.579971 1.340758
v 0.530151 155.194427 4.707001
v 0.705043 153.216980 5.277711
v 0.931735 152.551788 5.622516
v 1.491256 152.522827 5.854865
v 2.107163 152.576920 5.550526
v 2.764596 152.540604 5.083676
v 2.758363 153.222153 5.233659
v 2.536978 154.129883 5.233076
v 0.394414 156.490204 6.829155
v 0.969037 156.037216 6.734513
v 1.081006 155.844757 6.327445
v 3.223729 153.724625 4.607251
v 3.915745 153.195175 3.764714
v 0.921344 167.325821 4.840603
v 2.417156 165.268326 5.339666
v 3.442217 163.670258 5.187757
v 4.292100 162.103333 5.056702
v 4.874209 160.722214 4.696364
v 4.899470 159.941010 4.037137
v 1.908669 159.418655 4.027502
v 1.961853 159.553741 4.031754
v 2.465013 159.728989 4.447394
v 3.229168 159.929703 4.865624
v 4.061581 159.842026 4.599342
v 4.670895 159.760788 4.164751
v 4.015379 158.899002 4.194701
v 3.162348 158.918289 4.369415
v 2.398527 159.126266 4.170427
v 2.181663 159.191238 4.063302
v 2.156334 159.230499 4.065334
v 5.338334 158.388550 2.683442
v 5.751387 157.198212 2.644550
v 5.531708 155.615097 2.404348
v 4.887204 158.705139 3.148442
v 5.051872 154.123444 2.126735
v 4.727608 152.399979 2.122516
v 4.598294 158.957504 3.475639
v 0.266559 147.197678 2.682045
v 1.171167 147.602524 3.857873
v 0.319039 148.740234 5.641713
v 1.316206 147.999435 4.916525
v 1.330190 154.352036 -3.168930
v 2.173400 155.229721 2.952723
v 1.396117 154.571793 4.722938
v 1.154081 153.050690 5.061002
v 1.300514 152.454727 5.395459
v 1.826864 152.370575 5.476731
v 2.348219 152.356079 5.141826
v 2.893026 152.203857 4.735394
v 3.129154 152.721130 4.871891
v 3.027219 153.502457 4.916404
v 3.548762 152.973160 4.227692
v 4.145774 152.130356 3.283692
v 1.009854 169.031815 2.912174
v 2.689722 166.893997 4.336360
v 3.852463 164.922028 4.546243
v 4.621498 163.155212 4.357176
v 5.215618 161.469009 4.147961
v 5.366057 160.200592 3.825047
v 4.990603 159.450226 3.398712
v 2.044665 159.446350 4.040996
v 2.015599 159.581848 4.028579
v 2.334208 159.744415 4.232475
v 3.179921 159.790726 4.730980
v 4.022676 159.762329 4.541721
v 4.564926 159.700775 4.110369
v 4.789857 159.593323 3.765462
v 4.471626 159.201721 3.724552
v 3.921510 159.012680 4.140194
v 3.101432 158.843811 4.251764
v 2.329668 159.072357 4.095788
v 2.214257 159.159470 4.035069
v 2.136529 159.228210 3.995839
v 5.578227 159.037720 2.398627
v 6.036330 158.079437 2.002498
v 6.253746 156.622925 1.607183
v 5.662663 154.767654 1.390007
v 5.213143 159.120209 2.881764
v 5.305868 152.983063 1.265569
v 5.080420 151.026749 1.156459
v 4.855783 159.254425 3.238377
v 0.309130 147.093094 1.584137
v 1.023336 147.260147 2.552671
v 2.034438 147.794556 3.586701
v 0.267782 149.706940 5.752215
v 1.263834 148.797516 5.491021
v 2.221957 148.254608 4.640697
v 1.020385 150.586945 -4.264273
v 3.337620 152.790878 -1.465481
v 3.117276 153.805862 1.704406
v 1.932916 154.017685 4.416641
v 1.523930 152.869583 4.763757
v 1.648743 152.386902 5.095857
v 2.099112 152.234634 5.076989
v 2.505685 152.190018 4.803809
v 2.836449 151.905106 4.645501
v 3.255409 152.207520 4.581091
v 3.385147 152.853851 4.586840
v 3.767527 152.161423 4.003327
v 4.088273 150.927322 3.043956
v 1.108827 170.085510 -0.084253
v 2.966638 168.421967 2.606146
v 4.224076 166.188568 3.468088
v 5.039564 164.242920 3.510540
v 5.401799 162.277435 3.340129
v 5.752983 160.686218 3.255776
v 5.390831 159.488647 3.022304
v 2.050364 159.466629 3.959119
v 2.064986 159.609207 4.002523
v 2.158803 159.776459 4.087387
v 3.095941 159.933090 4.539387
v 3.915908 159.627151 4.386635
v 4.506364 159.579544 4.032568
v 4.717844 159.408829 3.591747
v 4.367600 159.273575 3.740594
v 3.897590 158.880356 4.001215
v 2.887616 158.609451 4.059277
v 2.322013 159.038376 4.048860
v 2.496849 158.873886 4.064209
v 2.179343 159.079697 3.954755
v 1.963682 159.213272 3.776567
v 5.817597 159.746124 2.583349
v 6.058510 158.992142 1.700969
v 6.502676 157.874954 0.878596
v 6.158161 155.695770 0.387460
v 5.812388 153.685699 0.461569
v 5.573055 151.716782 0.255067
v 4.554375 150.171112 1.921152
v 5.050707 149.965530 -0.255282
v 0.431927 146.023636 1.206916
v 0.928354 147.106110 1.403657
v 1.755786 147.440445 2.288660
v 2.751718 148.248093 3.220626
v 0.217575 150.597916 5.723127
v 1.048658 149.673462 5.546587
v 2.031322 149.020859 5.098722
v 2.865635 148.765717 4.167748
v 1.122226 148.108215 -3.212263
v 2.532882 150.784210 -2.586957
v 3.421230 151.535522 -0.564775
v 2.990861 152.559784 1.821146
v 2.385825 153.509613 3.858023
v 1.782837 152.646133 4.473204
v 1.883090 152.309753 4.775175
v 2.274023 152.197540 4.789421
v 2.534651 152.093033 4.739865
v 2.627754 151.658142 4.846070
v 3.131284 151.716293 4.460188
v 3.518393 152.196671 4.325613
v 3.762839 151.283417 3.832213
v 3.791663 150.012299 3.241459
v 1.243968 170.550613 -3.663526
v 3.325941 169.425049 -0.221824
v 4.657745 167.353973 1.922774
v 5.413528 165.177551 2.434271
v 5.809423 163.172531 2.350583
v 5.866058 161.231171 2.385890
v 1.946150 159.588058 3.790834
v 2.012907 159.679276 3.899384
v 2.092291 159.770889 4.026996
v 2.372289 160.034286 4.167910
v 2.876440 160.316559 4.269135
v 3.941876 159.830170 4.225136
v 4.358104 159.462006 3.885107
v 4.341333 159.238495 3.664816
v 3.970835 158.496017 3.319526
v 3.047636 158.210724 3.355705
v 2.341693 158.868561 3.905343
v 1.807635 159.174484 3.322517
v 6.080502 160.060074 1.804150
v 6.453137 159.075806 0.654918
v 6.843377 157.967422 -0.876233
v 6.154860 154.463882 -0.463411
v 6.486892 156.484497 -1.144333
v 5.946092 152.419464 -0.568105
v 5.603243 150.636047 -0.967639
v 4.032794 149.376007 2.401876
v 4.463899 149.363541 0.523311
v 4.591868 149.443604 -1.503270
v 0.420835 144.352173 0.093562
v 1.074887 146.137512 0.842568
v 1.493714 147.184128 1.107243
v 2.432469 147.809387 1.949508
v 3.394341 148.768921 2.797034
v 0.191197 151.268539 6.095865
v 0.881323 150.484848 5.604163
v 1.714476 149.731018 5.169826
v 2.636459 149.396423 4.612350
v 3.382315 149.329514 3.673595
v 0.403036 148.516846 -1.027920
v 2.015776 149.394974 -1.718181
v 3.114719 149.733749 0.255394
v 2.613239 151.981796 2.621471
v 2.474378 152.887665 3.575009
v 1.932398 152.472412 4.270874
v 1.994446 152.273804 4.551896
v 2.283199 152.178558 4.714211
v 2.380716 151.976715 4.941164
v 2.333453 151.417831 5.155415
v 2.914043 151.258820 4.579002
v 3.437052 151.540665 4.213883
v 3.466192 150.473434 3.900960
v 1.346359 170.101532 -7.578511
v 3.624992 169.817764 -3.689971
v 5.182669 168.163635 -0.578201
v 5.844750 165.967361 0.985971
v 6.167414 163.832199 1.289342
v 6.237478 161.821884 1.393747
v 1.775850 159.875641 3.357378
v 2.145216 160.020905 4.001326
v 3.047085 160.927979 3.549771
v 4.121613 160.521851 3.532414
v 4.361398 159.547607 3.748088
v 4.443234 159.111862 3.160918
v 4.150015 158.869354 2.388448
v 2.995831 158.736023 1.923558
v 2.200503 158.562363 3.367402
v 1.936138 159.040771 2.504337
v 6.354014 160.347626 0.822497
v 6.838708 159.325150 -0.809371
v 6.923120 158.261154 -2.693974
v 6.256368 153.200775 -1.337740
v 6.356135 155.125412 -1.624164
v 6.552425 156.866150 -2.714489
v 6.069104 151.308197 -1.639774
v 5.279038 150.112473 -2.076897
v 3.768735 148.832367 1.099261
v 4.013391 148.757416 -0.830490
v 4.935506 148.360687 -2.437870
v 0.419996 142.354568 -0.952574
v 1.151187 144.440506 -0.097763
v 1.594271 146.264694 0.416924
v 2.101679 147.425797 0.744967
v 3.062165 148.332520 1.547849
v 0.178077 151.867554 6.495400
v 0.852487 151.202881 6.075239
v 1.499938 150.406693 5.373747
v 2.278029 149.968765 4.770546
v 3.076367 149.880432 4.168412
v 0.151074 149.382065 0.644615
v 1.014991 149.177109 -0.667038
v 1.525155 149.237167 -0.506032
v 1.889185 149.624054 0.845741
v 2.820207 150.988663 2.395250
v 2.214613 152.090668 3.500514
v 2.294773 152.467880 3.533140
v 1.950364 152.274750 4.152036
v 1.995401 152.280640 4.484933
v 2.143657 152.180817 4.857156
v 2.122654 151.889740 5.286664
v 1.922676 151.220062 5.495754
v 2.567105 150.863388 4.834063
v 3.215594 150.889328 4.247421
v 1.338006 168.072281 -10.957207
v 3.836967 169.376312 -7.457199
v 5.575667 168.418976 -3.737069
v 6.297285 166.575165 -1.161047
v 6.576621 164.427719 -0.118909
v 6.594625 162.320862 0.282176
v 1.920220 160.216461 2.637599
v 2.130824 160.499527 3.483323
v 2.982807 160.586594 2.057677
v 4.254290 160.247665 2.448380
v 4.510833 159.814850 3.225988
v 6.738028 160.712494 -0.437761
v 7.085667 159.641800 -2.529467
v 7.192065 158.365463 -3.910159
v 6.382115 152.038284 -2.300749
v 6.479889 153.898849 -2.183141
v 6.525582 155.526459 -2.814868
v 7.132077 156.862213 -3.740006
v 5.843946 150.695786 -2.648425
v 5.511116 149.019287 -3.210747
v 3.458982 148.181839 -0.214078
v 4.206422 147.804062 -1.768984
v 5.470683 146.729034 -3.602613
v 0.494010 140.690872 -1.390020
v 1.365297 142.372345 -0.878339
v 1.750207 144.625443 -0.407543
v 2.136735 146.547897 -0.083682
v 2.797497 147.747208 0.312970
v 0.152499 152.371994 6.279376
v 0.820951 151.861099 6.378335
v 1.411234 151.155182 5.825655
v 2.064306 150.563538 5.097679
v 2.794578 150.378479 4.461799
v 0.787031 149.444260 0.845577
v 0.127911 150.526382 2.956445
v 1.346159 149.646317 1.037328
v 2.233678 150.303696 2.825514
v 2.241030 151.589600 3.567281
v 1.919180 152.077637 4.165817
v 1.874683 152.359207 4.650615
v 1.923353 152.229218 5.174449
v 1.776927 151.841446 5.694575
v 1.251747 165.006271 -12.888525
v 3.774669 167.373154 -10.512954
v 5.831952 167.857040 -7.081020
v 6.660665 166.662994 -3.847905
v 6.923687 164.865494 -1.972983
v 6.993615 162.827347 -1.103014
v 7.114511 161.104889 -1.962994
v 7.309089 159.911209 -3.898413
v 7.647965 159.195496 -4.255516
v 6.915610 157.506088 -4.110018
v 7.576341 158.282593 -4.388150
v 6.261374 151.350464 -3.158825
v 6.563302 152.774750 -2.992320
v 6.584315 154.332413 -3.040098
v 6.879849 155.714905 -3.661512
v 7.052244 156.729019 -4.290596
v 5.909079 149.765594 -3.908746
v 5.823058 147.487152 -4.487912
v 3.445855 147.361938 -1.260508
v 4.931150 146.206039 -2.733461
v 5.825468 145.036301 -4.735183
v 0.298982 150.292953 -10.630293
v 0.362759 148.283218 -10.986279
v 0.539691 139.090469 -1.003321
v 1.637050 140.825531 -1.131714
v 2.206958 142.593567 -0.925997
v 2.452195 144.956192 -0.825307
v 2.719682 146.959000 -0.697101
v 0.130105 152.696671 5.743827
v 0.713477 152.390625 6.165803
v 1.336088 151.836273 6.054510
v 0.673927 150.487045 3.019842
v 0.163626 150.674774 5.114594
v 1.216922 150.438995 3.174412
v 1.785545 150.328491 3.840988
v 2.085128 151.248367 3.946553
v 1.761252 151.974777 4.397448
v 1.643359 152.430969 4.910063
v 1.577585 152.299484 5.573823
v 1.120693 161.994766 -13.555364
v 3.483571 164.486237 -12.291318
v 5.595588 166.072433 -9.686999
v 6.832479 166.154984 -6.605611
v 7.188672 164.936813 -4.091779
v 7.279696 163.197433 -2.716606
v 7.324839 161.419586 -3.374108
v 7.362154 159.948853 -4.807942
v 8.042090 158.905746 -4.534685
v 7.855553 159.686478 -4.904400
v 7.136196 157.538803 -4.586195
v 7.339357 158.491364 -4.682441
v 6.119607 150.697922 -4.503479
v 6.445338 152.194092 -3.643179
v 6.633227 153.379532 -3.416020
v 6.608739 154.507004 -3.735712
v 6.780488 155.258682 -3.879409
v 6.699252 155.907944 -4.075734
v 5.941331 157.090210 -4.229452
v 5.939536 148.522446 -5.305782
v 5.954692 145.986374 -5.536230
v 4.220778 145.783432 -1.940695
v 5.447082 144.361954 -3.820295
v 6.520484 143.546219 -5.342697
v 0.317153 151.928528 -10.665741
v 1.433419 150.188995 -10.277982
v 0.570163 145.701813 -12.366769
v 1.697551 148.192703 -10.716184
v 0.578067 137.841263 -0.050100
v 1.926649 139.435455 -0.742989
v 2.600950 141.026840 -1.351151
v 3.032527 142.996613 -1.255871
v 3.311677 145.380417 -1.307403
v 0.112339 152.176468 5.349793
v 0.591230 152.674149 5.625169
v 1.168827 152.351715 5.899222
v 0.748655 150.777542 4.968626
v 1.119549 150.920822 4.782485
v 1.385928 151.130630 4.654062
v 1.701341 151.192627 4.407098
v 1.544041 152.038055 4.672173
v 1.338679 152.513794 5.193836
v 0.996741 159.163132 -13.381536
v 3.144288 161.560867 -12.987493
v 5.183091 163.548294 -11.234704
v 6.591410 164.690338 -8.776916
v 7.274354 164.498917 -6.211142
v 7.446021 163.249664 -4.355257
v 7.457158 161.572571 -4.582681
v 7.348389 159.564331 -5.434948
v 7.914068 159.054443 -4.829911
v 8.487601 159.465073 -5.012251
v 7.958083 159.725082 -5.665269
v 6.738250 156.920853 -4.954057
v 6.827536 157.760208 -4.815357
v 7.248601 158.215591 -5.278918
v 5.850262 149.931412 -5.959167
v 6.234159 151.903854 -4.904333
v 6.504097 152.924866 -4.081933
v 6.924136 153.573593 -3.820138
v 7.287105 154.728531 -4.432102
v 7.258881 155.244537 -4.435572
v 6.481537 155.360138 -4.044259
v 5.841302 155.875290 -3.998753
v 6.385326 155.894012 -4.748395
v 5.694590 147.274857 -6.300197
v 6.713022 144.553711 -6.262415
v 4.793183 143.879715 -2.818548
v 6.154713 142.803284 -4.453929
v 7.941776 142.474670 -5.401122
v 0.789120 156.642715 -12.389962
v 0.566334 154.796539 -11.538315
v 0.404975 153.428574 -11.041005
v 1.397339 151.797424 -10.370011
v 2.469543 149.917496 -9.789944
v 0.929754 143.241699 -14.755477
v 2.277814 145.582611 -12.036889
v 2.951676 147.946182 -10.201663
v 0.721126 136.383591 0.840763
v 2.200289 138.156021 0.023772
v 3.166846 139.737961 -0.943225
v 3.452223 141.349380 -1.817983
v 3.911202 143.467789 -1.900232
v 0.547821 152.141418 5.250503
v 0.992395 152.602509 5.432904
v 0.902505 152.102203 5.101916
v 1.226027 152.076843 4.912459
v 2.809831 158.881317 -12.789780
v 4.733823 160.835632 -11.857881
v 6.231052 162.448639 -10.070002
v 7.132796 163.267334 -7.938221
v 7.454988 162.862244 -5.925947
v 7.457930 161.272797 -5.680233
v 7.279136 159.143585 -5.891434
v 7.453175 158.882614 -5.493560
v 8.425766 159.388382 -5.406769
v 8.874355 159.706497 -5.961536
v 7.972451 159.378235 -6.422951
v 6.716876 157.204132 -5.388628
v 6.664253 156.209457 -5.599803
v 6.850467 157.756592 -5.590171
v 7.669269 157.933197 -5.835578
v 5.182022 149.263458 -6.866659
v 5.843817 151.664291 -6.426831
v 6.319995 152.960587 -4.883131
v 6.371490 153.348648 -4.726846
v 6.917002 153.280930 -4.609079
v 7.143735 154.028244 -4.557761
v 7.660841 155.125732 -5.125208
v 7.521953 155.514511 -5.157319
v 6.804521 155.226547 -4.724103
v 6.558940 145.727936 -7.142774
v 8.353727 143.550659 -6.452099
v 5.428990 142.219009 -3.434036
v 7.441896 141.642548 -4.437966
v 9.911090 141.417725 -5.484182
v 2.343538 156.608200 -12.000721
v 1.908316 154.803848 -11.282614
v 1.583144 153.335480 -10.782249
v 2.356175 151.595398 -9.869375
v 3.388224 149.566437 -9.199776
v 3.368014 143.511124 -14.610781
v 1.273392 140.772156 -16.593441
v 4.039728 145.627640 -11.605737
v 4.129609 147.568344 -9.538142
v 2.619084 136.699860 0.910687
v 3.799993 138.511459 -0.148587
v 4.334981 140.051636 -1.322321
v 4.419820 141.771896 -2.399716
v 4.263501 158.388702 -11.718016
v 5.807994 159.983871 -10.560050
v 6.840413 161.353317 -8.974937
v 7.322974 161.867310 -7.213944
v 7.321909 160.495926 -6.526379
v 7.198576 158.609848 -6.433567
v 8.053466 159.193604 -5.809533
v 8.750749 159.374329 -6.273287
v 8.879879 159.407028 -6.929413
v 7.835182 158.512848 -6.959769
v 6.911303 156.669754 -6.012609
v 7.084444 155.554459 -5.495094
v 7.163371 157.072113 -6.276979
v 7.745947 157.165909 -6.242240
v 8.103735 158.174683 -6.188730
v 4.648011 148.957565 -7.724018
v 5.078167 151.404404 -7.362196
v 5.996425 153.480164 -6.865329
v 6.194090 154.019638 -5.565714
v 6.653721 154.151306 -5.133924
v 7.399295 153.809174 -5.498428
v 7.583745 154.544250 -5.274924
v 7.878113 155.549286 -5.799224
v 7.738794 155.868622 -5.937579
v 8.504721 144.697205 -7.522321
v 5.983548 146.673691 -8.052422
v 10.472808 142.508408 -6.767137
v 6.617563 140.925003 -3.224503
v 9.242383 140.695877 -3.991272
v 12.152275 140.366211 -5.217526
v 3.608737 156.352478 -11.208272
v 2.972381 154.690491 -10.687635
v 2.547504 153.177292 -10.274624
v 3.146724 151.364990 -9.286496
v 4.114074 149.219101 -8.494106
v 5.731548 143.731918 -13.895367
v 4.399299 141.354828 -16.631960
v 5.704407 145.668930 -10.871089
v 5.183203 147.139359 -8.835804
v 4.496981 137.032684 0.613539
v 5.278711 138.772064 -0.690572
v 5.501664 140.427551 -2.030083
v 5.248308 157.757095 -10.471314
v 6.405413 159.178741 -9.299102
v 7.070162 160.254211 -7.929348
v 7.093738 159.329559 -7.045033
v 6.989075 157.529816 -6.802119
v 8.328357 159.043808 -6.514103
v 8.742841 158.928452 -6.973897
v 8.589020 158.358887 -7.625574
v 7.600772 157.186630 -6.960474
v 7.388906 156.092789 -6.138359
v 7.616236 156.523026 -6.390559
v 8.232698 157.163956 -6.315320
v 4.375448 151.270874 -8.022679
v 5.321297 153.373291 -7.887364
v 6.183703 155.013000 -7.210698
v 6.366573 155.291687 -6.041151
v 7.009400 155.076843 -5.561679
v 7.763257 154.567352 -6.310104
v 7.731061 155.112900 -6.005865
v 8.170760 156.092728 -6.346551
v 7.996196 156.305725 -6.292871
v 10.779895 143.708603 -8.108945
v 8.113649 145.418808 -8.784627
v 13.148797 141.537689 -6.995063
v 8.106546 139.835617 -2.627618
v 10.808905 139.243439 -3.818904
v 4.529742 155.794678 -10.200973
v 3.680745 154.255356 -9.910879
v 3.264956 152.988266 -9.670130
v 3.776731 151.251038 -8.668140
v 7.723514 144.031387 -12.777478
v 7.296789 142.101181 -16.113152
v 7.158658 145.598282 -9.950250
v 6.272671 137.381363 -0.063718
v 6.709146 139.182999 -1.471861
v 5.895300 157.194458 -9.304496
v 6.705247 158.448700 -8.157545
v 6.890532 157.910141 -7.342453
v 6.675292 156.298904 -6.672534
v 8.299635 158.317459 -7.079983
v 8.502070 158.131348 -7.413969
v 8.379066 156.874710 -7.493593
v 7.321948 155.992828 -6.365574
v 8.281101 157.056915 -6.801217
v 4.611009 153.360519 -8.634819
v 5.771778 155.090591 -8.255843
v 6.603022 156.433594 -7.435999
v 8.075350 155.513092 -6.990396
v 8.126353 155.843689 -6.604625
v 13.539872 142.598587 -9.012299
v 10.395688 144.378738 -9.744605
v 9.336668 138.423477 -2.261788
v 5.234111 155.315674 -9.193869
v 3.847358 153.091751 -9.197466
v 9.319571 144.314911 -11.387257
v 9.727920 142.612839 -14.748276
v 7.876032 137.852142 -0.971336
v 6.329072 156.737442 -8.263394
v 8.305461 156.893890 -7.074595
v 12.859500 142.937424 -10.958615
v 11.546671 142.886642 -12.827415
v -0.533557 158.785385 6.714269
v -0.449285 158.029602 7.290006
v -0.449979 159.452087 6.226995
v -1.152959 158.149689 5.995370
v -0.444187 157.313171 7.941310
v -1.109827 157.495178 6.603083
v -0.370162 160.002457 6.021815
v -0.879587 159.290604 5.409704
v -1.702048 157.461365 5.381433
v -1.289091 158.579132 5.288692
v -0.417828 154.080765 6.846555
v -0.308766 154.742981 6.835685
v -0.460383 156.530014 8.423727
v -1.157625 156.890549 7.275876
v -1.620355 157.069534 5.742282
v -0.393222 160.579071 6.342288
v -0.869447 159.832718 5.242311
v -1.163273 159.248550 4.649130
v -1.859888 157.851059 4.955418
v -2.295528 156.787323 4.831890
v -1.436465 158.720108 4.666239
v -0.463132 153.271683 6.845964
v -1.125211 153.989166 6.639355
v -0.201406 155.205078 7.081089
v -1.001415 154.760788 6.517027
v -0.347288 155.806595 8.198616
v -1.144394 156.343231 7.723308
v -1.674880 156.547638 6.656748
v -1.692431 156.706375 5.865174
v -2.058211 156.433182 5.066436
v -0.444070 161.538925 6.570529
v -1.426318 160.490799 6.220258
v -1.268860 159.596176 4.464918
v -1.554660 160.172684 5.131825
v -1.561082 159.286041 4.414698
v -2.595760 157.185364 4.521157
v -2.073266 158.171448 4.569743
v -3.104210 156.054489 4.543580
v -1.883960 158.820770 4.489032
v -0.399613 152.720505 6.556208
v -1.039661 153.282928 6.652129
v -1.776646 153.662247 6.295952
v -0.207859 155.458679 7.668691
v -0.410350 155.499603 6.840765
v -1.516824 154.844009 5.920301
v -0.889379 155.367523 6.425610
v -0.961752 155.843414 7.664205
v -1.599513 156.085846 7.054566
v -1.940133 156.270309 6.089036
v -1.885488 156.207916 5.271509
v -2.708820 155.579987 4.864915
v -0.635243 162.630005 6.227108
v -1.629096 161.500854 6.559464
v -2.624728 160.574753 5.976253
v -1.610418 159.434143 4.393471
v -1.782430 159.913361 4.482450
v -2.527163 160.168472 5.206549
v -1.905964 159.137192 4.399875
v -1.709005 159.325546 4.292686
v -3.058951 157.650482 4.365470
v -3.571701 156.534775 4.165151
v -2.374699 158.459167 4.467434
v -3.951749 155.320480 4.192090
v -2.498967 158.735535 4.458372
v -0.332274 152.621323 5.900280
v -0.888823 152.742401 6.384748
v -1.567411 153.078430 6.386470
v -2.305683 153.291031 5.929214
v -2.034039 154.314468 5.932918
v -0.232548 155.821304 7.452049
v -0.488422 156.006790 6.594759
v -1.545803 155.162979 6.145672
v -1.777728 155.137924 5.463387
v -1.179648 155.393707 6.258752
v -0.708641 155.757568 6.109107
v -0.789157 155.793320 7.363503
v -1.353318 155.766434 7.089612
v -1.937813 155.731430 6.438082
v -1.932583 155.890427 5.527193
v -1.960458 155.601456 5.207673
v -2.482761 155.124832 5.067233
v -3.347522 154.800140 4.664297
v -0.742894 163.832718 5.913305
v -1.953232 162.679382 6.299677
v -2.928508 161.483322 6.102151
v -3.780486 160.581238 5.407621
v -1.714740 159.391785 4.281491
v -1.943354 159.690735 4.383316
v -2.564987 160.226074 4.659607
v -3.544511 160.168808 5.091763
v -2.541759 158.984283 4.416481
v -2.006915 159.253906 4.184857
v -1.845224 159.280579 4.185708
v -4.297390 157.138107 3.930729
v -3.391145 158.188034 4.351713
v -4.468783 155.846130 3.708975
v -4.465021 154.499695 3.587438
v -3.353539 158.552383 4.401178
v -0.386868 153.336807 5.428617
v -0.757157 152.613770 5.789474
v -1.335136 152.709946 6.157099
v -2.018483 152.848862 6.031048
v -2.673718 152.905838 5.535616
v -2.553531 153.766098 5.693340
v -2.302870 154.733765 5.450879
v -0.231891 156.400620 7.182957
v -0.661904 156.627243 6.529929
v -1.608501 155.479324 6.558922
v -1.893790 155.373672 5.837316
v -1.303815 155.555099 6.516191
v -1.145669 155.648697 5.913420
v -0.849801 156.551819 5.514445
v -0.732319 156.236938 7.133686
v -1.147716 155.738022 6.941792
v -3.003905 154.446060 4.962991
v -3.859574 154.034027 4.257071
v -0.864166 165.437836 5.715600
v -2.200742 163.806885 5.725493
v -3.277512 162.442215 5.832151
v -4.093949 161.224136 5.355362
v -4.692356 160.310104 4.726678
v -1.781361 159.430145 4.217811
v -2.044514 159.540909 4.285298
v -2.556228 159.969757 4.586702
v -3.464395 160.051834 4.823068
v -4.387089 160.010620 4.634346
v -3.308820 158.791412 4.409041
v -2.524992 159.143677 4.286340
v -2.105539 159.218674 4.029379
v -2.042814 159.263184 4.038403
v -5.280269 157.819901 3.184392
v -5.338421 156.445251 3.167757
v -4.492475 158.315125 3.750185
v -5.117070 155.053558 3.023250
v -4.743027 153.608963 2.888673
v -4.237087 158.657288 3.961667
v -0.626700 147.545914 3.984789
v -0.666827 147.923233 5.014072
v -0.930533 155.616882 1.349336
v -0.700580 155.231277 4.697289
v -0.907477 153.229324 5.276444
v -1.176769 152.609802 5.634821
v -1.753231 152.531784 5.897414
v -2.381852 152.632141 5.602622
v -2.931655 152.574448 5.147728
v -2.988120 153.285065 5.330166
v -2.816474 154.150726 5.316816
v -0.542165 156.539551 6.972466
v -1.121605 156.113403 6.767398
v -1.285027 155.963242 6.317738
v -3.481934 153.749344 4.700473
v -4.218084 153.193588 3.688398
v -0.958932 167.374054 4.872795
v -2.497104 165.280884 5.383659
v -3.562688 163.527161 5.198707
v -4.382385 162.010834 4.984726
v -5.067981 160.720596 4.575325
v -5.109263 159.990143 3.942204
v -1.952399 159.432770 4.104254
v -2.038672 159.558029 4.097489
v -2.497379 159.759735 4.385641
v -3.411130 159.968369 4.824524
v -4.210288 159.917175 4.475889
v -4.827952 159.781906 4.035958
v -4.135264 158.885086 4.079872
v -3.273861 158.973785 4.338656
v -2.462312 159.172928 4.135364
v -2.265728 159.209976 4.027604
v -2.218196 159.256897 4.032782
v -5.767340 158.538300 2.439543
v -6.183875 157.293991 2.348695
v -5.962646 155.735474 2.312405
v -5.065468 158.806198 3.051916
v -5.426662 154.161133 2.180172
v -4.999734 152.502151 2.204320
v -4.724173 159.040985 3.391434
v -0.513681 147.219772 2.660593
v -1.524161 147.591705 3.795459
v -0.631977 148.764832 5.600516
v -1.650424 147.968750 4.823286
v -1.743268 154.330811 -3.104922
v -2.383489 155.292801 2.974346
v -1.583484 154.567642 4.744977
v -1.383242 153.080963 5.082879
v -1.549878 152.535507 5.420300
v -2.109673 152.374405 5.538403
v -2.558294 152.419113 5.204500
v -3.109260 152.303467 4.797570
v -3.337812 152.788925 4.960664
v -3.286762 153.561127 5.018309
v -3.841040 152.973312 4.324425
v -4.463878 152.203842 3.177608
v -1.060032 169.045120 2.956826
v -2.745364 166.984589 4.445054
v -3.946795 164.854340 4.611172
v -4.676366 163.014587 4.365474
v -5.317457 161.395874 4.068815
v -5.442647 160.196213 3.714889
v -5.165710 159.547928 3.352071
v -2.111431 159.451721 4.063963
v -2.075683 159.576904 4.078528
v -2.407714 159.706741 4.231678
v -3.338635 159.898605 4.627220
v -4.186604 159.821869 4.426578
v -4.666500 159.758301 3.978682
v -4.911668 159.640503 3.630623
v -4.601156 159.218185 3.598102
v -4.039813 159.053726 4.071108
v -3.215206 158.917191 4.242989
v -2.403295 159.139618 4.071291
v -2.306662 159.198761 4.021141
v -2.204761 159.259415 3.961601
v -5.906596 159.290070 2.240204
v -6.404529 158.312866 1.636157
v -6.596391 156.735504 1.288267
v -6.015224 154.906799 1.381565
v -5.403067 159.300812 2.823189
v -5.562117 153.128204 1.325702
v -5.316977 151.219452 1.209695
v -5.001460 159.415085 3.159520
v -0.376230 147.119720 1.552639
v -1.302000 147.252838 2.511970
v -2.359855 147.835281 3.500610
v -0.553453 149.730835 5.699749
v -1.574046 148.821335 5.440223
v -2.523442 148.243896 4.499889
v -1.435713 150.614990 -4.073737
v -3.459538 152.797119 -1.408191
v -3.225505 153.862137 1.708697
v -2.125788 154.059555 4.433957
v -1.799218 152.920364 4.823634
v -1.876176 152.422455 5.139270
v -2.349316 152.302536 5.165783
v -2.689061 152.271072 4.865194
v -3.072486 151.992722 4.700042
v -3.475660 152.292038 4.635724
v -3.635245 152.906433 4.672735
v -4.076099 152.194031 3.970125
v -4.414994 151.084122 2.927880
v -1.214930 170.062775 -0.022429
v -2.975555 168.476456 2.695344
v -4.330952 166.272903 3.494886
v -5.101502 164.160706 3.538458
v -5.434585 162.212891 3.238604
v -5.818408 160.666077 3.153101
v -5.558518 159.626617 3.006156
v -2.106941 159.485580 3.949623
v -2.136797 159.590500 4.046335
v -2.257162 159.699768 4.127197
v -3.242594 159.998093 4.491425
v -4.087487 159.751190 4.245829
v -4.640734 159.669495 3.884366
v -4.809819 159.525543 3.449603
v -4.471050 159.345886 3.667473
v -4.009142 158.972763 3.934942
v -3.002443 158.664276 4.022105
v -2.388633 159.107651 4.038638
v -2.547236 158.975632 4.084611
v -2.246444 159.132278 3.914906
v -2.070495 159.262024 3.767804
v -6.014365 159.919312 2.481682
v -6.364425 159.346329 1.339970
v -6.854049 158.118576 0.461918
v -6.460634 155.833633 0.259766
v -6.013178 153.863007 0.512592
v -5.802853 151.950668 0.429196
v -4.842332 150.314606 1.844241
v -5.357269 150.133804 -0.052256
v -0.399658 145.973038 1.251168
v -1.060658 147.146133 1.364666
v -2.091546 147.407791 2.251111
v -3.063953 148.297348 3.100055
v -0.493997 150.609009 5.710216
v -1.344111 149.723343 5.528861
v -2.330202 149.013458 4.970276
v -3.192570 148.734985 3.962187
v -1.478119 148.536240 -3.008177
v -2.736730 150.874512 -2.497813
v -3.552045 151.671646 -0.532687
v -3.135531 152.639496 1.848943
v -2.579068 153.556534 3.857639
v -2.026110 152.698227 4.525438
v -2.097542 152.360428 4.865911
v -2.466218 152.268997 4.894322
v -2.741974 152.173386 4.802425
v -2.868858 151.773941 4.904927
v -3.399045 151.792297 4.495910
v -3.773092 152.242783 4.375242
v -4.113008 151.408203 3.791344
v -4.103623 150.152405 3.101726
v -1.284490 170.518936 -3.661257
v -3.389141 169.453812 -0.106148
v -4.679378 167.507629 1.855133
v -5.514019 165.271912 2.282650
v -5.774258 163.171951 2.245107
v -5.936705 161.305038 2.219458
v -1.986323 159.614471 3.769337
v -2.072916 159.691696 3.909768
v -2.208972 159.703186 4.095817
v -2.409757 159.996613 4.175235
v -2.966550 160.404083 4.274095
v -4.091327 159.940247 4.102157
v -4.490866 159.595963 3.754572
v -4.453731 159.322693 3.546306
v -4.105173 158.614059 3.197292
v -3.120806 158.281464 3.267668
v -2.386041 158.911942 3.918096
v -1.898982 159.218170 3.341467
v -6.248859 160.317978 1.524293
v -6.727695 159.438507 0.206827
v -7.114994 158.169357 -1.148882
v -6.390965 154.620773 -0.464800
v -6.777651 156.641907 -1.302801
v -6.206755 152.687119 -0.350371
v -5.907602 150.829422 -0.699720
v -4.329091 149.477249 2.263878
v -4.756517 149.446182 0.511266
v -4.976572 149.413742 -1.305646
v -0.451189 144.287079 0.092374
v -1.165648 145.998184 0.891004
v -1.742821 147.224243 1.068558
v -2.816509 147.782486 1.881663
v -3.679571 148.863541 2.659706
v -0.478885 151.256012 6.063382
v -1.168505 150.515915 5.611850
v -1.978460 149.795532 5.114293
v -2.948996 149.400024 4.461751
v -3.721251 149.362564 3.446874
v -0.891460 148.634521 -1.152305
v -2.257032 149.560043 -1.743254
v -3.342471 149.982834 0.270929
v -2.832125 152.057297 2.694586
v -2.599643 152.949997 3.574351
v -2.092884 152.496017 4.314106
v -2.148367 152.351395 4.693425
v -2.476556 152.261230 4.849538
v -2.608572 152.104797 4.991693
v -2.609007 151.568146 5.208577
v -3.192697 151.350647 4.618056
v -3.760442 151.609329 4.237756
v -3.857438 150.635483 3.782338
v -1.280025 170.102386 -7.583124
v -3.754403 169.764023 -3.674291
v -5.189442 168.241013 -0.544845
v -5.963447 166.149979 0.741113
v -6.253397 163.991104 0.975179
v -6.295739 161.963531 1.099377
v -1.846114 159.894760 3.386693
v -2.206728 160.013596 4.003913
v -3.076063 161.048538 3.581874
v -4.230843 160.580200 3.381006
v -4.498635 159.645615 3.602023
v -4.547810 159.225433 3.018852
v -4.223896 159.115005 2.252308
v -2.978840 158.922485 1.890761
v -2.256746 158.659943 3.341028
v -1.972821 159.118103 2.605240
v -6.567484 160.678925 0.400742
v -7.026620 159.648651 -1.098231
v -7.206728 158.422668 -2.781846
v -6.503123 153.442459 -1.182757
v -6.628622 155.271072 -1.660101
v -6.838160 157.016632 -2.823484
v -6.321099 151.565460 -1.367575
v -5.485080 150.105560 -1.861947
v -4.099533 148.825333 0.979467
v -4.423624 148.774536 -0.789145
v -5.247127 148.395615 -2.352740
v -0.655551 142.447113 -1.070594
v -1.326799 144.271835 -0.162199
v -1.846855 146.089615 0.361514
v -2.438008 147.472702 0.665766
v -3.473592 148.266785 1.455489
v -0.483124 151.855164 6.501880
v -1.116432 151.215897 6.049930
v -1.788223 150.492249 5.382848
v -2.548701 150.067627 4.723478
v -3.460656 149.938766 3.994491
v -0.531861 149.412476 0.611890
v -1.308932 149.270218 -0.876674
v -1.820152 149.411972 -0.623115
v -2.210557 149.870102 0.818928
v -2.966886 151.118393 2.364775
v -2.414668 152.128647 3.597223
v -2.435391 152.500854 3.584012
v -2.124013 152.294968 4.225389
v -2.151654 152.338913 4.663458
v -2.367752 152.270172 4.987099
v -2.358598 152.027374 5.317867
v -2.227118 151.363937 5.542403
v -2.859450 150.964676 4.869738
v -3.548162 150.979507 4.272970
v -1.212336 168.081100 -10.929289
v -3.811917 169.476822 -7.483237
v -5.684238 168.367157 -3.764250
v -6.438431 166.556885 -1.274271
v -6.742517 164.620026 -0.457239
v -6.732908 162.571075 -0.137909
v -1.929396 160.243011 2.679688
v -2.145638 160.527405 3.502563
v -2.972917 160.628754 2.044390
v -4.262969 160.317810 2.345779
v -4.591470 159.947769 3.062268
v -6.916509 161.084976 -0.833731
v -7.259493 159.910416 -2.588039
v -7.443432 158.554077 -4.041351
v -6.628652 152.365112 -2.077281
v -6.728697 154.091125 -2.126169
v -6.822592 155.676620 -2.908082
v -7.304603 156.944794 -3.913384
v -5.991295 150.791489 -2.431869
v -5.783446 149.072235 -2.911144
v -3.830847 148.178558 -0.291129
v -4.597713 147.813583 -1.867886
v -5.961578 146.958084 -3.223409
v -0.849292 140.719666 -1.504853
v -1.734604 142.491104 -1.133865
v -2.202427 144.362839 -0.560119
v -2.577982 146.360352 -0.217821
v -3.162382 147.757507 0.208433
v -0.437305 152.382050 6.274990
v -1.103375 151.877563 6.398928
v -1.720865 151.244537 5.848507
v -2.375958 150.678741 5.141459
v -3.121964 150.450104 4.439303
v -1.139550 149.587097 0.738759
v -0.432419 150.529984 2.968187
v -1.665393 149.846619 0.945485
v -2.521529 150.445892 2.825018
v -2.479239 151.673828 3.642371
v -2.131889 152.124191 4.262898
v -2.100635 152.391220 4.763418
v -2.132205 152.302521 5.271003
v -2.023472 151.944717 5.689152
v -1.108322 165.025436 -12.886534
v -3.574834 167.489944 -10.535838
v -5.784911 168.027054 -7.172918
v -6.815900 166.615738 -3.913153
v -7.084193 164.949188 -2.078766
v -7.131818 163.061081 -1.419081
v -7.227806 161.457733 -2.115730
v -7.463706 160.119507 -3.970467
v -7.821220 159.356094 -4.500289
v -7.140798 157.623260 -4.255384
v -7.706720 158.457275 -4.646984
v -6.455802 151.570847 -3.030879
v -6.740890 153.112061 -2.820044
v -6.797282 154.521606 -3.123760
v -7.175257 155.862518 -3.784231
v -7.250428 156.796997 -4.393095
v -6.180456 149.863464 -3.537557
v -6.288660 147.760452 -3.944536
v -3.849936 147.271561 -1.434500
v -5.424406 146.294312 -2.564847
v -6.243762 145.325302 -4.345790
v -0.925835 150.287003 -10.687104
v -1.015645 148.279739 -10.989927
v -0.971100 139.119385 -1.017211
v -2.064891 140.856918 -1.349910
v -2.708420 142.627045 -1.243854
v -3.053369 144.715500 -1.044954
v -3.189601 146.767334 -0.871822
v -0.370324 152.709274 5.753257
v -0.981615 152.427521 6.201687
v -1.631445 151.904129 6.084809
v -0.977373 150.510712 3.006673
v -0.449354 150.671463 5.108814
v -1.501125 150.474777 3.178401
v -2.034623 150.427490 3.845784
v -2.316570 151.327286 3.977823
v -1.994288 152.038223 4.447891
v -1.882911 152.501648 4.983656
v -1.830666 152.351288 5.630684
v -1.022267 162.017670 -13.541682
v -3.298531 164.570419 -12.284849
v -5.383998 166.295883 -9.762156
v -6.858766 166.287033 -6.683827
v -7.297438 165.034073 -4.160027
v -7.394153 163.346207 -2.834863
v -7.453268 161.731689 -3.448251
v -7.504647 160.156372 -4.949781
v -8.141207 159.167389 -4.862544
v -8.072105 159.871155 -5.125177
v -7.305246 157.685913 -4.696549
v -7.302146 158.529175 -4.792385
v -6.400056 150.856369 -4.184042
v -6.656745 152.409500 -3.629817
v -6.795402 153.585251 -3.487738
v -6.795648 154.583786 -3.934520
v -7.033286 155.222015 -4.035268
v -6.931368 155.921051 -4.146153
v -6.202314 157.083771 -4.309738
v -6.433442 148.780579 -4.690149
v -6.330769 146.275314 -5.125712
v -4.718983 145.696854 -1.984950
v -5.940037 144.576508 -3.500035
v -7.045891 143.804626 -5.313767
v -0.835259 151.947784 -10.706284
v -2.108888 150.175797 -10.422920
v -1.143912 145.701324 -12.437680
v -2.407609 148.201584 -10.742762
v -1.034585 137.920303 -0.070487
v -2.345045 139.495728 -0.927462
v -3.066791 141.028183 -1.610894
v -3.603394 142.960876 -1.595974
v -3.904522 145.152786 -1.479138
v -0.361600 152.197556 5.349671
v -0.830976 152.706528 5.670242
v -1.451849 152.412186 5.961132
v -1.032089 150.779251 4.939011
v -1.393669 150.968903 4.755910
v -1.656888 151.194885 4.645403
v -1.956664 151.262299 4.418147
v -1.770561 152.111786 4.694486
v -1.588313 152.589752 5.250261
v -0.985789 159.200928 -13.379148
v -3.015549 161.660751 -12.903146
v -4.984300 163.687973 -11.221549
v -6.511702 164.940659 -8.890737
v -7.337945 164.709686 -6.325657
v -7.518752 163.407623 -4.462541
v -7.556317 161.774506 -4.698668
v -7.539823 159.920410 -5.721340
v -7.845615 159.269974 -5.132835
v -8.569822 159.679993 -5.371786
v -8.283939 160.084839 -5.942935
v -6.869108 157.102951 -5.098347
v -6.894688 157.931290 -4.971260
v -7.402692 158.283417 -5.525624
v -6.404318 150.135361 -5.430199
v -6.463175 152.082321 -4.756752
v -6.637147 153.261612 -4.166553
v -6.914781 153.737778 -3.951963
v -7.412899 154.674103 -4.806695
v -7.600883 155.396576 -4.598431
v -6.761363 155.437103 -4.164613
v -6.087192 155.981567 -4.004982
v -6.151335 156.031555 -4.742200
v -6.247002 147.527756 -5.863386
v -7.203701 144.813995 -6.214009
v -5.269437 143.940964 -2.733832
v -6.506472 142.933167 -4.423504
v -8.645547 142.678177 -5.626999
v -0.978525 156.661621 -12.410559
v -0.894017 154.832382 -11.563045
v -0.848784 153.494904 -11.018928
v -1.929279 151.828873 -10.476309
v -3.209890 149.969574 -9.998946
v -1.407938 143.179932 -14.762171
v -2.980738 145.626846 -12.297074
v -3.759812 148.049820 -10.287547
v -1.171824 136.451035 0.819264
v -2.623528 138.343338 -0.145580
v -3.546404 139.856415 -1.196802
v -3.950222 141.276184 -2.113907
v -4.450809 143.394348 -2.088677
v -0.796403 152.186600 5.251281
v -1.235701 152.664124 5.491308
v -1.152915 152.155548 5.109830
v -1.472053 152.137405 4.929420
v -2.796503 158.972610 -12.735307
v -4.587458 161.002121 -11.783182
v -6.096264 162.642380 -10.091361
v -7.137268 163.581650 -8.099154
v -7.542192 163.075821 -6.023438
v -7.558292 161.454330 -5.803056
v -7.522783 159.457886 -6.204532
v -7.604681 158.872238 -5.734891
v -8.348687 159.632965 -5.710994
v -8.878839 159.821091 -6.194388
v -8.274180 159.714050 -6.789206
v -6.748015 157.432129 -5.569691
v -6.880835 156.376022 -5.637639
v -6.825448 157.987717 -5.802824
v -7.852106 158.039429 -6.005633
v -5.955630 149.391998 -6.582181
v -6.404372 151.827423 -6.114719
v -6.506045 153.256180 -4.904306
v -6.617031 153.647812 -4.723738
v -7.237334 153.378769 -4.724507
v -7.429650 154.041504 -4.784434
v -7.752698 155.072632 -5.567924
v -7.813817 155.733704 -5.465559
v -6.879401 155.467834 -4.860540
v -7.053646 146.031097 -7.058826
v -9.063677 143.866302 -6.629860
v -5.696112 142.171997 -3.522946
v -7.887708 141.659943 -4.506756
v -10.294344 141.595001 -5.725789
v -2.549982 156.720932 -12.031152
v -2.259023 154.944138 -11.348190
v -2.017620 153.495392 -10.843684
v -2.888749 151.623047 -10.050556
v -4.142939 149.700241 -9.375053
v -3.879247 143.560532 -14.745699
v -1.772657 140.767502 -16.581726
v -4.826172 145.677551 -11.918029
v -4.998079 147.780701 -9.676856
v -2.983638 136.799362 0.678936
v -4.142797 138.746765 -0.433751
v -4.732894 140.199295 -1.601302
v -4.811756 141.631012 -2.729170
v -4.248338 158.545120 -11.681888
v -5.705507 160.184677 -10.547512
v -6.791186 161.574036 -9.048293
v -7.421145 162.089279 -7.330201
v -7.454460 160.708908 -6.703235
v -7.470398 158.846222 -6.494734
v -8.066903 159.176147 -6.082595
v -8.653502 159.564972 -6.508053
v -8.875779 159.464371 -7.154998
v -8.006752 158.737762 -7.256915
v -7.171603 156.817932 -6.107058
v -7.277252 155.828629 -5.712483
v -7.461938 157.227493 -6.389915
v -8.052762 157.338730 -6.312811
v -8.262150 158.360748 -6.432590
v -5.477299 149.153839 -7.687342
v -5.805549 151.533646 -7.226145
v -6.479521 153.609741 -6.728149
v -6.511846 153.985535 -5.751599
v -6.840209 154.090439 -5.499662
v -7.705932 153.961166 -5.693038
v -7.909773 154.546112 -5.563684
v -8.073502 155.577621 -6.231367
v -8.133175 156.019867 -5.996872
v -9.175105 145.028809 -7.715379
v -6.725401 147.022995 -8.009994
v -10.909779 142.766312 -7.070830
v -6.890431 140.990555 -3.284024
v -9.611940 140.937469 -4.101290
v -12.469098 140.627609 -5.582948
v -3.806388 156.492935 -11.247682
v -3.342041 154.836502 -10.811902
v -2.966253 153.341522 -10.394475
v -3.693204 151.457382 -9.497604
v -4.874415 149.403183 -8.586080
v -6.254208 143.889572 -14.147792
v -4.805171 141.408020 -16.767590
v -6.506852 145.773285 -11.172090
v -6.060140 147.481125 -8.903595
v -4.799816 137.284058 0.397367
v -5.641031 139.093338 -0.942391
v -5.833945 140.548187 -2.257024
v -5.295187 157.934052 -10.504974
v -6.419036 159.368576 -9.371975
v -7.108764 160.460709 -8.060724
v -7.243934 159.512604 -7.195647
v -7.259102 157.717361 -6.679702
v -8.220370 158.998001 -6.672534
v -8.714887 159.072205 -7.137608
v -8.764418 158.532608 -7.709121
v -7.875140 157.364624 -6.974588
v -7.699203 156.312393 -6.176981
v -7.955693 156.707474 -6.413270
v -8.531532 157.314407 -6.544747
v -5.045562 151.417999 -8.078502
v -5.944790 153.471771 -7.798826
v -6.658209 155.109055 -7.162387
v -6.679117 155.276245 -6.054508
v -7.230961 155.128754 -5.865611
v -8.086425 154.789017 -6.470847
v -8.136275 155.264557 -6.274239
v -8.493052 156.230469 -6.648586
v -8.404460 156.486710 -6.409783
v -11.167656 143.922882 -8.551160
v -8.800943 145.757828 -8.990085
v -13.309133 141.833099 -7.498224
v -8.444155 140.176529 -2.716196
v -11.231854 139.471497 -4.226373
v -4.758656 155.932526 -10.260195
v -4.101055 154.390594 -10.067639
v -3.713654 153.126770 -9.844146
v -4.361917 151.396164 -8.836517
v -8.256449 144.174591 -13.097511
v -7.702635 142.288223 -16.442368
v -7.895887 145.884445 -10.204310
v -6.658216 137.734680 -0.291246
v -7.094015 139.536133 -1.667408
v -6.026016 157.355576 -9.402327
v -6.840089 158.618347 -8.296155
v -7.120972 158.071182 -7.306946
v -7.093992 156.448029 -6.521973
v -8.420400 158.486115 -7.256473
v -8.669887 158.313263 -7.472273
v -8.586444 157.061874 -7.705775
v -7.636305 156.121063 -6.521255
v -8.510969 157.247711 -7.026723
v -5.157937 153.488434 -8.690353
v -6.267947 155.197113 -8.241681
v -6.977327 156.573715 -7.370507
v -8.376033 155.778549 -7.185005
v -8.407567 156.059052 -6.858792
v -13.629474 142.980728 -9.682522
v -10.761631 144.559875 -10.187064
v -9.867098 138.704987 -2.748880
v -5.583706 155.436584 -9.248145
v -4.341524 153.243576 -9.355635
v -9.746349 144.511536 -11.757069
v -10.168375 142.934296 -15.196798
v -8.378342 138.198380 -1.358731
v -6.575270 156.881607 -8.387851
v -8.512248 157.106812 -7.305179
v -13.025430 143.311523 -11.667756
v -11.782932 143.277771 -13.394483
v 0.003150 158.653992 6.921563
v -0.010296 159.009232 6.654838
v 0.037846 157.953110 7.563936
v 0.023765 158.303085 7.231975
v -0.012424 159.345581 6.439409
v -0.012234 159.645401 6.247190
v 0.067324 157.215744 8.223206
v 0.057964 157.582642 7.880740
v -0.013025 159.931747 6.122898
v -0.010347 160.208755 6.108759
v -0.102627 153.763489 6.689016
v -0.075028 154.203934 6.725256
v -0.059782 154.559448 6.770345
v -0.042328 154.891586 6.808894
v 0.077527 156.335495 8.562724
v 0.066650 156.802292 8.497246
v 0.004430 160.491333 6.216695
v 0.003263 160.863266 6.307941
v -0.122818 153.034210 6.823309
v -0.117634 153.333633 6.856076
v -0.007163 155.103821 6.981785
v 0.021327 155.216171 7.259318
v 0.058127 155.731445 8.089496
v 0.075728 155.959351 8.377461
v 0.001891 161.313583 6.422719
v -0.006020 161.818100 6.464196
v -0.123604 152.609344 6.456077
v -0.117563 152.795029 6.705096
v 0.026749 155.364548 7.546384
v 0.046014 155.533081 7.825571
v -0.021355 162.339188 6.320777
v -0.033069 162.860413 6.068512
v -0.108099 152.689621 5.756077
v -0.118039 152.584671 6.122938
v -0.036521 163.463120 5.955004
v -0.035944 164.178955 5.915614
v -0.092917 153.740585 5.442755
v -0.101854 153.053467 5.477993
v -0.037419 164.995880 5.840631
v -0.036797 165.924957 5.629851
v -0.165796 147.457397 3.694906
v -0.179799 147.627304 4.327352
v -0.172871 147.815247 4.821257
v -0.161613 148.099426 5.230709
v -0.116578 155.577301 0.133621
v -0.093952 155.542526 2.103737
v -0.084778 155.350128 3.852206
v -0.081868 154.826996 5.194736
v -0.025071 166.913162 5.204647
v -0.013458 167.892975 4.552233
v -0.099902 147.144684 2.377231
v -0.140293 147.293091 3.009701
v -0.162464 148.513260 5.527997
v -0.153612 148.997330 5.637715
v -0.224726 153.282089 -4.061543
v -0.182815 155.190033 -2.246921
v -0.018205 168.755508 3.571202
v -0.037547 169.428101 2.274467
v -0.003175 146.890366 1.501249
v -0.051212 147.183884 1.817806
v -0.145776 149.481232 5.668610
v -0.140528 149.979858 5.702458
v -0.275954 149.870102 -4.272836
v -0.249730 151.357529 -4.420496
v -0.051638 169.945694 0.763188
v -0.049851 170.338547 -0.900165
v 0.023743 145.584427 1.133588
v 0.023659 146.335114 1.386009
v -0.137262 150.453003 5.673479
v -0.137173 150.770828 5.817918
v -0.510527 147.262466 -2.841435
v -0.361135 148.515472 -3.966891
v -0.027989 170.578796 -2.704854
v 0.001690 170.646454 -4.631132
v -0.020737 143.852798 -0.223355
v 0.005312 144.745956 0.509506
v -0.137544 151.088684 5.991090
v -0.146349 151.446320 6.182474
v -0.207012 149.010895 -1.002975
v -0.365716 147.889969 -1.430341
v 0.025870 170.422516 -6.607563
v 0.037911 169.823959 -8.529981
v -0.117448 141.998108 -1.229615
v -0.078179 142.836044 -0.746071
v -0.148378 151.712784 6.442555
v -0.151074 151.994598 6.473381
v -0.173978 149.710251 1.124590
v -0.186034 149.288239 0.002043
v 0.052615 168.811096 -10.257963
v 0.068333 167.410568 -11.624345
v -0.182574 140.245178 -1.460418
v -0.146706 141.132034 -1.484165
v -0.154905 152.235291 6.341953
v -0.127298 152.442062 6.193885
v -0.147981 150.521790 3.548337
v -0.150144 150.368256 2.274985
v 0.071118 165.854294 -12.595187
v 0.065167 164.300354 -13.226125
v -0.297694 150.732193 -10.670829
v -0.314333 149.858475 -10.754669
v -0.320495 148.871216 -10.894262
v -0.319061 147.671234 -11.223847
v -0.226012 138.673050 -0.869884
v -0.201433 139.423691 -1.209215
v -0.131279 152.635513 5.947990
v -0.119747 152.677658 5.612883
v -0.135847 151.187241 5.274706
v -0.150115 150.283875 4.734224
v 0.054919 162.784302 -13.544884
v 0.048512 161.360809 -13.645299
v -0.245206 152.350296 -10.778365
v -0.269571 151.557632 -10.666350
v -0.293756 146.405991 -11.935003
v -0.258682 145.026169 -13.002810
v -0.234274 137.493729 0.169283
v -0.235562 138.054520 -0.373024
v -0.123750 152.428925 5.361313
v -0.126029 151.933167 5.403661
v 0.026813 159.971161 -13.592556
v -0.017052 158.477783 -13.267917
v -0.068977 157.184494 -12.702796
v -0.111281 156.151428 -12.219789
v -0.144250 155.217209 -11.782183
v -0.175979 154.431412 -11.415785
v -0.214906 153.771683 -11.163176
v -0.228883 153.112320 -10.957666
v -0.234773 143.740204 -14.169971
v -0.249691 142.541946 -15.189363
v -0.236515 135.945663 1.056145
v -0.232862 136.773056 0.613051
v -0.255627 141.335281 -16.093758
v -0.269865 139.916183 -16.894524
v 0.265390 158.473892 7.055972
v 0.724608 158.335724 6.861681
v 0.911032 158.381226 6.537241
v 0.884261 158.721786 6.171994
v 0.711435 159.065292 6.236360
v 0.245718 159.179947 6.517289
v 0.288262 157.757858 7.695036
v 0.743468 157.654068 7.533130
v 0.924615 157.704178 7.205023
v 0.882377 158.018188 6.853209
v 0.782857 159.144852 5.845205
v 0.697017 159.486237 5.717720
v 0.556392 159.704300 5.894379
v 0.182105 159.791321 6.139484
v 1.022769 158.037674 6.511136
v 1.230744 157.682159 6.136454
v 1.351584 157.660339 5.804024
v 1.367775 157.916901 5.497864
v 1.272870 158.230881 5.491605
v 1.009417 158.629257 5.749393
v 0.332695 157.021286 8.370788
v 0.815943 156.931793 8.195686
v 1.024331 157.040192 7.910842
v 0.976261 157.386276 7.575607
v 1.128781 157.399277 7.201552
v 1.294988 157.038132 6.765970
v 1.289268 157.088898 6.346919
v 1.312106 157.395355 6.087239
v 0.626924 160.254517 5.920457
v 0.187961 160.363571 6.087535
v 0.686482 159.769943 5.603279
v 0.771926 160.044998 5.574893
v 1.055897 159.097702 4.860096
v 0.996756 159.357773 4.779881
v 0.910905 159.495270 4.912856
v 0.774503 159.569992 5.392912
v 0.957703 158.896988 5.542204
v 1.092104 158.942230 5.059893
v 1.817419 157.516129 4.934862
v 1.546283 157.854996 5.221910
v 1.418502 157.411316 5.757778
v 1.626210 157.194107 5.405145
v 1.805074 157.103317 5.128213
v 1.922038 157.266891 4.909031
v 1.413175 158.518524 4.847441
v 1.200379 158.818039 4.894292
v 1.457115 158.146652 5.216641
v 1.519908 158.310501 4.927350
v 0.075768 153.520554 6.699997
v 0.428697 153.609848 6.775209
v 0.612156 153.806290 6.774701
v 0.619886 154.210190 6.765156
v 0.428487 154.392731 6.771781
v 0.094452 154.379440 6.731934
v 0.572367 154.563568 6.726542
v 0.482783 154.915268 6.696696
v 0.275890 155.077393 6.774626
v 0.073162 155.033752 6.851512
v 0.311765 156.128876 8.458647
v 0.705713 156.124222 8.258079
v 0.926994 156.278748 8.161046
v 1.008092 156.664627 8.129043
v 1.196640 156.764465 7.840984
v 1.386266 156.547852 7.418195
v 1.454604 156.556946 7.099002
v 1.371253 156.764923 6.758696
v 1.312234 156.899536 6.160544
v 1.511593 156.851837 5.726240
v 1.621311 156.837433 5.490274
v 1.698063 156.978271 5.335618
v 0.622889 161.008896 6.408761
v 0.194286 161.101730 6.280060
v 0.876431 160.371613 5.938745
v 0.866810 160.752991 6.287704
v 1.007242 159.582108 4.644779
v 1.123432 159.828293 4.531172
v 1.149181 160.018036 4.710011
v 1.001344 160.129715 5.269669
v 1.322455 159.178986 4.471330
v 1.321105 159.348450 4.464962
v 1.288974 159.423248 4.465445
v 1.095328 159.445099 4.571020
v 1.145668 158.974716 4.741006
v 1.272696 159.017197 4.523366
v 2.047303 157.446259 4.685928
v 2.190088 157.633179 4.509849
v 2.048195 157.880661 4.541001
v 1.687870 158.204453 4.719400
v 2.581418 156.857056 4.435142
v 2.171683 157.192368 4.655897
v 1.894294 156.852219 5.078300
v 2.257183 156.460098 4.856489
v 2.531503 156.378601 4.665973
v 2.695296 156.581238 4.435203
v 1.638910 158.666336 4.493559
v 1.457461 158.899033 4.475811
v 1.580301 158.415070 4.678230
v 1.693650 158.513626 4.533393
v 0.027433 152.913025 6.768387
v 0.315036 152.971390 6.702191
v 0.488727 153.143509 6.725701
v 0.564709 153.454910 6.788672
v 1.085634 154.327698 6.381590
v 0.775862 154.389420 6.678385
v 0.741806 153.604294 6.729754
v 1.007550 153.500107 6.553259
v 1.178607 153.638016 6.434364
v 1.247247 154.033157 6.332714
v 0.355023 155.252197 6.828663
v 0.365520 155.369064 7.107445
v 0.304875 155.341827 7.301649
v 0.124888 155.272812 7.384730
v 1.190309 154.522079 6.190819
v 1.070594 154.855026 6.185746
v 0.944686 155.012695 6.354330
v 0.658034 155.063446 6.609535
v 0.210562 155.610703 7.955126
v 0.519473 155.634537 7.862026
v 0.706578 155.764236 7.877100
v 0.804580 155.981354 8.039631
v 0.997977 156.111404 7.938747
v 1.225098 156.041504 7.605255
v 1.371187 156.090271 7.425540
v 1.456587 156.322922 7.324519
v 1.539310 156.351654 7.040340
v 1.697848 156.212997 6.704692
v 1.727835 156.272278 6.451767
v 1.618438 156.456772 6.287153
v 1.531265 156.549927 6.269757
v 1.375524 156.713135 6.409021
v 1.583754 156.503220 6.131716
v 1.603103 156.461960 5.848123
v 1.584649 156.515686 5.653343
v 1.581782 156.686584 5.579010
v 1.671983 156.617096 5.374336
v 1.844336 156.180481 5.106377
v 2.125262 155.995422 4.994205
v 2.335059 156.167999 4.853631
v 0.762490 162.069168 6.438504
v 0.242521 162.075607 6.417064
v 0.887351 161.234879 6.491624
v 0.971217 161.789017 6.500055
v 1.725907 160.951813 6.340050
v 1.133719 160.962601 6.400715
v 1.140426 160.241592 5.590878
v 1.635323 160.263199 5.539762
v 1.915305 160.335663 5.786273
v 1.992635 160.690613 6.194602
v 1.378821 159.469299 4.411723
v 1.466881 159.583115 4.381189
v 1.500740 159.685989 4.382459
v 1.375500 159.815750 4.447625
v 1.422786 159.972839 4.596804
v 1.769183 160.057480 4.700926
v 1.929816 160.166138 4.878040
v 1.889922 160.287888 5.265258
v 1.506414 159.340134 4.341078
v 1.403291 159.398453 4.428117
v 1.464063 159.153168 4.436120
v 1.616449 159.249893 4.356449
v 1.604995 159.296722 4.297237
v 1.548876 159.317810 4.289703
v 3.015587 157.293381 4.230655
v 2.513003 157.591888 4.386310
v 2.883669 156.788757 4.247906
v 3.125204 157.023026 4.139139
v 2.348675 158.228943 4.472482
v 1.933821 158.450623 4.497919
v 2.365478 157.837662 4.459467
v 2.538487 158.029816 4.460412
v 2.603455 156.076157 4.677462
v 2.935604 155.690399 4.563223
v 3.213516 155.619873 4.394965
v 3.468181 155.865051 4.165004
v 3.405350 156.167282 4.141679
v 2.994719 156.512848 4.266673
v 1.855274 158.942535 4.445928
v 1.561817 159.011841 4.452521
v 1.843965 158.600174 4.483362
v 1.992044 158.646408 4.464536
v 2.021552 158.700409 4.465071
v 1.992087 158.829788 4.455699
v -0.025792 152.619247 6.296920
v 0.222296 152.573517 6.233199
v 0.342123 152.653259 6.333406
v 0.414244 152.850555 6.569940
v 0.589472 152.982574 6.601434
v 0.852231 152.925674 6.475989
v 1.029328 152.998154 6.452488
v 1.114514 153.265167 6.483443
v 1.280254 153.372940 6.385429
v 1.528631 153.234955 6.225021
v 1.711106 153.319061 6.093125
v 1.851475 153.579117 6.017470
v 1.768683 153.821136 6.015064
v 1.479820 154.092789 6.173722
v 0.405425 155.458984 7.394119
v 0.551811 155.595032 7.641818
v 0.518303 155.608704 6.663534
v 0.363915 155.696091 6.904840
v 0.314542 155.672760 7.096084
v 0.403239 155.508514 7.191442
v 0.530909 155.256805 6.669109
v 0.601593 155.466492 6.620545
v 1.355393 154.984192 5.839502
v 1.153707 154.967941 6.059141
v 1.423880 154.401413 6.048943
v 1.613607 154.617432 5.754795
v 1.579067 154.828278 5.606032
v 1.418645 154.996521 5.649307
v 0.959856 155.129044 6.252104
v 0.844516 155.326416 6.247708
v 0.770021 155.466827 6.293983
v 0.690976 155.552460 6.483177
v 0.803578 155.717697 7.665354
v 0.995423 155.767731 7.456241
v 1.134727 155.804184 7.380955
v 1.242432 155.917908 7.420759
v 1.374251 155.943298 7.254560
v 1.520241 155.787704 6.930536
v 1.670185 155.783401 6.752020
v 1.762029 156.017105 6.627852
v 1.801190 156.082779 6.380358
v 1.831746 155.940933 6.059021
v 1.786607 156.021179 5.844537
v 1.672250 156.301346 5.741951
v 1.633445 156.339493 5.560191
v 1.688760 156.121063 5.358260
v 1.707747 156.023682 5.257497
v 1.827757 155.957199 5.107689
v 2.197093 155.637192 4.962002
v 2.460026 155.232361 4.871793
v 2.694350 155.140701 4.797033
v 2.951006 155.371124 4.618213
v 0.953045 163.161758 6.049806
v 0.294349 163.147522 6.025730
v 1.104834 162.352646 6.394104
v 1.231745 162.901917 6.172300
v 1.975685 162.023422 6.417078
v 1.324093 162.070435 6.476078
v 2.094980 161.194199 6.326174
v 2.241524 161.702560 6.381791
v 2.150615 160.316910 5.496403
v 2.692374 160.302277 5.434473
v 3.007612 160.383255 5.518123
v 3.137582 160.687561 5.729149
v 2.942475 160.908905 5.936242
v 2.350620 160.931503 6.196825
v 1.563569 159.355209 4.269177
v 1.656419 159.420105 4.272286
v 1.690018 159.492889 4.335848
v 1.582029 159.597763 4.388259
v 1.629408 159.709061 4.408901
v 1.867651 159.865936 4.454692
v 1.996819 159.997345 4.491582
v 1.978554 160.065613 4.638322
v 2.169946 160.159607 4.785829
v 2.625619 160.168732 4.890869
v 2.857705 160.159149 5.025333
v 2.917958 160.254288 5.250162
v 2.028801 158.969666 4.425900
v 2.084009 159.083618 4.374481
v 1.978961 159.168289 4.319616
v 1.756336 159.239349 4.305296
v 1.715636 159.281723 4.252896
v 1.804265 159.249802 4.069065
v 1.781154 159.257629 4.064631
v 1.619836 159.318878 4.149440
v 1.586755 159.350266 4.192236
v 1.570223 159.344391 4.234756
v 3.420071 157.279114 4.143890
v 3.744715 157.585495 4.100162
v 3.536544 157.844574 4.238059
v 2.888844 158.016968 4.436815
v 3.987791 156.668854 3.832348
v 3.517761 156.993454 4.051169
v 3.727064 156.108994 3.950259
v 4.021760 156.364639 3.759116
v 2.487141 158.503540 4.465018
v 2.143185 158.616592 4.464310
v 2.649377 158.208267 4.452354
v 2.703491 158.369888 4.447498
v 3.232923 155.299408 4.452619
v 3.500895 154.894775 4.279462
v 3.775904 154.818405 4.016049
v 4.071098 155.075760 3.690797
v 4.077735 155.411880 3.680651
v 3.768553 155.799973 3.948396
v 2.719214 158.516296 4.481081
v 2.737689 158.660873 4.494355
v 2.533639 158.766724 4.477032
v 2.161715 158.859863 4.446841
v 0.007735 152.827362 5.592870
v 0.226382 152.811035 5.551873
v 0.317293 152.676819 5.692631
v 0.319323 152.582428 6.035269
v 0.445946 152.594208 6.159732
v 0.682039 152.628525 6.073860
v 0.820082 152.649612 6.146038
v 0.925442 152.778320 6.354623
v 1.099291 152.848740 6.343753
v 1.328718 152.773178 6.197220
v 1.486503 152.835999 6.137942
v 1.592185 153.031708 6.161444
v 1.767537 153.105331 6.035553
v 2.002928 152.963074 5.823091
v 2.200562 153.002640 5.674550
v 2.344081 153.192337 5.599188
v 2.292564 153.380844 5.651684
v 2.059537 153.597580 5.863226
v 1.999504 153.840256 5.872549
v 2.125243 154.082123 5.677330
v 2.048831 154.341507 5.584807
v 1.802545 154.604767 5.607539
v 0.271352 155.845917 7.185874
v 0.377184 156.002029 7.395916
v 0.572968 155.924164 7.469889
v 0.667396 155.704575 7.585386
v 0.622380 155.718689 6.514663
v 0.559304 156.005081 6.286655
v 0.457195 156.208313 6.271146
v 0.339248 156.216431 6.571072
v 0.256101 156.090302 6.831763
v 0.283552 155.868469 6.987686
v 1.606505 155.261185 6.263162
v 1.401157 155.213699 6.358737
v 1.252727 155.162613 6.310303
v 1.115266 155.085495 6.179754
v 1.525738 155.090881 5.821490
v 1.672620 155.232437 6.060590
v 1.661400 155.426865 5.438962
v 1.526965 155.163071 5.613923
v 1.753319 154.838730 5.476198
v 1.864042 155.086472 5.242104
v 1.816744 155.332657 5.176850
v 1.660474 155.512344 5.285585
v 1.204014 155.249542 6.402019
v 1.042018 155.409027 6.349454
v 0.943616 155.496552 6.230089
v 0.805744 155.429184 6.159164
v 0.748423 155.556732 6.169322
v 0.579765 155.675339 5.747308
v 0.504989 155.832321 5.635933
v 0.470191 156.082306 5.906567
v 0.651627 156.013367 7.340168
v 0.839443 155.936386 7.153431
v 0.933966 155.819855 7.118492
v 1.028587 155.755890 7.274658
v 1.165224 155.735992 7.182724
v 1.276611 155.608383 6.906094
v 1.373595 155.551025 6.796308
v 1.516641 155.633621 6.797582
v 1.653599 155.610413 6.631741
v 1.703716 155.432693 6.333548
v 1.780244 155.437820 6.121302
v 1.839531 155.714020 5.973416
v 1.804815 155.789032 5.760035
v 1.737021 155.638550 5.499075
v 1.709145 155.715988 5.349451
v 1.705777 155.959351 5.311566
v 1.961334 155.354614 5.092677
v 1.996610 155.658203 5.021884
v 2.018514 155.096878 5.145523
v 2.243372 154.825150 5.137514
v 2.377045 154.760071 5.027981
v 2.475699 154.939590 4.885041
v 2.690428 154.838989 4.816198
v 2.969541 154.438690 4.708622
v 3.221145 154.333267 4.548072
v 3.491794 154.561722 4.320823
v 1.118823 164.542664 5.841795
v 0.348520 164.565033 5.889018
v 1.331314 163.489212 5.941853
v 1.435442 164.156418 5.804549
v 2.288906 163.215729 5.889870
v 1.618287 163.212479 6.028282
v 2.392816 162.255447 6.253927
v 2.552972 162.889877 5.972316
v 3.233614 161.825485 5.873422
v 2.633163 161.921936 6.234055
v 3.283798 161.109268 5.785199
v 3.456240 161.556122 5.747340
v 3.214951 160.288910 5.321521
v 3.698745 160.224991 5.154510
v 3.973945 160.252075 5.076368
v 4.135474 160.446381 5.145714
v 3.991772 160.688232 5.307733
v 3.474885 160.845856 5.617067
v 1.629872 159.392349 4.157582
v 1.756186 159.449921 4.114635
v 1.803922 159.460999 4.134884
v 1.774343 159.463608 4.237423
v 1.827831 159.511108 4.301898
v 2.055965 159.609650 4.367165
v 2.164785 159.721664 4.451837
v 2.066333 159.892914 4.457538
v 2.195575 160.054642 4.527181
v 2.611612 160.148697 4.669313
v 2.809836 160.114853 4.771745
v 2.820424 160.098984 4.880525
v 3.065523 160.060959 4.972122
v 3.531294 159.997940 4.956134
v 3.788437 160.017334 4.918350
v 3.857839 160.129623 4.989364
v 2.750401 158.786072 4.484950
v 2.755235 158.882980 4.465513
v 2.572399 158.972137 4.423123
v 2.246646 159.078445 4.375150
v 2.130319 159.162292 4.289729
v 2.177176 159.209488 4.108062
v 2.102988 159.221115 4.075943
v 1.911916 159.231384 4.050103
v 1.883003 159.235977 4.043324
v 1.967615 159.219742 4.041461
v 1.953516 159.225815 4.049468
v 1.887463 159.264221 4.096841
v 1.817742 159.317657 4.130325
v 1.610262 159.352509 4.153001
v 4.766776 157.278381 3.498031
v 4.252441 157.596527 3.853784
v 4.388866 156.632935 3.630327
v 4.807984 156.933441 3.480741
v 3.875392 157.977600 4.108531
v 3.767036 158.242783 4.169612
v 3.476809 158.334641 4.321016
v 2.959271 158.392548 4.447808
v 4.361877 155.340851 3.386451
v 4.707135 155.604431 3.161264
v 4.738811 155.924896 3.224947
v 4.384333 156.316620 3.530147
v 3.755696 154.483246 4.050509
v 3.943511 154.063980 3.765530
v 4.148510 153.964966 3.399460
v 4.452792 154.209106 3.017447
v 4.535328 154.566010 3.034559
v 4.341690 154.998962 3.377258
v 3.707432 158.445801 4.267641
v 3.656508 158.627823 4.331483
v 3.412898 158.684631 4.428195
v 2.966207 158.696304 4.492155
v 0.142135 154.218872 5.368533
v 0.553711 154.096939 5.288778
v 0.574209 153.605499 5.336691
v 0.381060 153.012650 5.412530
v 0.444175 152.789658 5.500379
v 0.655689 152.756943 5.426864
v 0.734527 152.632782 5.550804
v 0.761116 152.590576 5.881872
v 0.900790 152.614883 5.972650
v 1.085678 152.529739 5.859124
v 1.237526 152.533142 5.918612
v 1.370974 152.658417 6.067731
v 1.524728 152.714508 6.015395
v 1.711123 152.621170 5.827790
v 1.865608 152.638519 5.742654
v 2.023910 152.782272 5.750327
v 2.207737 152.812073 5.612281
v 2.361881 152.654572 5.421525
v 2.532422 152.658905 5.301180
v 2.736579 152.821854 5.214759
v 2.717035 152.985550 5.252375
v 2.520176 153.183258 5.453578
v 2.482602 153.370987 5.501932
v 2.603971 153.547943 5.349912
v 2.553817 153.777420 5.358467
v 2.310782 154.057648 5.511278
v 2.230282 154.322662 5.430435
v 2.322848 154.556534 5.210559
v 0.239220 156.247650 6.837291
v 0.312686 156.301590 7.049726
v 0.394928 156.268173 7.171055
v 0.458990 156.128281 7.333035
v 0.440670 156.392197 5.864786
v 0.926687 156.533051 5.980563
v 0.966726 156.346954 6.420858
v 0.836435 156.356583 6.654961
v 0.669756 156.540421 6.655263
v 0.311130 156.411774 6.574003
v 1.323653 155.453186 6.666521
v 1.329306 155.294357 6.471318
v 1.229796 155.531570 6.755757
v 1.089779 155.631393 6.669182
v 1.055484 155.669693 6.522298
v 1.031335 155.570816 6.363673
v 0.979400 155.646927 6.233546
v 1.061522 155.821518 6.061581
v 1.100441 155.861923 5.676609
v 0.706945 155.719406 5.506712
v 1.115664 155.976608 5.976923
v 1.080101 156.228149 6.070634
v 0.471482 156.371185 7.072975
v 0.694241 156.367340 6.881289
v 0.816184 156.212021 6.870941
v 0.881517 155.994049 6.990249
v 0.965851 155.867050 6.943926
v 1.039631 155.780243 6.727139
v 2.469780 154.490707 5.081227
v 2.746134 154.139420 4.988091
v 2.925048 154.026718 4.847290
v 3.021709 154.155426 4.708175
v 3.234368 154.038910 4.552817
v 3.460784 153.659256 4.367690
v 3.659807 153.542999 4.152567
v 3.899535 153.734711 3.820558
v 1.293409 166.304520 5.299391
v 0.415661 166.405502 5.444815
v 1.561338 164.931778 5.705345
v 1.679756 165.802872 5.433508
v 2.613577 164.473892 5.438918
v 1.875156 164.515656 5.686934
v 2.701827 163.489075 5.649909
v 2.871985 164.102219 5.392330
v 3.595891 162.998917 5.360211
v 2.955395 163.145996 5.680195
v 3.639920 162.039169 5.612392
v 3.813759 162.606903 5.337072
v 4.340693 160.777832 5.134212
v 4.558732 161.208298 5.008748
v 4.389928 161.535797 5.094404
v 3.841247 161.722733 5.497689
v 4.098671 160.144333 4.889828
v 4.415332 160.032349 4.580931
v 4.612904 160.027023 4.415583
v 4.799294 160.159210 4.392635
v 4.782952 160.311752 4.577332
v 4.451266 160.497589 4.983090
v 1.870368 159.373459 4.101586
v 1.853959 159.468552 4.050118
v 1.850960 159.497009 4.039538
v 1.815768 159.479828 4.058346
v 1.879418 159.492020 4.062454
v 2.097209 159.525787 4.079289
v 2.182382 159.573395 4.189948
v 2.188165 159.626236 4.356802
v 2.334455 159.715622 4.487382
v 2.625745 159.809784 4.663581
v 2.803204 159.881302 4.796114
v 2.810685 160.078522 4.752506
v 3.036726 160.076385 4.809722
v 3.455225 159.988434 4.811394
v 3.689500 159.930084 4.751941
v 3.728575 159.926102 4.838811
v 3.949373 159.928223 4.780784
v 4.274108 159.850082 4.555750
v 4.435213 159.826660 4.440011
v 4.508512 159.906097 4.442595
v 3.630672 158.762558 4.367230
v 3.619214 158.843872 4.368701
v 3.384817 158.855225 4.407809
v 2.957748 158.883240 4.452451
v 2.759586 158.957031 4.417176
v 2.763779 159.022644 4.336557
v 2.578165 159.099121 4.268445
v 2.286065 159.195755 4.137843
v 2.206671 159.209778 4.081462
v 2.222776 159.173645 4.075100
v 2.191792 159.189423 4.065369
v 2.070014 159.209259 4.048144
v 2.042608 159.213013 4.043091
v 2.123678 159.205353 4.058200
v 2.111194 159.221436 4.059051
v 2.023462 159.278122 4.046954
v 1.987244 159.316513 4.054268
v 1.927783 159.306274 4.103427
v 5.359239 157.938187 2.835911
v 4.964602 158.139984 3.118396
v 4.699121 158.120239 3.438685
v 4.265777 157.885071 3.804563
v 5.201684 157.296432 3.209663
v 5.491065 157.671280 2.859823
v 5.549858 156.567963 2.768409
v 5.219446 156.927994 3.181776
v 5.091669 155.846939 2.962831
v 5.484303 156.164017 2.705197
v 4.750625 158.352631 3.386012
v 4.566274 158.528275 3.531996
v 4.343198 158.523483 3.766240
v 3.958424 158.392105 4.074492
v 4.775142 154.467117 2.695729
v 5.142476 154.750366 2.407968
v 5.256305 155.131073 2.474887
v 5.051463 155.529175 2.896130
v 4.077400 153.620163 3.453389
v 4.157522 153.123245 3.116983
v 4.376401 152.936783 2.694979
v 4.682196 153.168884 2.251167
v 4.762784 153.589233 2.250575
v 4.667565 154.098404 2.657211
v 4.439383 158.692490 3.680088
v 4.377840 158.843643 3.830609
v 4.214342 158.845673 4.020127
v 3.856189 158.737534 4.260871
v 0.552472 147.753616 4.562623
v 0.065894 147.730255 4.588054
v 0.053219 147.366867 3.358148
v 0.471005 147.386993 3.330105
v 0.699453 147.498978 3.635001
v 0.763393 147.664230 4.266625
v 0.584096 148.295837 5.394856
v 0.088806 148.297028 5.394542
v 0.810270 147.852386 4.769518
v 0.830160 148.122177 5.195546
v 0.456490 155.427185 -0.951585
v 1.833156 155.427002 -0.489085
v 2.017298 155.456100 1.155882
v 1.274690 155.408020 2.674141
v 0.869948 155.371521 3.234126
v 0.243688 155.416626 3.025647
v 1.123485 155.258713 4.156181
v 0.900742 154.485870 5.055650
v 0.875627 153.918030 5.185527
v 1.137649 153.736847 5.075399
v 1.071633 153.380890 5.108119
v 0.820829 152.911575 5.255665
v 0.867415 152.719467 5.354437
v 1.067567 152.672302 5.263130
v 1.122931 152.545929 5.357937
v 1.144057 152.496964 5.666656
v 1.274633 152.472443 5.747174
v 1.446693 152.421021 5.598798
v 1.588652 152.392456 5.608857
v 1.733559 152.509628 5.696579
v 1.885923 152.522430 5.626011
v 2.036090 152.428589 5.423184
v 2.162151 152.425964 5.330268
v 2.326335 152.506058 5.341358
v 2.483676 152.495132 5.234381
v 2.576335 152.348679 5.042562
v 2.733903 152.316055 4.935047
v 2.951887 152.384064 4.872801
v 3.021001 152.523895 4.914962
v 2.900091 152.764709 5.076493
v 2.886749 152.930649 5.107152
v 3.044218 153.032364 4.992321
v 3.003760 153.224915 4.996263
v 2.771391 153.497406 5.165388
v 2.733997 153.727310 5.184500
v 2.835697 153.890701 4.999692
v 1.047494 156.097992 6.443239
v 1.039653 155.836792 6.572443
v 3.012389 153.791992 4.832033
v 3.257244 153.453918 4.666712
v 3.391164 153.317123 4.492534
v 3.462864 153.407013 4.331657
v 3.632212 153.266113 4.165523
v 3.750834 152.849442 3.980556
v 3.909931 152.661697 3.745333
v 4.119409 152.762177 3.252269
v 1.455006 168.151993 3.983726
v 0.483325 168.314056 4.084415
v 1.772443 166.686722 4.932701
v 1.881544 167.600174 4.314534
v 2.944986 165.965027 4.710649
v 2.142380 166.160599 5.056059
v 3.083075 164.777679 5.179665
v 3.255256 165.490143 4.779681
v 3.952524 164.184799 4.669161
v 3.319205 164.369385 5.108458
v 3.987491 163.180878 4.995204
v 4.155724 163.761246 4.620415
v 4.677143 162.425507 4.484259
v 4.178974 162.759430 4.952635
v 4.720284 161.611069 4.753328
v 4.834127 162.016068 4.423068
v 5.038266 160.338989 4.333847
v 5.308799 160.619553 4.186200
v 5.276844 160.951447 4.264621
v 4.883929 161.273087 4.682703
v 4.665526 159.895111 4.271836
v 4.827024 159.750336 3.975394
v 4.940494 159.673996 3.763685
v 5.109560 159.722168 3.584149
v 5.183805 159.924820 3.716053
v 5.029533 160.161041 4.160875
v 1.983382 159.373077 4.038875
v 1.955884 159.472534 4.032012
v 1.926515 159.509232 4.014362
v 1.884545 159.505325 4.023082
v 1.912482 159.535004 4.018888
v 2.060542 159.607452 4.035553
v 2.129884 159.640259 4.079862
v 2.165196 159.582062 4.112168
v 2.262987 159.613602 4.204289
v 2.595176 159.773529 4.404120
v 2.786714 159.806000 4.558695
v 2.805994 159.807220 4.704710
v 3.004708 159.824448 4.815072
v 3.421870 159.764313 4.788664
v 3.646373 159.772720 4.733753
v 3.678153 159.919647 4.746366
v 3.876151 159.934158 4.648573
v 4.196346 159.864639 4.440587
v 4.341102 159.809570 4.322171
v 4.379100 159.780899 4.407145
v 4.521190 159.758911 4.297252
v 4.668792 159.697037 4.070434
v 4.729352 159.676544 3.981437
v 4.814435 159.671585 3.892633
v 4.326209 158.998123 3.931904
v 4.281908 159.078598 3.970421
v 4.129107 159.027237 4.076410
v 3.812363 158.908203 4.270975
v 3.597403 158.905014 4.311784
v 3.567195 158.955780 4.246254
v 3.354209 158.941910 4.285025
v 2.950330 158.976395 4.325607
v 2.744788 159.021378 4.289084
v 2.693932 158.948242 4.208595
v 2.487586 159.012878 4.147962
v 2.280587 159.127380 4.104571
v 2.230727 159.151093 4.064501
v 2.238277 159.141052 4.056153
v 2.220757 159.160233 4.047555
v 2.184225 159.194458 4.061929
v 2.179394 159.200348 4.062941
v 2.193616 159.194351 4.044134
v 2.183496 159.204865 4.041093
v 2.158138 159.267654 4.054616
v 2.115276 159.334579 4.057350
v 2.044817 159.329559 4.056445
v 5.622763 158.677277 2.336408
v 5.358304 158.808975 2.622029
v 5.181432 158.736588 2.846693
v 4.957370 158.392624 3.110500
v 5.645741 158.024612 2.523226
v 5.740479 158.422684 2.268322
v 6.102485 157.548294 2.030166
v 5.776299 157.743500 2.494402
v 5.889152 156.638657 2.369017
v 6.155428 157.199158 1.953537
v 5.502820 155.044647 2.092713
v 5.815320 155.401016 1.709450
v 5.970102 155.833755 1.772643
v 5.818026 156.209473 2.307759
v 5.163666 158.916779 2.860739
v 4.980185 159.013138 3.036920
v 4.816741 158.954590 3.203359
v 4.620309 158.713211 3.452904
v 5.003534 153.438950 1.885754
v 5.309914 153.740280 1.507836
v 5.417929 154.176743 1.540784
v 5.369264 154.664169 2.017305
v 4.323396 152.528152 2.817245
v 4.481464 151.821732 2.504555
v 4.724016 151.534256 1.957314
v 5.077991 151.858871 1.467519
v 5.128294 152.350647 1.469668
v 4.935730 152.993134 1.876955
v 4.805400 159.103714 3.200605
v 4.675470 159.203918 3.367751
v 4.586923 159.177658 3.518610
v 4.451476 159.001907 3.754702
v 0.103551 147.142044 2.088630
v 0.452935 147.145020 2.060170
v 0.635086 147.157654 2.326970
v 0.656815 147.296646 2.965588
v 1.496576 147.769989 4.379653
v 1.031873 147.737915 4.495712
v 0.882767 147.407288 3.258956
v 1.289278 147.469788 3.145356
v 1.545653 147.600204 3.408660
v 1.667929 147.755951 4.033717
v 0.524026 149.213379 5.738129
v 0.071084 149.229218 5.704926
v 0.823009 148.518280 5.518378
v 0.781266 148.982315 5.677547
v 1.552000 148.403748 5.220205
v 1.075514 148.327301 5.334559
v 1.769634 147.943787 4.573276
v 1.793495 148.264816 4.992046
v 0.451090 152.230865 -4.296444
v 1.819530 152.107712 -3.883111
v 2.623219 152.804428 -3.101601
v 2.965930 154.678162 -1.426316
v 2.967139 155.047165 1.342322
v 2.824172 154.476608 2.769838
v 2.478283 154.442932 3.555942
v 2.070926 154.659012 4.055812
v 1.902501 154.908371 4.153715
v 1.461796 155.269211 3.677963
v 1.815388 154.482727 4.409113
v 1.465429 153.948700 4.837136
v 1.391010 153.585922 4.928492
v 1.634101 153.443878 4.729505
v 1.523142 153.159775 4.793518
v 1.225923 152.782944 5.051258
v 1.254186 152.624939 5.151400
v 1.427550 152.579300 5.023158
v 1.478225 152.473557 5.106003
v 1.494592 152.403763 5.394456
v 1.616044 152.372101 5.428061
v 1.778269 152.312927 5.230337
v 1.909276 152.255814 5.201160
v 2.044971 152.330948 5.280548
v 2.160297 152.344421 5.214215
v 2.264673 152.288116 5.030467
v 2.372517 152.263107 4.953927
v 2.517970 152.262253 4.957911
v 2.654996 152.231995 4.860312
v 2.704149 152.136917 4.716543
v 2.807585 152.077087 4.659977
v 2.978045 152.033386 4.599758
v 3.073468 152.112030 4.609312
v 3.073071 152.305878 4.751195
v 3.150597 152.434036 4.780586
v 3.315145 152.474640 4.652293
v 3.340750 152.641739 4.661368
v 3.196861 152.929962 4.819147
v 3.174622 153.133926 4.831926
v 3.302121 153.229599 4.671385
v 3.421430 153.094086 4.492630
v 3.526764 152.733307 4.331559
v 3.618507 152.564529 4.176590
v 3.741275 152.601624 4.020446
v 3.883972 152.392456 3.825209
v 3.984646 151.883499 3.648083
v 4.091773 151.570206 3.340622
v 4.309688 151.438248 2.743556
v 1.588885 169.538528 1.470424
v 0.503774 169.690399 1.523255
v 1.964192 168.420975 3.387634
v 2.057984 169.111237 2.142067
v 3.252037 167.494751 3.425056
v 2.382284 167.873718 3.769282
v 3.403638 166.208191 4.224305
v 3.579471 166.933517 3.600455
v 4.357676 165.383026 3.791264
v 3.692188 165.713303 4.288960
v 4.353962 164.338669 4.246945
v 4.566133 164.908432 3.792234
v 5.083515 163.511108 3.696795
v 4.547718 163.901962 4.205014
v 4.984628 162.476822 4.063376
v 5.187750 163.016556 3.647570
v 5.503015 160.944626 3.882854
v 5.577126 161.256775 3.505079
v 5.454489 161.634003 3.535072
v 5.095324 162.039505 4.002479
v 5.311686 159.803879 3.423699
v 5.549204 159.932571 3.261332
v 5.655742 160.230057 3.374697
v 5.532737 160.609695 3.825691
v 4.884449 159.589447 3.707624
v 4.839417 159.507156 3.505614
v 4.857640 159.389542 3.364220
v 5.012442 159.303116 3.157545
v 5.151950 159.333450 3.113172
v 5.209661 159.583160 3.330258
v 2.102311 159.401123 4.034511
v 2.069192 159.513840 4.002560
v 2.062317 159.551682 4.010432
v 2.011332 159.531891 4.032405
v 2.005194 159.560181 4.031579
v 2.069562 159.626877 4.009737
v 2.083157 159.667145 4.025425
v 2.098033 159.660782 4.047374
v 2.165938 159.710022 4.101235
v 2.386219 159.883911 4.216377
v 2.651327 159.932907 4.363437
v 2.734918 159.836502 4.454972
v 2.951154 159.820984 4.576349
v 3.347248 159.777512 4.588940
v 3.560347 159.723679 4.562417
v 3.604444 159.711334 4.665572
v 3.802742 159.684586 4.593569
v 4.102121 159.588837 4.352861
v 4.260752 159.597122 4.265560
v 4.324479 159.754211 4.311514
v 4.447388 159.773178 4.188844
v 4.619990 159.682999 3.920068
v 4.678593 159.644501 3.854030
v 4.702388 159.662628 3.974814
v 4.724200 159.590271 3.711093
v 4.784246 159.505035 3.540115
v 4.619516 159.294632 3.513537
v 4.587034 159.339462 3.589350
v 4.506326 159.312561 3.635620
v 4.355229 159.172607 3.851013
v 4.232442 159.122330 3.959027
v 4.171715 159.160858 3.943027
v 4.035554 159.096954 4.026237
v 3.738829 158.990448 4.169079
v 3.541242 158.903168 4.198949
v 3.485231 158.665710 4.084455
v 3.178639 158.603287 4.089591
v 2.834673 158.784821 4.176061
v 2.353568 159.035080 4.076297
v 2.272949 159.105530 4.062317
v 2.508625 158.929474 4.106825
v 2.406274 158.994156 4.083840
v 2.232680 159.085068 3.998337
v 2.198069 159.154144 4.011102
v 2.249046 159.122574 4.046171
v 2.256571 159.077362 4.018451
v 2.078773 159.168793 3.914682
v 2.032531 159.277649 3.901488
v 2.060675 159.344513 3.951264
v 2.122860 159.337784 4.028872
v 2.177222 159.171616 4.001575
v 2.129190 159.149078 3.952859
v 5.806317 159.388687 2.286669
v 5.607950 159.317627 2.576058
v 5.454551 159.175308 2.666585
v 5.333634 158.976852 2.698268
v 5.810903 158.807831 2.130898
v 5.858922 159.202576 2.087146
v 6.182116 158.501221 1.578004
v 5.933194 158.570831 2.016208
v 6.265549 157.701050 1.628563
v 6.291790 158.215958 1.399841
v 6.509115 157.114120 0.755527
v 6.332046 157.354706 1.503281
v 6.132535 155.899567 1.240863
v 6.388916 156.554718 0.624314
v 5.602285 154.083572 1.121614
v 5.837625 154.470428 0.692028
v 5.919050 154.944153 0.689708
v 5.935114 155.413345 1.211037
v 5.412948 159.273773 2.796098
v 5.212965 159.267609 2.976188
v 5.070556 159.224030 3.052364
v 4.964904 159.127975 3.081742
v 5.329518 152.185287 1.003177
v 5.537251 152.524414 0.567963
v 5.608720 153.013748 0.617402
v 5.505908 153.619934 1.093283
v 4.679867 150.942337 1.906128
v 4.866413 150.351364 1.265469
v 5.047052 150.260941 0.730411
v 5.298331 150.613190 0.307347
v 5.398606 151.070892 0.411056
v 5.286127 151.696960 0.975362
v 4.792212 159.389816 3.435617
v 4.712218 159.298279 3.433470
v 0.198372 146.618301 1.455194
v 0.547976 146.621246 1.363599
v 0.671452 146.869537 1.405501
v 0.617900 147.184021 1.746119
v 0.796611 147.162506 1.987499
v 1.131400 147.213715 1.885560
v 1.345543 147.267181 2.120960
v 1.442738 147.408508 2.757981
v 2.341855 148.109680 4.077355
v 1.953932 147.889633 4.255122
v 1.688305 147.568024 3.011583
v 2.064816 147.727539 2.858735
v 2.332689 147.903214 3.099005
v 2.482517 148.096664 3.709343
v 0.424226 150.170364 5.684410
v 0.053038 150.224167 5.686839
v 0.709755 149.450073 5.694542
v 0.638054 149.915009 5.672095
v 1.359598 149.264618 5.468451
v 0.963105 149.224899 5.644109
v 1.733712 148.678284 5.238889
v 1.611652 149.096619 5.342474
v 2.351532 148.723282 4.832214
v 1.977111 148.538300 5.038826
v 2.560503 148.351791 4.217521
v 2.571291 148.652542 4.587934
v 0.360621 149.200623 -4.135103
v 1.452960 149.438660 -3.574143
v 1.843428 150.107437 -3.361399
v 2.138685 151.272003 -3.518451
v 2.701651 151.834167 -2.890965
v 3.089874 151.659500 -2.019913
v 3.295092 151.848709 -1.432819
v 3.343440 152.488052 -0.277555
v 3.313287 153.126373 0.260199
v 3.358941 154.315887 0.066868
v 3.195663 152.963394 1.042531
v 2.983402 153.197601 2.248191
v 2.833793 153.472870 2.833884
v 2.750926 153.975952 3.087637
v 2.426078 154.005997 3.759686
v 1.975116 153.577515 4.395844
v 1.834510 153.283859 4.514042
v 1.989755 153.096542 4.333409
v 1.841211 152.882660 4.449254
v 1.556488 152.642151 4.777534
v 1.574713 152.515411 4.871202
v 1.705312 152.459396 4.728283
v 1.766044 152.388916 4.798115
v 1.819874 152.305267 5.040277
v 1.927098 152.251740 5.046338
v 2.038429 152.219452 4.884850
v 2.145904 152.212601 4.872101
v 2.257917 152.242752 4.934177
v 2.357862 152.223770 4.875182
v 2.418732 152.178574 4.763744
v 2.483650 152.152451 4.735713
v 2.620353 152.104630 4.711095
v 2.695915 152.044952 4.679909
v 2.640738 151.967575 4.741490
v 2.666100 151.858276 4.767732
v 2.827267 151.690811 4.675814
v 2.950598 151.704941 4.582932
v 3.027686 151.906021 4.548491
v 3.141019 151.987869 4.521856
v 3.303969 151.939392 4.430988
v 3.402652 152.058823 4.417473
v 3.395656 152.347549 4.512372
v 3.423984 152.510330 4.503481
v 3.530732 152.538589 4.351645
v 3.607249 152.367966 4.208479
v 3.642453 151.994659 4.149541
v 3.713930 151.770294 4.024116
v 3.896686 151.676437 3.750918
v 3.983383 151.368591 3.507157
v 3.868293 150.889603 3.481315
v 3.875744 150.553619 3.314719
v 4.037127 150.292496 2.891059
v 4.219711 150.356003 2.593331
v 4.380843 150.924408 2.387585
v 1.772779 170.269836 -1.823321
v 0.570763 170.457397 -1.796038
v 2.176579 169.641861 0.668232
v 2.302338 169.989044 -0.970749
v 3.625528 168.778488 1.201214
v 2.631322 169.228546 1.373696
v 3.762058 167.618546 2.804614
v 3.971638 168.237503 1.730421
v 4.771433 166.516724 2.556554
v 4.062735 167.047699 3.018948
v 4.766085 165.462814 3.256367
v 4.973104 165.978424 2.655221
v 5.473540 164.469620 2.710511
v 4.958526 164.976974 3.264826
v 5.400043 163.518875 3.183848
v 5.588075 163.965134 2.680948
v 5.696212 162.470016 2.577095
v 5.462997 163.022675 3.136739
v 5.612221 161.588669 3.074686
v 5.731601 161.977356 2.586652
v 5.757081 160.117996 3.023167
v 5.883677 160.327896 2.676164
v 5.880644 160.698303 2.649797
v 5.701173 161.187912 3.064186
v 5.560646 159.433914 2.746921
v 5.648660 159.800629 2.977738
v 1.982613 159.420883 3.866698
v 1.989444 159.542969 3.862044
v 2.003707 159.570404 3.884731
v 2.039261 159.559799 3.959682
v 2.050866 159.594971 3.973409
v 2.041045 159.685959 3.950225
v 2.058632 159.708115 3.977358
v 2.072528 159.680237 4.006205
v 2.094398 159.715912 4.030546
v 2.136240 159.801361 4.065812
v 2.207311 159.864746 4.104972
v 2.410710 159.955856 4.214589
v 2.815167 160.079529 4.406743
v 3.218276 160.275436 4.331385
v 3.536535 160.136780 4.341245
v 3.533877 159.772507 4.496505
v 3.720401 159.687088 4.415099
v 4.025209 159.602264 4.173756
v 4.155944 159.550507 4.097717
v 4.197321 159.538620 4.183647
v 4.326394 159.508942 4.099122
v 4.491400 159.418427 3.799252
v 4.598483 159.412048 3.722737
v 4.665237 159.568665 3.801595
v 4.374446 159.345596 3.658448
v 4.254623 159.234619 3.823271
v 4.498701 159.382019 3.642649
v 4.421227 159.390808 3.639470
v 4.105849 158.775040 3.664188
v 3.716063 158.554077 3.820892
v 4.162808 159.135040 3.892620
v 4.210568 158.974152 3.718235
v 3.163245 158.426712 3.869101
v 2.783647 158.449219 3.831359
v 2.655223 158.654404 3.972645
v 2.668404 158.799530 4.114252
v 2.375912 158.948624 4.015307
v 2.297498 159.008392 3.993977
v 2.392338 158.993576 4.071784
v 2.403582 158.948410 4.042551
v 2.506239 158.726410 3.924885
v 2.424968 158.894302 4.013007
v 2.062241 159.026886 3.780458
v 2.080701 159.113800 3.886940
v 2.253735 159.010284 3.954600
v 2.176881 158.932648 3.821481
v 1.956006 159.075851 3.640939
v 1.857559 159.336166 3.595771
v 1.887424 159.443481 3.698764
v 1.951603 159.368073 3.816242
v 5.938340 159.657410 2.151392
v 5.954307 160.169708 2.332838
v 6.144923 159.536652 1.464921
v 5.986813 159.459808 1.907802
v 6.276732 158.745956 1.258633
v 6.241354 159.291245 1.209272
v 6.613549 158.512726 0.367068
v 6.401637 158.472443 1.036496
v 6.670128 157.446457 0.119161
v 6.740809 158.215302 0.016738
v 6.067322 154.886032 0.215495
v 6.245622 155.293442 -0.351000
v 6.351627 155.802490 -0.502479
v 6.453050 156.508804 -0.088706
v 5.754885 152.881241 0.155139
v 5.949347 153.257599 -0.242446
v 6.015610 153.765823 -0.206593
v 6.000056 154.379181 0.251636
v 5.557880 150.944656 -0.111399
v 5.789794 151.266953 -0.516974
v 5.841515 151.730515 -0.444834
v 5.700519 152.381714 0.099479
v 4.240982 149.943054 2.451714
v 4.318584 149.573654 1.886623
v 4.442746 149.569870 1.435121
v 4.747355 149.914429 1.108312
v 4.869209 149.844254 0.540989
v 4.633448 149.502518 -0.238935
v 4.655821 149.523621 -0.759502
v 4.971595 149.863464 -1.106731
v 5.253682 150.136642 -0.958464
v 5.410164 150.513840 -0.252734
v 0.231067 145.198456 0.844336
v 0.612751 145.303818 0.680402
v 0.795138 145.735214 0.848006
v 0.749739 146.369965 1.186486
v 0.865820 146.636932 1.227605
v 1.139618 146.669144 1.043580
v 1.245888 146.909485 1.106907
v 1.247621 147.209366 1.532020
v 1.458047 147.267059 1.748285
v 1.776180 147.388275 1.582747
v 2.022726 147.524612 1.804280
v 2.169924 147.714020 2.446620
v 3.002434 148.626175 3.646718
v 2.694007 148.351303 3.874800
v 2.412928 147.930725 2.682761
v 2.747184 148.167786 2.498779
v 2.989440 148.405472 2.711337
v 3.120434 148.631256 3.281701
v 0.369313 150.898926 5.910346
v 0.034442 150.927673 5.903396
v 0.573920 150.353516 5.649546
v 0.544232 150.710846 5.786543
v 1.095773 150.069839 5.435989
v 0.770838 150.110626 5.586329
v 1.468792 149.489700 5.369440
v 1.316657 149.872345 5.348793
v 2.029535 149.440445 5.044812
v 1.712437 149.327332 5.255655
v 2.444005 149.018585 4.802177
v 2.271742 149.368423 4.915519
v 2.913189 149.188339 4.302434
v 2.660487 148.950699 4.572742
v 3.140091 148.909012 3.739389
v 3.084396 149.177155 4.059456
v 0.270913 147.304047 -1.860481
v 1.263995 148.054642 -1.519223
v 1.586339 148.640045 -1.931767
v 1.717572 149.232147 -2.801369
v 2.004929 149.828094 -2.704752
v 2.514784 150.144180 -1.853006
v 2.992268 150.648926 -1.567928
v 3.123645 151.379181 -1.754093
v 3.275674 150.416779 -0.857926
v 3.361136 151.053513 0.512069
v 3.214336 151.809158 0.951448
v 3.273206 152.443878 0.535081
v 2.970362 151.885513 1.777061
v 2.698948 152.344925 2.513082
v 2.694292 152.635849 2.829667
v 2.808583 153.012726 2.770510
v 2.650465 153.232758 3.251480
v 2.268822 153.106262 4.001133
v 2.087431 152.907730 4.182456
v 2.113554 152.744751 4.049784
v 1.986593 152.625549 4.196373
v 1.792998 152.488968 4.511016
v 1.803110 152.407883 4.596617
v 1.878681 152.358154 4.479886
v 1.908811 152.321823 4.549454
v 2.013403 152.244232 4.741604
v 2.123132 152.212448 4.758026
v 2.156222 152.212234 4.667324
v 2.230520 152.195511 4.689014
v 2.360322 152.170578 4.733374
v 2.431718 152.150360 4.734975
v 2.413087 152.124557 4.763684
v 2.434408 152.070099 4.814511
v 2.532988 151.990829 4.812122
v 2.542219 151.893341 4.855883
v 2.423407 151.817093 4.990534
v 2.422130 151.663300 5.036099
v 2.564561 151.411423 4.938040
v 2.710952 151.364319 4.795473
v 2.850278 151.521927 4.666509
v 2.973136 151.539963 4.559476
v 3.097806 151.414566 4.428490
v 3.222721 151.490128 4.342474
v 3.332890 151.774323 4.354517
v 3.452965 151.893051 4.314473
v 3.577249 151.843918 4.184419
v 3.619937 151.619995 4.087149
v 3.551871 151.238571 4.042674
v 3.574223 150.953522 3.944313
v 3.713060 150.768555 3.682996
v 3.710006 150.457825 3.548463
v 3.540167 150.079376 3.658721
v 3.538706 149.780975 3.600822
v 3.671694 149.503418 3.279879
v 3.837960 149.528763 2.980779
v 4.046071 149.915878 2.777380
v 1.943043 170.403137 -5.619674
v 0.662467 170.564438 -5.619955
v 2.412733 170.211029 -2.742722
v 2.517901 170.296616 -4.637696
v 4.037019 169.399612 -1.931556
v 2.935698 169.909836 -1.863288
v 4.217019 168.702103 0.370484
v 4.453215 168.990723 -1.160956
v 5.273032 167.469559 0.597048
v 4.521408 168.170593 0.930126
v 5.197329 166.455994 1.919881
v 5.454240 166.905136 0.969497
v 5.842634 165.233994 1.514086
v 5.361242 165.905823 2.055991
v 5.752990 164.352921 2.148932
v 5.946162 164.706360 1.563254
v 6.117648 163.184357 1.562417
v 5.838301 163.847824 2.124725
v 5.956639 162.358734 2.086370
v 6.144428 162.689316 1.563072
v 5.970412 160.544464 2.260673
v 6.080563 160.762100 1.802683
v 6.103959 161.204269 1.718963
v 5.955164 161.861404 2.109407
v 1.966527 159.801468 3.818700
v 1.992472 159.615692 3.857359
v 1.829304 159.608109 3.618403
v 1.888939 159.865341 3.690125
v 2.016407 159.927612 3.877730
v 2.034900 159.774887 3.948527
v 2.059864 159.777863 3.987268
v 2.118105 159.865479 4.036849
v 2.164747 159.887939 4.067482
v 2.166922 159.850128 4.079253
v 2.222830 159.980621 4.080643
v 2.384259 160.250320 4.083679
v 2.580680 160.313675 4.160657
v 2.614817 160.104111 4.298270
v 2.746417 160.562424 4.038306
v 3.222133 160.539230 4.125756
v 3.804709 160.326385 4.076777
v 4.203900 160.089005 3.851715
v 4.271613 159.835205 3.861713
v 4.160783 159.590439 4.030545
v 4.242077 159.526901 3.942271
v 4.377537 159.435013 3.708491
v 4.394449 159.400894 3.629048
v 4.439841 159.428619 3.527398
v 4.452675 159.310989 3.439084
v 4.331248 159.040390 3.530143
v 4.256651 158.845734 3.436485
v 4.274701 158.766541 3.071254
v 4.172362 158.641708 2.896483
v 3.789301 158.357971 2.769846
v 3.554706 158.237030 3.044071
v 3.489317 158.352463 3.637693
v 3.313605 158.225983 2.660395
v 2.743380 158.260117 2.672657
v 2.513866 158.300705 3.062071
v 2.577022 158.407562 3.613609
v 2.409177 158.616272 3.757383
v 2.149085 158.801743 3.709639
v 1.992285 158.890488 3.543585
v 1.922839 158.844147 3.194419
v 1.840425 158.964355 2.990745
v 1.729833 159.352646 2.900510
v 1.716922 159.552872 3.114676
v 1.784098 159.497421 3.469964
v 6.212486 159.884918 1.263995
v 6.182387 160.533157 1.432499
v 6.487806 159.743729 0.384740
v 6.300159 159.629028 0.962087
v 6.685778 158.871582 -0.029027
v 6.610427 159.494629 0.003058
v 6.928688 158.757401 -1.301510
v 6.810383 158.607391 -0.427291
v 6.642678 157.083786 -0.427535
v 6.713119 157.329041 -1.416784
v 6.820694 157.787827 -1.836031
v 6.936926 158.489685 -1.778995
v 6.109433 153.647598 -0.652401
v 6.231590 154.017441 -1.117670
v 6.270692 154.506302 -1.182839
v 6.287393 155.147827 -0.846102
v 6.365548 155.638382 -1.024348
v 6.410335 155.920319 -1.746789
v 6.460742 156.381866 -2.044312
v 6.621873 157.086533 -1.920353
v 5.995344 151.603851 -0.911081
v 6.170945 151.972778 -1.271426
v 6.178030 152.482330 -1.193562
v 6.044854 153.133499 -0.697585
v 5.300834 150.183456 -1.404590
v 5.598678 150.500061 -1.683698
v 5.798585 150.796875 -1.577376
v 5.888062 151.180328 -1.009273
v 3.733117 149.197464 2.858890
v 3.673593 148.928085 2.317070
v 3.777334 148.952087 1.903600
v 4.126624 149.248535 1.692171
v 4.225416 149.242065 1.217033
v 4.012231 148.946182 0.476571
v 4.059391 148.932877 -0.028212
v 4.358393 149.212601 -0.382710
v 4.385792 149.232742 -0.877998
v 4.205211 148.923401 -1.445751
v 4.412923 148.842712 -1.862579
v 4.779085 149.180099 -2.179469
v 4.890157 149.608109 -2.082693
v 5.040063 149.907578 -1.541997
v 0.188347 143.314606 -0.468590
v 0.636059 143.280151 -0.492509
v 0.819021 143.856888 -0.294242
v 0.801841 144.886215 0.319422
v 0.945933 145.384857 0.486007
v 1.233987 145.445740 0.291269
v 1.360304 145.858582 0.428629
v 1.290179 146.464371 0.779579
v 1.380597 146.736008 0.828614
v 1.627098 146.846283 0.614562
v 1.762091 147.117050 0.704494
v 1.850331 147.394333 1.204325
v 2.104092 147.526123 1.412560
v 2.434528 147.719269 1.227781
v 2.675020 147.945068 1.438372
v 2.825491 148.186050 2.078342
v 3.564857 149.197067 3.186113
v 3.292718 148.900711 3.409797
v 3.074864 148.428223 2.297369
v 3.414140 148.691284 2.097214
v 0.343637 151.589020 6.318687
v 0.019318 151.594757 6.311163
v 0.520642 151.052139 6.016466
v 0.500918 151.435440 6.207757
v 1.017260 150.798737 5.792304
v 0.699284 150.843826 5.879211
v 1.219205 150.246719 5.412957
v 1.178429 150.608292 5.612611
v 1.736081 150.093811 5.156575
v 1.416356 150.057068 5.283172
v 2.096758 149.665848 4.958876
v 1.940348 149.981766 5.017459
v 2.571062 149.793808 4.590990
v 2.320716 149.605453 4.820728
v 2.948474 149.468704 4.278862
v 2.776133 149.766525 4.433573
v 3.359360 149.750229 3.839549
v 3.135067 149.459045 4.061214
v 0.049857 149.340515 -0.551268
v 0.453417 149.298447 -0.396363
v 0.731187 149.219437 -0.712138
v 1.114723 148.524429 -0.873020
v 1.694654 148.828415 -1.238193
v 1.915557 149.234970 -0.816221
v 2.241652 149.420166 -0.707384
v 2.726008 149.878525 -1.197117
v 2.148474 149.432053 -0.002011
v 2.404092 149.816849 1.117389
v 2.863214 150.140549 1.593798
v 3.178877 150.919266 1.355890
v 2.941840 151.494339 1.935040
v 2.620980 151.597504 2.711186
v 2.430611 151.841522 3.027086
v 2.369130 152.112534 3.163023
v 2.396623 152.231964 3.159446
v 2.525906 152.378036 2.960401
v 2.511018 152.596359 3.229040
v 2.250872 152.671570 3.776363
v 2.112510 152.595795 3.966842
v 2.103561 152.446503 3.920639
v 2.018199 152.384750 4.050913
v 1.913991 152.350586 4.328612
v 1.923410 152.301971 4.390840
v 1.939537 152.266953 4.358819
v 1.964251 152.270279 4.418267
v 2.084441 152.241135 4.576794
v 2.159647 152.214706 4.634517
v 2.131393 152.235809 4.651084
v 2.162920 152.220215 4.719517
v 2.312523 152.139450 4.794050
v 2.345642 152.078033 4.872694
v 2.234164 152.053726 5.001044
v 2.217543 151.988922 5.096167
v 2.306651 151.861496 5.089081
v 2.291669 151.732727 5.156812
v 2.135429 151.646851 5.340575
v 2.098590 151.457718 5.388439
v 2.194462 151.138107 5.251765
v 2.350448 151.052521 5.090413
v 2.545484 151.206055 4.940143
v 2.700176 151.165237 4.785914
v 2.824026 150.947281 4.600387
v 2.971454 150.958923 4.449543
v 3.110421 151.210724 4.372015
v 3.253370 151.278900 4.280381
v 3.423850 151.125214 4.133082
v 3.433508 150.859451 4.071291
v 3.260095 150.524109 4.139410
v 3.208802 150.267273 4.105699
v 3.363243 150.031555 3.882288
v 2.002594 169.197174 -9.383959
v 0.702450 169.354233 -9.428509
v 2.598953 170.107971 -6.587301
v 2.636630 169.506516 -8.467742
v 4.303885 169.461761 -5.553415
v 3.165596 170.039215 -5.597294
v 4.609251 169.159332 -2.830530
v 4.771928 169.182159 -4.610982
v 5.750233 167.993973 -2.157727
v 4.994143 168.753494 -2.031314
v 5.701727 167.258469 -0.176179
v 5.941564 167.507584 -1.509490
v 6.277055 165.911163 -0.254433
v 5.843185 166.708389 0.217876
v 6.148946 165.047119 0.848774
v 6.356594 165.363495 -0.024312
v 6.513470 163.755157 0.372964
v 6.224368 164.511749 0.933575
v 6.322488 162.970795 1.036155
v 6.523151 163.235229 0.445700
v 6.464098 161.682388 0.671701
v 6.329076 162.465530 1.066037
v 6.230437 160.972839 1.312792
v 6.407532 161.178207 0.789789
v 1.717036 159.813278 2.939946
v 1.840812 160.178238 3.083317
v 1.898895 160.250992 3.273400
v 1.927973 160.109741 3.606905
v 2.053877 160.158569 3.800395
v 2.296398 160.379471 3.913736
v 2.508911 160.648407 3.779302
v 2.498851 160.844940 3.246145
v 2.729912 160.956039 2.887382
v 3.392897 161.001709 2.859923
v 3.660664 160.922974 3.253397
v 3.572200 160.647110 3.900309
v 3.955288 160.772964 2.971153
v 4.308309 160.406921 3.030026
v 4.394137 160.243561 3.193757
v 4.378353 160.072891 3.574651
v 4.408843 159.821793 3.616608
v 4.484156 159.561966 3.454481
v 4.503620 159.441345 3.296218
v 4.523196 159.452454 2.907707
v 4.452338 159.245071 2.703154
v 4.319761 158.853500 2.846318
v 4.417306 159.528687 2.460032
v 4.058862 159.653946 2.001847
v 3.719455 159.206894 1.846407
v 3.569799 158.418594 2.374372
v 3.354056 159.709824 1.688050
v 2.578821 159.681107 1.772877
v 2.275053 159.246017 1.976467
v 2.409495 158.549728 2.410470
v 2.234062 158.499420 2.813432
v 1.964078 158.760605 2.977514
v 2.019184 159.655960 2.176110
v 1.756836 159.612732 2.668564
v 6.553810 160.158585 0.132287
v 6.526407 160.896667 0.358948
v 6.886230 160.067291 -1.063907
v 6.672802 159.896896 -0.304550
v 6.978779 159.167801 -1.712985
v 6.966904 159.813538 -1.572295
v 6.726470 157.517853 -2.311527
v 6.731635 157.611984 -3.073188
v 6.904113 158.020584 -3.431791
v 7.149583 158.654541 -3.484999
v 7.126989 158.997314 -3.113911
v 7.002319 158.895142 -2.229558
v 6.296795 152.382309 -1.624732
v 6.406125 152.789871 -1.995163
v 6.429369 153.275696 -1.955448
v 6.326074 153.876877 -1.557327
v 6.339329 154.348495 -1.625491
v 6.447903 154.618713 -2.158617
v 6.460980 155.042740 -2.338028
v 6.438996 155.695099 -2.182318
v 6.473442 156.120880 -2.463547
v 6.575301 156.217453 -3.025980
v 6.716468 156.566818 -3.282506
v 6.729534 157.229675 -3.360580
v 5.842477 150.822418 -1.998684
v 6.045559 151.146042 -2.295989
v 6.219049 151.463242 -2.203669
v 6.264817 151.906830 -1.699566
v 5.114736 149.517838 -2.501055
v 5.426025 149.848877 -2.794165
v 5.549625 150.231323 -2.652266
v 5.647657 150.545319 -2.095844
v 3.493043 148.716721 1.663374
v 3.325303 148.438843 0.998817
v 3.431433 148.393509 0.550395
v 3.757646 148.653030 0.281776
v 3.820477 148.630051 -0.193162
v 3.665984 148.291504 -0.819865
v 3.729470 148.259033 -1.275172
v 4.047796 148.545349 -1.564968
v 4.367609 148.395523 -1.909379
v 4.747170 147.703125 -2.326717
v 5.120684 147.425110 -2.764132
v 5.436676 147.721390 -3.178101
v 5.430943 148.291763 -3.094753
v 5.098267 149.041367 -2.570939
v 0.168427 141.555145 -1.333569
v 0.733729 141.541046 -1.222584
v 0.950080 141.935913 -1.045507
v 0.876947 142.779221 -0.736796
v 1.048345 143.294113 -0.537616
v 1.425488 143.366119 -0.601692
v 1.505972 143.965332 -0.493131
v 1.424197 145.028198 0.015054
v 1.503783 145.527802 0.108699
v 1.781035 145.636475 -0.086150
v 1.906245 146.063889 0.009300
v 1.801156 146.679947 0.349825
v 1.898201 147.000305 0.398605
v 2.197739 147.163452 0.157157
v 2.382454 147.433533 0.270706
v 2.513099 147.712662 0.825189
v 2.756462 147.941452 1.021022
v 3.102032 148.153488 0.800317
v 0.329662 152.146927 6.431370
v 0.005672 152.135513 6.436346
v 0.509605 151.720779 6.416637
v 0.498770 152.016861 6.459794
v 0.978719 151.551086 6.187725
v 0.668634 151.575165 6.284155
v 1.159207 150.966309 5.859927
v 1.132070 151.362183 6.054239
v 1.594251 150.781219 5.520981
v 1.307513 150.781219 5.659463
v 1.821203 150.292618 5.136150
v 1.762029 150.620987 5.342784
v 2.274323 150.347046 4.822916
v 2.006865 150.196304 4.976536
v 2.608360 150.024979 4.525355
v 2.462322 150.299393 4.660579
v 3.038692 150.253281 4.251985
v 2.801320 150.013641 4.387879
v 0.449149 149.710342 1.223522
v 0.531417 149.261292 0.212082
v -0.011282 150.062103 1.673729
v 0.288389 150.063019 1.704038
v 0.756808 149.261566 -0.185675
v 1.014401 149.268234 -0.043068
v 1.194644 149.278595 -0.393945
v 1.384713 148.786240 -0.828124
v 1.268443 149.305634 0.073098
v 1.494140 149.367157 0.272871
v 1.621658 149.380600 0.200551
v 1.841011 149.340988 -0.245648
v 1.595661 149.477570 0.647513
v 1.628917 149.986771 1.584357
v 1.846937 150.148590 2.029735
v 2.247859 150.048538 1.738676
v 2.613632 150.243607 2.162233
v 2.577588 150.769806 2.964950
v 2.467617 151.158279 3.145951
v 2.499750 151.498352 3.026520
v 2.164958 152.333023 3.724780
v 2.300271 152.242630 3.361374
v 2.341450 151.762222 3.269166
v 2.130005 151.939453 3.684144
v 2.060828 152.111069 3.850009
v 2.073456 152.282349 3.868615
v 1.991784 152.100906 4.001113
v 1.917061 152.224152 4.261662
v 1.932485 152.243134 4.364476
v 1.893833 152.237671 4.399621
v 1.892838 152.298019 4.482016
v 2.028483 152.284958 4.619566
v 2.058084 152.260941 4.715343
v 1.950600 152.293015 4.836769
v 1.959589 152.251328 4.960896
v 2.107629 152.120819 5.051085
v 2.096354 152.050812 5.169081
v 1.951528 152.061996 5.366988
v 1.923514 151.969788 5.496475
v 2.012895 151.736725 5.475881
v 1.949374 151.575073 5.530194
v 1.741926 151.540680 5.729857
v 1.652792 151.357712 5.755908
v 1.703331 150.983093 5.555657
v 1.870388 150.829681 5.381846
v 2.125543 150.922211 5.239885
v 2.289003 150.835907 5.072237
v 2.364641 150.567184 4.864895
v 2.548302 150.524536 4.702728
v 2.789775 150.727127 4.570899
v 2.959142 150.730469 4.422006
v 3.097425 150.496170 4.269398
v 1.909964 166.473938 -12.032926
v 0.684464 166.615189 -12.145384
v 2.619641 168.484253 -10.122222
v 2.547075 167.108063 -11.408582
v 4.416591 168.215103 -9.021317
v 3.256337 168.816284 -9.247313
v 4.887671 168.930603 -6.420602
v 4.948442 168.309937 -8.122382
v 6.101166 167.840088 -5.383901
v 5.316327 168.689117 -5.476527
v 6.144966 167.591202 -2.998853
v 6.312176 167.499771 -4.558219
v 6.672708 166.250259 -2.595801
v 6.304181 167.144073 -2.347050
v 6.559876 165.626282 -1.024412
v 6.735726 165.778900 -2.141611
v 6.878854 164.278381 -1.233569
v 6.621420 165.095947 -0.757628
v 6.724532 163.500961 -0.248176
v 6.907861 163.760712 -1.034483
v 6.854536 162.150940 -0.595628
v 6.723826 162.971237 -0.136234
v 6.593223 161.395615 0.201960
v 6.785098 161.616562 -0.453656
v 2.270290 160.083145 2.059864
v 2.362711 160.703796 2.604691
v 2.213347 160.672058 2.983205
v 1.951956 160.370392 3.103161
v 3.739085 160.135376 1.925073
v 3.716448 160.789597 2.528673
v 4.509114 159.738922 2.735869
v 4.426621 160.166702 2.954554
v 6.950089 160.525162 -1.331014
v 6.915855 161.306717 -1.008307
v 7.224575 159.435867 -3.432521
v 7.210233 160.142990 -3.152184
v 7.161014 160.419235 -2.658633
v 7.031919 160.255905 -1.863427
v 7.528061 158.765076 -4.147620
v 7.340763 158.888016 -3.877363
v 6.873209 157.826248 -3.760725
v 7.079563 157.932770 -4.091459
v 7.276797 158.141190 -4.160149
v 7.503826 158.548569 -4.176811
v 6.228353 151.473923 -2.571980
v 6.375615 151.816559 -2.894541
v 6.454915 152.184204 -2.874755
v 6.488019 152.686386 -2.422328
v 6.497270 153.157608 -2.373863
v 6.556935 153.478867 -2.749924
v 6.574811 153.880005 -2.789043
v 6.514597 154.439590 -2.541715
v 6.540951 154.831772 -2.685363
v 6.605858 154.976822 -3.116462
v 6.641023 155.363953 -3.308443
v 6.672956 155.941025 -3.264499
v 7.253445 156.519257 -4.112600
v 7.258715 157.015747 -4.135870
v 7.087720 157.203293 -4.003323
v 6.861005 157.419189 -3.707638
v 6.851900 156.260941 -3.504584
v 7.189619 156.302612 -3.920291
v 5.693137 150.158295 -3.083977
v 5.912953 150.472748 -3.367525
v 6.052512 150.828629 -3.180983
v 6.099182 151.159439 -2.664012
v 5.661965 148.074707 -3.608784
v 5.801179 148.470428 -4.041105
v 5.819587 149.036453 -3.902681
v 5.602130 149.716003 -3.260911
v 3.207480 148.107620 0.364571
v 3.066655 147.792206 -0.243030
v 3.152450 147.751022 -0.689853
v 3.446971 147.991791 -0.981454
v 3.633339 147.878067 -1.380770
v 4.031753 147.233078 -1.675887
v 4.424094 146.961731 -2.025980
v 4.782550 147.182083 -2.376728
v 5.078938 146.879349 -2.872372
v 5.325742 146.001068 -3.461713
v 5.524692 145.708206 -3.987249
v 5.738585 146.052414 -4.435206
v 5.744471 146.660736 -4.366146
v 5.623608 147.488632 -3.722858
v 0.171437 139.821457 -1.337449
v 0.860083 139.901016 -1.183040
v 1.135183 140.348038 -1.184362
v 1.040404 141.148788 -1.214808
v 1.249780 141.560120 -1.090846
v 1.732645 141.619934 -1.070402
v 1.881349 142.041809 -0.984598
v 1.700654 142.913727 -0.748693
v 1.787479 143.488708 -0.663129
v 2.162260 143.662750 -0.754224
v 2.199999 144.271439 -0.760596
v 1.997455 145.259537 -0.398557
v 2.072320 145.771591 -0.355247
v 2.393758 145.952667 -0.640585
v 2.504674 146.423340 -0.566531
v 2.368497 147.028900 -0.187892
v 2.512093 147.345718 -0.106587
v 2.835927 147.537598 -0.397451
v 0.473532 152.270325 6.354685
v 0.430367 152.487564 6.130983
v 0.281810 152.591507 6.044911
v 0.009000 152.567505 6.076055
v 1.105749 151.701096 6.182582
v 1.061392 151.990036 6.211876
v 0.906035 152.132935 6.261174
v 0.634626 152.145111 6.379350
v 1.499718 151.526871 5.902257
v 1.245626 151.532822 6.049332
v 0.576432 150.079208 1.757058
v 0.863469 150.124268 1.827895
v 1.033750 149.832993 1.381790
v 1.110644 149.322174 0.462298
v 0.402838 150.494690 3.565130
v 0.423917 150.358231 2.326947
v -0.007631 150.410294 4.133764
v 0.273796 150.397415 4.131220
v 1.156234 150.174545 1.958117
v 1.462932 150.225311 2.150236
v 1.794071 150.326416 2.815604
v 2.072360 150.427490 3.588471
v 2.170966 150.717941 3.668499
v 2.362366 150.882797 3.375740
v 2.314824 151.212952 3.517774
v 2.082551 151.516937 3.885021
v 2.012235 151.747009 3.965189
v 2.045711 151.930908 3.876167
v 1.897656 151.838821 4.168735
v 1.848152 152.148941 4.354033
v 1.823475 152.258377 4.469786
v 1.733668 152.290527 4.566062
v 1.718073 152.371399 4.693031
v 1.830301 152.365128 4.846550
v 1.832370 152.337982 4.987792
v 1.692304 152.376175 5.160616
v 1.684288 152.345551 5.328515
v 1.792900 152.163879 5.431581
v 1.774071 152.072647 5.569852
v 1.566196 152.078690 5.741845
v 1.512314 151.966080 5.861043
v 1.594083 151.689682 5.859136
v 1.747807 163.394470 -13.275213
v 0.627352 163.516052 -13.406053
v 2.456197 165.581238 -12.327035
v 2.351695 164.047272 -12.947287
v 4.135935 165.722122 -11.323445
v 3.079453 166.178802 -11.744167
v 4.879467 167.339127 -9.536314
v 4.698596 166.121017 -10.633327
v 6.094615 166.714371 -8.359752
v 5.375983 167.489288 -8.715331
v 6.431632 167.224838 -6.099052
v 6.420389 166.694321 -7.536270
v 6.940140 166.081207 -5.227139
v 6.599350 166.942886 -5.294250
v 6.888600 165.806885 -3.340102
v 7.023479 165.741486 -4.582737
v 7.173089 164.522079 -3.152288
v 6.944286 165.369537 -2.874426
v 7.069386 163.965118 -1.901797
v 7.206932 164.078308 -2.816496
v 7.201702 162.632401 -2.115644
v 7.081201 163.470093 -1.681692
v 6.986130 161.843933 -1.183936
v 7.159935 162.074081 -1.948615
v 7.227034 160.866470 -2.875631
v 7.245770 161.705597 -2.532329
v 7.386428 159.747314 -4.483263
v 7.352475 160.293503 -4.280670
v 7.340143 160.692871 -3.918202
v 7.261096 160.578445 -3.336488
v 7.344777 159.270645 -3.909533
v 7.464058 159.541000 -4.333067
v 7.754952 158.882584 -4.289209
v 7.964640 159.200821 -4.467925
v 7.923086 159.433075 -4.561347
v 7.636271 159.569489 -4.543675
v 7.134673 157.165848 -4.181246
v 6.949105 157.193314 -4.383133
v 6.879128 157.412308 -4.441777
v 7.077845 157.747086 -4.278326
v 7.275385 157.918564 -4.311562
v 7.417785 157.883743 -4.585413
v 7.534565 158.087128 -4.739062
v 7.774921 158.445343 -4.743872
v 7.884283 158.579803 -4.582864
v 7.727168 158.671829 -4.321025
v 6.074506 150.844498 -3.621758
v 6.211169 151.268066 -3.868057
v 6.335355 151.630737 -3.670278
v 6.401731 151.897110 -3.192104
v 6.473410 152.233521 -3.175449
v 6.540014 152.613647 -3.442545
v 6.559672 152.947281 -3.405585
v 6.606032 153.359116 -3.075703
v 6.612136 153.722748 -3.059421
v 6.640849 153.878113 -3.307004
v 6.621714 154.181122 -3.405152
v 6.578785 154.716110 -3.349020
v 6.723723 155.249359 -3.562437
v 6.761108 155.454437 -3.852099
v 6.771383 155.635529 -3.936403
v 7.070783 156.078293 -4.088354
v 7.134543 156.295334 -4.264092
v 6.684084 156.277725 -4.154428
v 6.505249 156.561264 -4.073122
v 6.741896 157.011826 -4.377822
v 5.911496 148.909912 -4.445959
v 6.024423 149.404510 -4.816889
v 6.067888 149.943695 -4.598006
v 5.962896 150.452988 -3.851915
v 5.882505 146.481155 -4.851964
v 5.907883 146.992767 -5.255288
v 5.907066 147.619095 -5.195161
v 5.907907 148.322632 -4.586422
v 2.984908 147.436096 -0.815370
v 3.227139 146.828613 -1.142846
v 3.627833 146.541077 -1.425462
v 4.042807 146.743759 -1.712496
v 4.434027 146.434937 -2.077946
v 4.748865 145.520081 -2.589002
v 5.056835 145.147522 -3.069277
v 5.332737 145.406097 -3.520144
v 5.529880 145.106781 -4.040555
v 5.788052 144.243561 -4.524649
v 5.995457 144.037109 -4.921330
v 6.093087 144.474884 -5.347889
v 6.014410 145.095428 -5.356118
v 5.891107 145.862625 -4.899464
v 0.634867 149.368042 -10.694789
v 0.004996 149.386444 -10.792710
v 0.007940 151.144913 -10.627493
v 0.573933 151.116364 -10.514958
v 0.855920 150.682831 -10.432822
v 0.910534 149.821381 -10.540730
v 0.985265 148.829117 -10.731122
v 1.096768 147.635422 -11.076015
v 0.809819 147.013092 -11.426361
v 0.066481 147.035095 -11.498492
v 0.159541 138.348694 -0.638156
v 0.928357 138.506866 -0.527579
v 1.274084 138.918839 -0.673080
v 1.223151 139.595322 -0.985191
v 1.493560 140.029465 -1.032905
v 2.084536 140.151138 -1.010275
v 2.247970 140.551666 -1.147604
v 2.049260 141.287415 -1.161429
v 2.183698 141.713959 -1.135511
v 2.596062 141.851913 -1.291031
v 2.708566 142.337433 -1.224899
v 2.506995 143.258011 -0.909471
v 2.569874 143.859528 -0.903807
v 2.987235 144.076248 -1.132305
v 3.021767 144.676285 -1.187946
v 2.719375 145.631119 -0.906903
v 2.747115 146.177689 -0.923571
v 3.170409 146.364304 -1.183075
v 0.391479 152.652206 5.862476
v 0.351382 152.651840 5.546839
v 0.226284 152.570862 5.436897
v -0.005385 152.590378 5.465548
v 1.001890 152.259583 6.135317
v 0.918963 152.507034 5.942728
v 0.771170 152.599869 5.884830
v 0.538426 152.590744 5.980091
v 1.360379 152.091614 5.919233
v 1.146680 152.111206 6.101942
v 0.934480 150.447678 3.624610
v 0.983744 150.366562 2.474157
v 0.570541 150.377716 4.142665
v 0.836823 150.346924 4.154476
v 0.427391 151.206085 5.207179
v 0.468835 150.263275 4.742203
v 0.005183 151.618973 5.368189
v 0.266951 151.607162 5.330660
v 1.094210 150.326859 4.175931
v 1.337540 150.296509 4.248247
v 1.459745 150.344040 3.879699
v 1.554525 150.367233 2.918651
v 1.529184 150.508209 4.310114
v 1.605215 150.779892 4.346747
v 1.696570 150.814499 4.280904
v 1.935693 150.707565 4.006051
v 1.988612 150.954376 4.031137
v 1.840780 151.401505 4.321420
v 1.836727 151.607666 4.326225
v 1.935455 151.625046 4.128215
v 1.716900 151.812851 4.502442
v 1.648383 152.182755 4.561610
v 1.613202 152.323807 4.679703
v 1.473826 152.348907 4.810348
v 1.442302 152.438492 4.961284
v 1.553237 152.446487 5.151194
v 1.537348 152.425919 5.329227
v 1.374804 152.473419 5.489246
v 1.331271 152.415375 5.662891
v 1.436068 152.215927 5.806526
v 1.555052 160.523376 -13.481558
v 0.551794 160.652603 -13.628655
v 2.226771 162.545929 -13.277223
v 2.099865 161.123169 -13.380712
v 3.780487 162.820206 -12.523206
v 2.814638 163.155762 -12.974470
v 4.508203 164.761108 -11.470464
v 4.316352 163.338699 -12.055136
v 5.700335 164.570206 -10.309949
v 5.008621 165.172882 -10.834556
v 6.269264 165.881775 -8.736915
v 6.069740 164.841064 -9.665320
v 6.909066 165.155914 -7.627710
v 6.575802 165.934784 -7.990863
v 7.091444 165.524460 -5.811086
v 7.075158 165.076370 -6.944754
v 7.342400 164.378357 -5.165585
v 7.175008 165.232925 -5.185306
v 7.308436 164.109009 -3.756052
v 7.378280 164.039124 -4.697375
v 7.407192 162.829819 -3.658835
v 7.328492 163.684601 -3.412703
v 7.286707 162.237656 -2.698597
v 7.376053 162.344666 -3.417801
v 7.390790 161.141312 -4.080847
v 7.412446 161.945221 -3.880662
v 7.478879 159.627975 -4.748772
v 7.490360 159.521194 -5.084759
v 7.391870 159.524155 -5.183924
v 7.397347 160.168076 -5.139615
v 7.426669 160.680649 -4.917886
v 7.397518 160.725616 -4.438835
v 7.966900 158.745224 -4.768190
v 8.161021 158.971710 -4.850190
v 8.297475 159.114029 -4.813987
v 8.162214 159.277252 -4.655561
v 8.139934 159.515381 -4.758891
v 8.287698 159.736710 -5.108777
v 8.139728 159.816711 -5.306183
v 7.703948 159.618011 -5.245688
v 6.811465 157.274521 -4.645690
v 6.948313 157.252441 -4.829644
v 6.990777 157.467926 -4.852587
v 7.237956 157.774063 -4.770969
v 7.248113 158.034912 -4.736197
v 6.909680 158.230133 -4.717402
v 7.021663 158.361221 -4.831863
v 7.236425 158.712494 -4.821291
v 7.558163 158.879501 -4.706161
v 7.779308 158.716095 -4.774442
v 6.061492 149.980621 -5.147425
v 6.071455 150.646347 -5.426206
v 6.150352 151.143661 -5.144142
v 6.197515 151.393417 -4.346152
v 6.309464 151.759125 -4.086208
v 6.369300 152.251633 -4.263668
v 6.449249 152.524841 -4.092556
v 6.514987 152.691681 -3.703829
v 6.561132 152.972168 -3.650894
v 6.562554 153.215591 -3.849894
v 6.645700 153.371964 -3.769176
v 6.703907 153.697754 -3.515385
v 6.763762 154.926804 -3.865622
v 6.641553 154.957565 -3.577836
v 6.701072 153.986465 -3.604410
v 6.806371 154.115479 -3.941840
v 6.779725 154.398834 -4.150693
v 6.837484 154.801132 -4.046969
v 6.949279 155.094284 -4.015368
v 6.895084 155.282074 -4.169444
v 6.735532 155.366043 -4.105059
v 6.659007 155.416077 -3.954259
v 6.614370 155.530228 -3.961176
v 6.365604 155.579636 -3.882833
v 6.235110 155.838364 -3.891040
v 6.294456 156.146011 -3.933734
v 6.338442 156.717834 -4.892981
v 6.555028 157.163330 -4.592878
v 6.050293 156.339401 -3.886811
v 5.514383 156.109024 -4.099948
v 5.728684 156.217941 -4.502362
v 6.244889 156.366440 -4.808735
v 5.840621 147.588730 -5.644187
v 5.690623 148.299469 -5.989339
v 5.746257 148.945084 -5.909711
v 5.993001 149.420181 -5.350587
v 6.184513 144.976410 -5.746858
v 6.203700 145.537552 -6.145181
v 5.973539 146.203049 -6.152785
v 5.868379 146.929413 -5.694000
v 3.607181 146.028534 -1.423603
v 3.922055 145.113449 -1.808974
v 4.316165 144.732925 -2.169448
v 4.717000 144.929092 -2.621109
v 5.032090 144.554810 -3.101598
v 5.314594 143.648834 -3.552261
v 5.614180 143.370880 -4.000171
v 5.858346 143.676804 -4.473989
v 6.140053 143.481827 -4.823988
v 6.637507 142.841064 -4.917584
v 7.048956 142.752975 -5.140944
v 7.247403 143.190750 -5.636858
v 6.965971 143.711548 -5.871704
v 6.373048 144.360565 -5.692456
v 0.896796 152.262421 -10.645995
v 0.853447 151.486954 -10.479740
v 0.062586 152.722168 -10.861000
v 0.649123 152.676895 -10.806467
v 1.836390 149.223328 -10.338214
v 1.246880 149.322205 -10.538177
v 1.114970 151.055756 -10.343750
v 1.633912 150.960556 -10.135211
v 1.911203 150.494415 -10.011481
v 2.033937 149.626831 -10.121695
v 1.262916 144.316452 -13.501863
v 0.252662 144.353577 -13.567438
v 1.289160 146.334137 -11.762077
v 1.582036 144.923523 -12.787612
v 2.222409 148.644547 -10.339783
v 2.499347 147.503815 -10.723961
v 2.319353 146.918228 -11.141734
v 1.563013 146.975876 -11.313075
v 0.205885 137.152496 0.414499
v 1.090777 137.202682 0.403049
v 1.458308 137.627045 0.192424
v 1.338486 138.284500 -0.249148
v 1.671977 138.700485 -0.417844
v 2.403180 138.922958 -0.356093
v 2.662263 139.306839 -0.606430
v 2.467703 139.871582 -0.989332
v 2.615295 140.253189 -1.190872
v 3.114811 140.381363 -1.391964
v 3.180506 140.797073 -1.584313
v 2.888323 141.551727 -1.522268
v 2.991945 142.033218 -1.501675
v 3.407747 142.254776 -1.752045
v 3.550143 142.794601 -1.725094
v 3.340835 143.700195 -1.399034
v 3.420340 144.300369 -1.421423
v 3.873447 144.523880 -1.762964
v 0.324635 152.396133 5.304176
v 0.369907 151.901199 5.348223
v 0.839304 152.639908 5.684652
v 0.762645 152.606445 5.399371
v 0.640660 152.526993 5.313410
v 0.442279 152.550034 5.383033
v 1.188343 152.516342 5.636066
v 0.983983 152.571045 5.764239
v 0.871222 151.241119 5.026414
v 1.046676 150.398605 4.665038
v 0.510507 151.590759 5.270101
v 0.719913 151.579636 5.177779
v 1.187580 151.319534 4.855968
v 1.360618 150.699188 4.528855
v 0.902821 151.575165 5.089335
v 1.063086 151.583145 4.997289
v 1.216866 151.603882 4.908572
v 1.374600 151.629578 4.807469
v 1.485540 151.410019 4.673069
v 1.580295 151.003830 4.453731
v 1.536482 151.635208 4.674698
v 1.709959 151.625366 4.521767
v 1.425699 151.858688 4.789164
v 1.376462 152.234573 4.816645
v 1.320211 152.380295 4.938611
v 1.164697 152.414978 5.052454
v 1.122527 152.526932 5.204403
v 1.224799 152.540680 5.443818
v 1.352650 157.773041 -12.812117
v 0.436367 157.789719 -12.958311
v 1.989392 159.734131 -13.275615
v 1.868051 158.367737 -12.948044
v 3.411273 160.057678 -12.769441
v 2.517528 160.319870 -13.197888
v 4.115504 161.914627 -12.392609
v 3.913772 160.560593 -12.512268
v 5.272895 161.931442 -11.339915
v 4.607709 162.407623 -11.964399
v 5.875357 163.647705 -10.373929
v 5.665315 162.346451 -10.865773
v 6.597152 163.322296 -9.272725
v 6.210281 163.951004 -9.784502
v 6.978715 164.401520 -7.925401
v 6.834181 163.516144 -8.708512
v 7.293207 163.591568 -7.006851
v 7.143002 164.377090 -7.299892
v 7.395020 163.829300 -5.616544
v 7.371975 163.456589 -6.477420
v 7.495999 162.710464 -5.157706
v 7.436355 163.531586 -5.158308
v 7.449913 162.406067 -4.125669
v 7.490361 162.369522 -4.818844
v 7.453631 161.075851 -5.151633
v 7.489751 161.889481 -5.154808
v 7.495420 159.424667 -5.343098
v 7.509564 159.294937 -5.607118
v 7.357659 159.199249 -5.661686
v 7.336298 159.718124 -5.762437
v 7.388023 160.293930 -5.711758
v 7.417991 160.533020 -5.341854
v 7.521914 159.049011 -4.936233
v 7.792480 159.318954 -5.094776
v 8.068035 159.356247 -5.105054
v 8.213479 159.137085 -5.008202
v 8.395320 159.187912 -5.061205
v 8.659907 159.345673 -5.421057
v 8.798507 159.501968 -5.527707
v 8.587565 159.765305 -5.387156
v 8.452483 159.888199 -5.582530
v 8.520987 159.891891 -6.103567
v 8.232009 159.750153 -6.217909
v 7.742646 159.413177 -5.866308
v 6.809452 156.894562 -5.366059
v 6.845048 157.171539 -5.026198
v 6.543507 156.504547 -5.193376
v 6.784498 156.636734 -5.433719
v 6.801241 157.373596 -4.973912
v 6.660292 157.546692 -5.179231
v 6.700978 157.699799 -5.212211
v 6.822837 158.008850 -5.066668
v 7.009415 158.016998 -5.143281
v 7.173118 157.696289 -5.545468
v 7.447999 157.788834 -5.640407
v 7.422175 158.162170 -5.604847
v 7.348179 158.407654 -5.530700
v 7.279971 158.791168 -5.136878
v 5.557273 149.139404 -6.298225
v 5.493060 150.067871 -6.583215
v 5.660408 150.654846 -6.481408
v 5.980985 150.883438 -5.908087
v 6.091935 151.398575 -5.637344
v 6.176182 152.240448 -5.765816
v 6.272189 152.605209 -5.308238
v 6.350868 152.487747 -4.621955
v 6.422923 152.693192 -4.389398
v 6.422984 152.979370 -4.490526
v 6.432958 153.085175 -4.462546
v 6.446599 153.242371 -4.221190
v 6.657469 153.290436 -4.112868
v 6.956338 153.430237 -4.215045
v 6.955911 153.662735 -4.201892
v 6.864800 153.971786 -4.156667
v 6.968194 154.293121 -4.357303
v 7.349087 154.529434 -4.719578
v 7.485470 154.791489 -4.827746
v 7.626394 155.065536 -4.710593
v 7.527543 155.130630 -4.501215
v 7.157638 154.988129 -4.136549
v 7.515066 155.324020 -4.704504
v 7.347630 155.398392 -4.827951
v 7.178760 155.294952 -4.751765
v 6.947328 155.267914 -4.421125
v 6.738603 155.329468 -4.290971
v 6.488370 155.343292 -4.375223
v 6.332011 155.488174 -4.240580
v 6.229178 155.549728 -3.956881
v 6.299001 155.704468 -4.428641
v 5.845141 156.033432 -4.413641
v 6.442674 155.696243 -5.213413
v 6.421383 156.191650 -5.117153
v 6.437957 155.492844 -4.575458
v 6.502077 155.426178 -4.972573
v 6.082183 146.170151 -6.562876
v 5.706997 146.916977 -6.991673
v 5.304704 147.855011 -6.878551
v 5.491859 148.450943 -6.377162
v 7.393244 143.699127 -6.172938
v 7.488429 144.269318 -6.663207
v 7.075631 144.824539 -6.821433
v 6.410621 145.485382 -6.534885
v 4.222893 144.149948 -2.153125
v 4.486382 143.239944 -2.487876
v 4.847425 142.901413 -2.915948
v 5.281338 143.095291 -3.474514
v 5.644297 142.834702 -3.884819
v 6.079092 142.187683 -3.983438
v 6.523789 142.045151 -4.235069
v 6.810752 142.389603 -4.692142
v 7.288006 142.296310 -4.915599
v 8.172872 141.772385 -4.932412
v 8.779164 141.728333 -5.198167
v 9.035942 142.255600 -5.720094
v 8.643177 142.767212 -5.949580
v 7.724140 143.194870 -5.920341
v 1.053060 155.663773 -11.890316
v 0.274168 155.669052 -11.980770
v 1.695861 157.163315 -12.461743
v 1.508907 156.139740 -12.021015
v 0.800349 154.074417 -11.205224
v 0.141023 154.078781 -11.273057
v 1.340006 155.216339 -11.621132
v 1.188734 154.422729 -11.287751
v 1.065559 153.733551 -11.045262
v 0.972784 153.028305 -10.844861
v 1.205735 152.614426 -10.664396
v 1.721661 152.536240 -10.455265
v 1.921338 152.099655 -10.228440
v 1.881205 151.305466 -10.066241
v 2.855491 150.189011 -9.466230
v 3.064676 149.286072 -9.572218
v 2.942740 148.903458 -9.807822
v 2.402353 149.081192 -10.091825
v 2.129105 150.842270 -9.892975
v 2.586920 150.701813 -9.613292
v 1.967704 143.818832 -14.117210
v 2.308725 142.895660 -15.318298
v 1.784467 142.206039 -15.790538
v 0.419526 141.993546 -15.673033
v 3.353137 144.347488 -13.206581
v 2.311884 144.301559 -13.413831
v 2.911669 146.244568 -11.397947
v 3.490286 144.947662 -12.407844
v 3.358646 148.300797 -9.750269
v 3.795166 147.239166 -10.098798
v 3.772925 146.753662 -10.588410
v 3.060573 146.844696 -10.897684
v 1.750297 136.125916 1.161901
v 1.595439 136.900696 0.649809
v 0.292095 135.513138 1.286233
v 1.327271 135.617783 1.356638
v 1.961690 137.354660 0.424945
v 2.836033 137.542358 0.416037
v 3.136099 137.992111 0.168858
v 2.882613 138.704926 -0.164881
v 3.123644 139.128632 -0.388009
v 3.826700 139.280807 -0.530454
v 3.961636 139.657303 -0.833806
v 3.549631 140.144958 -1.342556
v 3.607580 140.533447 -1.603712
v 4.105115 140.701401 -1.830235
v 4.125896 141.158264 -2.044524
v 3.746907 141.959839 -2.017428
v 3.870230 142.490387 -2.042608
v 4.353903 142.714066 -2.422835
v 0.715230 152.349579 5.183242
v 0.774553 151.867371 5.187852
v 0.995706 152.458054 5.148201
v 0.821830 152.497971 5.233183
v 1.051064 152.298477 5.018317
v 1.104731 151.851685 5.009244
v 2.966933 157.621170 -12.202317
v 2.201744 157.703629 -12.573289
v 3.710203 159.274429 -12.426279
v 3.459370 158.097397 -12.144801
v 4.827940 159.378265 -11.554140
v 4.185258 159.739410 -12.198826
v 5.441956 161.040894 -11.137288
v 5.220839 159.792908 -11.238023
v 6.223989 160.961731 -10.096470
v 5.805110 161.443878 -10.708940
v 6.676595 162.464828 -9.296173
v 6.494786 161.314896 -9.674026
v 7.088630 162.062714 -8.327741
v 6.894752 162.692261 -8.789978
v 7.312014 162.895294 -7.233140
v 7.214837 162.172623 -7.854812
v 7.419086 162.076324 -6.506466
v 7.381453 162.814240 -6.741779
v 7.496386 162.203644 -5.489529
v 7.460213 161.909164 -6.111580
v 7.383903 160.547287 -6.007959
v 7.418818 161.320816 -6.269093
v 7.526959 159.135712 -5.859457
v 7.533436 158.917313 -6.104136
v 7.339917 158.803909 -6.119998
v 7.219923 159.113831 -6.276108
v 7.272187 159.619247 -6.330482
v 7.347059 160.000748 -6.047198
v 7.772986 158.791000 -5.740583
v 7.840003 159.293686 -5.412666
v 7.460514 158.313477 -5.678008
v 7.657896 158.419617 -5.840052
v 8.069760 159.462982 -5.399113
v 8.289609 159.551758 -5.794362
v 8.521782 159.632950 -5.933234
v 8.708650 159.341751 -5.743452
v 8.875744 159.374405 -5.838668
v 8.990643 159.284943 -6.262962
v 8.983415 159.396347 -6.465326
v 8.783439 159.782913 -6.451461
v 8.089733 159.073044 -6.981965
v 7.759308 158.931808 -6.500278
v 8.493131 159.724655 -6.603275
v 8.373357 159.365616 -7.022120
v 6.784594 156.851822 -5.636503
v 6.757255 157.117538 -5.849609
v 6.718657 157.430130 -5.762121
v 6.710643 157.570816 -5.385695
v 6.667930 155.607132 -5.426076
v 6.925478 155.971100 -5.811753
v 6.928992 156.286499 -5.888414
v 6.823564 156.594742 -5.682618
v 6.781937 157.425415 -6.062524
v 7.057082 157.548996 -5.988722
v 7.558867 157.517197 -5.892158
v 7.858462 157.545486 -6.065263
v 7.946692 157.801300 -6.082838
v 7.843683 158.251175 -5.969992
v 5.032752 148.303146 -7.239872
v 4.787578 149.620438 -7.368548
v 4.903771 150.269485 -7.287971
v 5.281763 150.445526 -6.922641
v 5.463531 151.033203 -6.836198
v 5.494279 152.008987 -7.065367
v 5.725347 152.537994 -6.925256
v 6.085604 152.670547 -6.268983
v 6.231013 153.122162 -5.506261
v 6.258263 153.457642 -5.233125
v 6.285762 153.320969 -5.012373
v 6.381286 153.085159 -4.654377
v 6.338727 153.668854 -5.008025
v 6.598706 153.676483 -4.968209
v 6.639165 153.413498 -4.861307
v 6.466474 153.373749 -4.373574
v 6.976200 153.449417 -5.104435
v 7.328188 153.636688 -5.038980
v 7.261641 153.749908 -4.767880
v 6.934948 153.627151 -4.389074
v 7.429734 154.075958 -4.939182
v 7.434269 154.481735 -4.915077
v 7.514376 154.755798 -5.042427
v 7.617771 154.973740 -5.387050
v 7.690595 155.216080 -5.519668
v 7.729765 155.441208 -5.477812
v 7.661416 155.441696 -5.294638
v 7.636494 155.301712 -4.873782
v 7.656331 155.608322 -5.540890
v 7.557571 155.719360 -5.686911
v 7.427330 155.650391 -5.558475
v 7.320680 155.493881 -5.095092
v 7.133316 155.371170 -5.007506
v 6.757850 155.385162 -5.154547
v 7.520992 144.874191 -7.102955
v 7.439212 145.434387 -7.576950
v 6.824126 145.950821 -7.716627
v 5.754695 146.720688 -7.444000
v 9.269584 142.818985 -6.254230
v 9.464719 143.400467 -6.821660
v 8.999015 143.929733 -7.027016
v 7.988087 144.352753 -6.923418
v 4.759308 142.397507 -2.785487
v 5.134943 141.603180 -2.913307
v 5.661799 141.383102 -3.150339
v 6.146498 141.714294 -3.714175
v 6.683872 141.564514 -3.956772
v 7.520889 141.007721 -3.732332
v 8.167240 140.967529 -3.911241
v 8.499185 141.304123 -4.599848
v 10.781228 140.688568 -5.012892
v 11.207129 141.146225 -5.775373
v 10.751858 141.600235 -6.208132
v 9.671929 142.242294 -6.056689
v 9.116690 141.249100 -4.857034
v 10.103111 140.811890 -4.656126
v 2.433810 155.635483 -11.486001
v 1.775392 155.662003 -11.726742
v 3.165717 157.027817 -11.817100
v 2.873257 156.052032 -11.488234
v 2.009106 154.037277 -10.906460
v 1.433913 154.065186 -11.093167
v 2.604543 155.178696 -11.171657
v 2.370361 154.389648 -10.899101
v 2.178130 153.639954 -10.668078
v 2.022101 152.882736 -10.440696
v 2.195653 152.448105 -10.196281
v 2.626670 152.349182 -9.913519
v 2.790300 151.892822 -9.666159
v 2.776021 151.053391 -9.510543
v 3.638896 149.876953 -8.837354
v 3.958555 148.893860 -8.916723
v 3.940921 148.493637 -9.163724
v 3.463428 148.707642 -9.505485
v 3.004885 150.549179 -9.327973
v 3.377760 150.413483 -9.020938
v 4.234930 143.962311 -13.713820
v 4.916346 143.242569 -14.889059
v 4.573165 142.749634 -15.646814
v 3.180868 142.495819 -15.827215
v 2.658744 141.714249 -16.264071
v 3.002827 140.281448 -17.055702
v 2.299109 139.336029 -17.370651
v 0.576331 139.146927 -17.259649
v 4.488651 146.164505 -10.805439
v 5.339510 145.148270 -11.823068
v 5.354831 144.599625 -12.576259
v 4.375303 144.461975 -12.933174
v 4.383826 147.855698 -9.050287
v 5.053707 146.881683 -9.409748
v 5.141937 146.513580 -9.874011
v 4.460952 146.643524 -10.233820
v 3.724187 136.465607 1.054354
v 3.415144 137.259964 0.589663
v 2.349600 135.802200 1.448228
v 3.375269 135.971878 1.383452
v 3.706168 137.722137 0.307573
v 4.553156 137.882278 0.093356
v 4.754921 138.307785 -0.218129
v 4.359261 138.990067 -0.516302
v 4.494478 139.394165 -0.791067
v 5.148201 139.534729 -1.106702
v 5.207304 139.958694 -1.416722
v 4.629094 140.481781 -1.829663
v 4.621871 140.891418 -2.140959
v 5.142715 141.108902 -2.596244
v 4.213268 157.186462 -11.191064
v 3.638175 157.452866 -11.731018
v 4.961817 158.620773 -11.166161
v 4.638766 157.543625 -11.006758
v 5.733151 158.661224 -10.238341
v 5.341241 159.015762 -10.889028
v 6.286667 160.141312 -9.876942
v 6.029033 159.021210 -9.931118
v 6.738131 160.015121 -8.917563
v 6.535974 160.486404 -9.500284
v 7.078483 161.299957 -8.311754
v 6.911706 160.295624 -8.560429
v 7.217360 160.809631 -7.438447
v 7.192047 161.447662 -7.891829
v 7.381279 161.458618 -6.647207
v 7.278231 160.851654 -7.065661
v 7.225368 159.705994 -6.657566
v 7.218937 160.220367 -7.016957
v 7.511898 158.663422 -6.358987
v 7.429854 158.244507 -6.554869
v 7.212324 158.038025 -6.600532
v 7.074080 158.238144 -6.787589
v 7.077744 158.653183 -6.807230
v 7.172101 159.165131 -6.586089
v 7.924951 158.579483 -5.943576
v 8.145161 158.698669 -6.119879
v 8.204755 158.968277 -6.193185
v 8.290897 159.424316 -6.089282
v 8.451884 159.569336 -6.256944
v 8.535692 159.378357 -6.700287
v 8.692081 159.285339 -6.790638
v 8.874681 159.140121 -6.514948
v 8.980809 159.127411 -6.667728
v 8.930999 158.884689 -7.064511
v 8.863605 158.840790 -7.306993
v 8.533957 159.094513 -7.337308
v 8.209655 158.822647 -7.323889
v 8.072484 158.145233 -7.494043
v 7.809690 157.828766 -7.286263
v 7.559218 157.899185 -6.751506
v 7.099875 156.245911 -6.023918
v 7.231054 156.465347 -6.221406
v 7.151240 156.721741 -6.263591
v 6.849197 157.069702 -6.110368
v 7.369503 155.801651 -5.852481
v 7.117229 155.953430 -5.922826
v 7.352543 156.645981 -6.338415
v 7.490938 156.829529 -6.353950
v 7.502891 157.001511 -6.301185
v 7.359826 157.346344 -6.089062
v 7.622042 156.869232 -6.361928
v 7.848096 156.797363 -6.381255
v 8.009136 156.949020 -6.329724
v 8.021607 157.354446 -6.187808
v 8.106800 157.621521 -6.204301
v 8.245337 157.766541 -6.423418
v 8.251081 158.208878 -6.491055
v 8.227612 158.628403 -6.268689
v 5.197280 147.563293 -7.534770
v 4.949445 147.782684 -7.976495
v 4.592041 148.485229 -8.139153
v 4.245238 149.628189 -8.118911
v 4.277375 150.156815 -7.981704
v 4.558432 150.166214 -7.624073
v 4.698937 150.771103 -7.570010
v 4.743987 151.855820 -7.841335
v 4.972211 152.395386 -7.802582
v 5.344172 152.450317 -7.408365
v 6.180879 154.099228 -6.259189
v 6.187249 153.262344 -6.016444
v 5.596854 152.953827 -7.305090
v 5.727314 153.829407 -7.536325
v 5.939601 154.244858 -7.364026
v 6.166503 154.376434 -6.695696
v 6.396683 154.544113 -5.191381
v 6.312134 153.888489 -5.153398
v 6.190014 154.612381 -6.044373
v 6.304899 154.811401 -5.485615
v 6.628509 154.815979 -5.074450
v 6.963496 154.394608 -5.643564
v 7.075585 154.039047 -5.654522
v 6.894947 153.693039 -5.252143
v 7.351696 154.136536 -5.945437
v 7.740731 154.312134 -5.789337
v 7.680830 154.335846 -5.515334
v 7.506382 154.011047 -5.164079
v 7.738723 154.669876 -5.647007
v 7.631718 154.956955 -5.605711
v 7.719225 155.210052 -5.728165
v 7.902906 155.456558 -6.029594
v 8.022304 155.687103 -6.127819
v 8.003652 155.879837 -6.061330
v 7.890012 155.852188 -5.956426
v 7.756605 155.645416 -5.671993
v 7.916301 156.013168 -6.088281
v 7.794209 156.090378 -6.186440
v 7.659663 156.048584 -6.156775
v 7.545951 155.866180 -5.954306
v 9.577010 143.964630 -7.436921
v 9.567184 144.460587 -8.118685
v 8.937581 144.898285 -8.307314
v 7.848058 145.384995 -7.986743
v 7.199334 145.841965 -8.110759
v 6.821214 146.071457 -8.624271
v 6.092694 146.520020 -8.645437
v 5.169006 147.374466 -8.296288
v 11.329519 142.828537 -7.581190
v 10.092107 143.413254 -7.252541
v 11.534567 141.567688 -6.643521
v 11.875871 142.195953 -7.400086
v 5.718108 140.908493 -2.758452
v 6.444943 140.443558 -2.358021
v 7.136617 140.341370 -2.473263
v 7.719265 140.647293 -3.178113
v 8.373445 140.576157 -3.381282
v 9.044125 139.884811 -3.272470
v 9.679539 139.726852 -3.610857
v 10.268317 140.204239 -4.312055
v 10.985188 140.077255 -4.643771
v 12.065873 139.574661 -4.270385
v 13.036532 139.806870 -4.235188
v 13.759252 140.471741 -5.081505
v 13.401595 140.818893 -5.875952
v 12.035378 141.127106 -6.158249
v 3.515032 155.381195 -10.729848
v 3.017835 155.550079 -11.144455
v 4.295146 156.552856 -10.811500
v 3.921917 155.665771 -10.612170
v 3.540188 154.889038 -10.397066
v 3.235963 154.166122 -10.219636
v 2.937925 153.875320 -10.314937
v 2.512043 153.978073 -10.638515
v 3.021123 153.446320 -10.061464
v 2.872085 152.695343 -9.869655
v 3.472330 151.744522 -9.072792
v 3.496943 150.823227 -8.909163
v 3.003616 152.254974 -9.615056
v 3.330849 152.193817 -9.318182
v 4.689950 148.027328 -8.389325
v 4.354619 148.266281 -8.786528
v 3.707689 150.298996 -8.687656
v 4.003740 150.209290 -8.339599
v 6.312399 144.250183 -12.875640
v 7.228721 143.505661 -13.874389
v 7.121619 143.062317 -14.703284
v 5.899751 142.913193 -15.238111
v 5.707859 140.086380 -17.464752
v 4.023492 139.664856 -17.474731
v 5.574530 142.331497 -15.984675
v 6.206868 141.068359 -16.942434
v 7.145012 144.863449 -11.611992
v 6.281865 144.743668 -12.134562
v 5.949247 146.029770 -10.026097
v 7.021345 145.281494 -10.888007
v 6.348049 146.219864 -9.084648
v 5.792501 146.372604 -9.503721
v 4.387160 136.124878 1.190897
v 5.382073 136.286331 0.892632
v 5.633984 136.790329 0.503911
v 5.176328 137.585571 0.127126
v 5.361647 138.031235 -0.211847
v 6.150429 138.203598 -0.572977
v 6.263438 138.620895 -0.912540
v 5.740144 139.284546 -1.157032
v 5.809938 139.750595 -1.448989
v 6.472877 140.033478 -1.895488
v 5.113581 156.592361 -10.068573
v 4.702360 156.885742 -10.627630
v 5.747656 157.971054 -9.901130
v 5.458375 156.957062 -9.835036
v 6.257923 158.018814 -9.029505
v 6.025958 158.326935 -9.614543
v 6.696276 159.284760 -8.680787
v 6.462520 158.326462 -8.729527
v 6.909062 159.137955 -7.808553
v 6.857039 159.555237 -8.349022
v 7.155488 160.129883 -7.337042
v 7.004228 159.356155 -7.514345
v 7.010523 158.488632 -7.043354
v 6.953374 158.791534 -7.374777
v 7.277288 157.655334 -6.641414
v 7.097097 157.078140 -6.616687
v 6.891338 156.876892 -6.656685
v 6.842580 156.960281 -6.993250
v 6.900584 157.370926 -7.121813
v 6.994297 158.038757 -7.000973
v 8.262968 158.256042 -6.772527
v 8.417614 158.956696 -6.875278
v 8.538201 159.017334 -7.045945
v 8.527950 158.655304 -7.222600
v 8.588109 158.583755 -7.285376
v 8.801156 158.588547 -7.180492
v 8.841770 158.457840 -7.382741
v 8.591222 157.878128 -7.403289
v 8.536637 157.579742 -7.491432
v 8.262083 157.693710 -7.636158
v 7.949068 157.380310 -7.510812
v 7.865042 156.624191 -7.417731
v 7.679323 156.425552 -7.011631
v 7.220686 156.698700 -6.590790
v 7.609017 156.203842 -6.277545
v 7.407203 156.411942 -6.320565
v 7.763595 156.246262 -6.301890
v 7.893262 156.572388 -6.376997
v 8.055949 156.725189 -6.361855
v 8.212519 156.666382 -6.363670
v 8.326131 156.876587 -6.468522
v 8.264418 157.496643 -6.570778
v 4.084715 150.716217 -8.237921
v 4.079984 151.771637 -8.470037
v 4.278756 152.313034 -8.463017
v 4.622571 152.356735 -8.148683
v 4.874317 152.879776 -8.130185
v 5.085973 153.849686 -8.423925
v 5.368011 154.286667 -8.342509
v 5.660975 154.246506 -7.881176
v 6.382600 155.421478 -6.731619
v 6.218005 154.818054 -6.489534
v 5.883096 154.637390 -7.698711
v 6.128679 155.402344 -7.782693
v 6.338549 155.734329 -7.565684
v 6.459661 155.702835 -7.088140
v 6.649407 155.526199 -5.779935
v 6.469678 155.130051 -5.382559
v 6.491596 155.749039 -6.602348
v 6.572980 155.794754 -6.140142
v 6.886903 155.604919 -5.952930
v 7.269457 155.337952 -6.183052
v 7.338434 154.920837 -6.432429
v 7.186882 154.442337 -6.053604
v 7.642983 155.036575 -6.734586
v 8.040956 155.121155 -6.526799
v 7.949303 155.067993 -6.228222
v 7.833241 154.682831 -5.872738
v 7.946980 155.378738 -6.336376
v 7.962801 155.530167 -6.233105
v 8.087893 155.765366 -6.329303
v 8.248528 156.170334 -6.635475
v 8.294077 156.453339 -6.703017
v 8.315395 156.568344 -6.511488
v 8.195155 156.412247 -6.349546
v 8.030069 156.073669 -6.176388
v 12.112124 142.899536 -8.123137
v 12.077822 143.412796 -8.997648
v 11.309243 143.861603 -9.157865
v 10.085954 144.412186 -8.679237
v 9.403468 144.820816 -8.862085
v 9.073407 144.986649 -9.632970
v 8.279347 145.269226 -9.704948
v 7.133319 145.825729 -9.112902
v 14.195602 141.889832 -8.032565
v 12.755116 142.333984 -7.867186
v 14.362164 141.075409 -6.158513
v 14.783952 141.509277 -7.397149
v 7.137709 139.851257 -2.057373
v 7.689152 139.115677 -1.943952
v 8.328261 138.936417 -2.175965
v 9.013301 139.292542 -2.891001
v 9.700526 139.133469 -3.182185
v 10.518989 138.454651 -2.847057
v 11.429293 138.364151 -3.015077
v 12.262955 139.018311 -3.670819
v 5.102348 155.979294 -9.748242
v 4.649032 155.020081 -9.576812
v 4.216575 154.746765 -9.760969
v 3.913631 155.127182 -10.270159
v 3.535612 153.552094 -9.688306
v 3.282566 153.728256 -9.977892
v 4.052771 154.049591 -9.494085
v 3.700063 153.606979 -9.573562
v 3.581755 153.278732 -9.520356
v 3.512924 152.596512 -9.296275
v 3.638209 152.192291 -9.039982
v 3.949270 152.248062 -8.759647
v 8.076653 144.547409 -11.739426
v 9.083871 143.824356 -12.513044
v 9.166993 143.382797 -13.319184
v 8.203701 143.218979 -14.058046
v 8.125513 142.765472 -14.942558
v 9.059990 141.971298 -16.143795
v 8.824487 141.210373 -17.042656
v 7.304070 140.639282 -17.366182
v 8.597013 145.002014 -10.379050
v 7.946226 144.943253 -11.037649
v 6.359570 136.462234 0.510947
v 7.293995 136.679962 0.095681
v 7.414625 137.210129 -0.312121
v 6.806712 137.959106 -0.638543
v 6.898337 138.405304 -1.004699
v 7.622314 138.649063 -1.535843
v 6.240298 157.406021 -8.757747
v 5.996546 156.499298 -8.767483
v 5.736271 156.144135 -9.020684
v 5.454997 156.343292 -9.530568
v 6.867893 158.555862 -7.635776
v 6.746633 157.756210 -7.749536
v 6.606998 157.468842 -7.997555
v 6.440100 157.725021 -8.475531
v 6.802663 157.100616 -7.281884
v 6.727235 157.263229 -7.611880
v 6.923255 156.515244 -6.477676
v 6.767958 155.980804 -6.162096
v 6.578546 156.025269 -6.953538
v 6.745637 156.681274 -7.112990
v 8.131850 157.789032 -6.816942
v 8.105161 157.615295 -7.135109
v 8.227373 157.877228 -7.301707
v 8.452701 158.380676 -7.264151
v 8.303562 157.505310 -7.320329
v 8.494756 157.528564 -7.286925
v 8.519082 157.205780 -7.277159
v 8.428541 156.534286 -7.101211
v 8.375562 156.165344 -7.137777
v 8.014745 156.174118 -7.354543
v 7.741454 155.961288 -7.113064
v 7.536233 155.429291 -6.734695
v 8.253317 156.668076 -6.887963
v 8.179686 157.219284 -7.145719
v 4.158999 152.782684 -8.774103
v 4.283394 153.786545 -9.152733
v 4.651092 154.393417 -9.171616
v 5.049439 154.339920 -8.760762
v 5.363537 154.755310 -8.657915
v 5.696534 155.620010 -8.765148
v 5.965003 155.974792 -8.519156
v 6.170580 155.837982 -8.037230
v 6.384331 156.166397 -7.815198
v 6.589701 156.962097 -7.817403
v 8.247900 155.957382 -6.881183
v 8.091488 155.462494 -6.574660
v 8.257436 156.287384 -6.960526
v 8.226854 156.365036 -6.856465
v 14.934626 141.770111 -8.667046
v 14.757914 141.955429 -9.872941
v 13.943343 142.450974 -10.271479
v 12.621156 143.216431 -9.757439
v 11.795326 143.651779 -9.889654
v 11.329995 143.715866 -10.755692
v 10.470643 144.059586 -10.880579
v 9.395110 144.723038 -10.302655
v 8.270766 138.454498 -1.723211
v 8.991020 137.766846 -1.379471
v 9.818756 137.560226 -1.499611
v 10.607917 137.905655 -2.232427
v 10.719745 143.663712 -11.638538
v 10.001955 143.537277 -12.505395
v 10.143483 143.114929 -13.353333
v 11.321756 142.462341 -14.298820
v 11.423794 141.937012 -15.336922
v 10.221500 141.652924 -16.345020
v 8.183686 136.942413 -0.362458
v 9.017871 137.239029 -0.889248
v 14.360744 142.030350 -10.957520
v 13.856078 142.063950 -11.985746
v 12.895851 142.524658 -12.202134
v 11.637400 143.330750 -11.527988
v 13.212180 142.142944 -13.056717
v 12.420217 142.115128 -14.190273
v -0.239936 158.456696 7.055593
v -0.716543 158.304001 6.865207
v -0.896826 158.351501 6.532537
v -0.908098 158.716537 6.186612
v -0.744500 159.056580 6.257938
v -0.272276 159.178329 6.530623
v -0.195341 157.730240 7.689586
v -0.670476 157.575745 7.480394
v -0.836342 157.614151 7.137539
v -0.855912 157.972870 6.831089
v -0.809891 159.159485 5.912010
v -0.692587 159.499466 5.814183
v -0.537558 159.684296 5.943454
v -0.202720 159.767532 6.147121
v -1.008572 158.003998 6.494789
v -1.258946 157.675308 6.119928
v -1.403789 157.657761 5.808762
v -1.459092 157.906616 5.551157
v -1.361527 158.213669 5.539979
v -1.046401 158.633591 5.787296
v -0.192981 156.978897 8.320572
v -0.692136 156.871750 8.088855
v -0.892026 156.962692 7.797670
v -0.885224 157.297882 7.487476
v -1.008262 157.318420 7.126495
v -1.242499 157.029327 6.705580
v -1.343829 157.096680 6.295955
v -1.372760 157.391037 6.060773
v -0.623727 160.177704 6.060527
v -0.198667 160.296326 6.193091
v -0.665503 159.780746 5.746442
v -0.729942 160.042664 5.753647
v -1.081171 159.125885 4.991586
v -1.002574 159.382446 4.923612
v -0.889868 159.537231 5.097665
v -0.761849 159.608551 5.565278
v -0.982489 158.931198 5.646870
v -1.099820 158.976822 5.193858
v -1.914760 157.496109 5.044475
v -1.641677 157.841843 5.302044
v -1.521870 157.392166 5.756102
v -1.764238 157.117035 5.393889
v -1.919551 157.050278 5.153488
v -2.011383 157.234009 4.996142
v -1.493422 158.502029 4.908106
v -1.246608 158.838074 4.986120
v -1.550263 158.127213 5.287284
v -1.615807 158.282578 5.000633
v -0.294904 153.579117 6.768798
v -0.622564 153.692261 6.865573
v -0.795246 153.885345 6.830737
v -0.773912 154.292175 6.831142
v -0.546578 154.460754 6.875463
v -0.215453 154.409180 6.803952
v -0.699793 154.612411 6.815028
v -0.579370 154.953720 6.778309
v -0.341601 155.090515 6.822652
v -0.128687 155.042648 6.853302
v -0.168040 156.117722 8.488149
v -0.626914 156.122299 8.243408
v -0.836791 156.276947 8.093195
v -0.888514 156.626297 8.020185
v -1.049063 156.712402 7.746478
v -1.297348 156.540649 7.378956
v -1.427249 156.574478 7.081128
v -1.403766 156.808609 6.720817
v -1.501297 156.935089 6.097980
v -1.722599 156.792679 5.620984
v -1.807417 156.729614 5.383244
v -1.851505 156.884491 5.283888
v -0.622049 160.983643 6.531757
v -0.196805 161.053680 6.430880
v -0.866228 160.343231 6.083396
v -0.857053 160.733673 6.400629
v -1.017616 159.609299 4.816537
v -1.154101 159.850922 4.671967
v -1.207389 160.023056 4.883314
v -1.033616 160.086517 5.467128
v -1.386907 159.180679 4.505697
v -1.348438 159.352280 4.521110
v -1.274071 159.427856 4.536293
v -1.093896 159.466675 4.700694
v -1.194899 158.996078 4.832330
v -1.342494 159.025940 4.571209
v -2.118208 157.417679 4.825251
v -2.240478 157.600510 4.655076
v -2.119491 157.849182 4.656325
v -1.798242 158.177689 4.807314
v -2.646682 156.810562 4.588070
v -2.237400 157.155624 4.789814
v -2.020730 156.795334 5.077138
v -2.355103 156.407745 4.894999
v -2.611980 156.318359 4.752106
v -2.778257 156.529678 4.588426
v -1.743283 158.674011 4.530245
v -1.558153 158.906616 4.483378
v -1.676384 158.396393 4.738443
v -1.798936 158.509338 4.564271
v -0.273614 152.938568 6.762865
v -0.566156 153.003174 6.698235
v -0.723965 153.185104 6.719082
v -0.775523 153.507111 6.810210
v -1.275666 154.363052 6.421845
v -0.926741 154.439407 6.721668
v -0.945880 153.656693 6.761663
v -1.241822 153.533966 6.592571
v -1.420904 153.632767 6.492528
v -1.485520 154.064606 6.382962
v -0.411201 155.268326 6.827115
v -0.319602 155.386337 7.125140
v -0.282866 155.353149 7.340210
v -0.085570 155.296051 7.403684
v -1.385377 154.598221 6.224160
v -1.202941 154.913223 6.156717
v -1.044509 155.069839 6.316040
v -0.783908 155.118149 6.644408
v -0.107735 155.629669 7.954154
v -0.429002 155.610123 7.870384
v -0.652119 155.721558 7.888242
v -0.752054 155.964951 8.022511
v -0.934792 156.094666 7.907161
v -1.176819 156.040222 7.582821
v -1.331034 156.108841 7.413214
v -1.408197 156.341049 7.310051
v -1.544021 156.382202 7.050680
v -1.763826 156.237045 6.754316
v -1.864128 156.285507 6.507479
v -1.796650 156.505371 6.278068
v -1.711451 156.625031 6.229630
v -1.519166 156.801224 6.352380
v -1.778058 156.549057 6.081234
v -1.832426 156.434418 5.756872
v -1.807112 156.430054 5.548209
v -1.788918 156.586914 5.461720
v -1.871764 156.489929 5.274845
v -2.030180 156.066971 5.099812
v -2.266186 155.893387 5.003843
v -2.449924 156.105225 4.896067
v -0.819818 162.099274 6.489625
v -0.269773 162.089905 6.448126
v -0.919007 161.233795 6.554131
v -1.044087 161.804489 6.574749
v -1.818864 160.980133 6.424381
v -1.165748 160.962784 6.480311
v -1.184242 160.200409 5.762308
v -1.724031 160.198914 5.750085
v -2.016227 160.328384 5.962575
v -2.082227 160.751419 6.281218
v -1.380126 159.474228 4.455055
v -1.495818 159.593414 4.377459
v -1.528280 159.715393 4.367567
v -1.419609 159.842346 4.496651
v -1.498786 159.990860 4.673779
v -1.892946 160.098434 4.717733
v -2.064933 160.195312 4.940447
v -2.002869 160.172852 5.463332
v -1.642358 159.338379 4.363222
v -1.456689 159.388412 4.451606
v -1.586439 159.154022 4.434143
v -1.709247 159.259415 4.390319
v -1.707317 159.305908 4.365235
v -1.676631 159.327255 4.339133
v -3.058090 157.258560 4.295840
v -2.544357 157.549118 4.495854
v -2.962014 156.742630 4.403608
v -3.182639 156.978683 4.225310
v -2.459429 158.222717 4.477836
v -2.050705 158.443954 4.512857
v -2.407774 157.796005 4.510170
v -2.621233 158.015228 4.456982
v -2.711262 156.013672 4.762988
v -3.082432 155.616776 4.661449
v -3.416803 155.562607 4.499201
v -3.674012 155.819199 4.272097
v -3.566683 156.117157 4.264363
v -3.097857 156.458221 4.422555
v -2.020341 158.978394 4.438337
v -1.697250 159.032272 4.451060
v -1.953045 158.606033 4.505095
v -2.127897 158.662384 4.480839
v -2.181509 158.730301 4.472111
v -2.173033 158.880188 4.452261
v -0.256404 152.574524 6.290708
v -0.504265 152.612122 6.223167
v -0.623877 152.684799 6.332886
v -0.662479 152.866196 6.573374
v -0.818993 153.001022 6.614163
v -1.094590 152.961166 6.516392
v -1.272888 153.064972 6.500902
v -1.356961 153.323914 6.534541
v -1.533388 153.407272 6.444718
v -1.801354 153.270004 6.293048
v -1.990723 153.331589 6.175766
v -2.129697 153.625443 6.081609
v -2.050077 153.893997 6.093554
v -1.730853 154.165436 6.200714
v -0.330664 155.492950 7.407855
v -0.454575 155.561829 7.637690
v -0.577867 155.682999 6.613162
v -0.392721 155.773880 6.833996
v -0.230682 155.738449 7.024551
v -0.286225 155.532013 7.186127
v -0.632768 155.311935 6.705385
v -0.668957 155.542542 6.583243
v -1.547028 155.068558 5.892289
v -1.325390 155.030319 6.064453
v -1.666459 154.508575 6.090100
v -1.852605 154.702682 5.816765
v -1.795236 154.896667 5.689312
v -1.592583 155.059647 5.710857
v -1.085236 155.218674 6.227058
v -0.989519 155.452957 6.231932
v -0.874160 155.535828 6.217840
v -0.753360 155.619370 6.409274
v -0.746240 155.666306 7.638802
v -0.965478 155.715439 7.407617
v -1.111607 155.769272 7.338534
v -1.226392 155.913208 7.409365
v -1.383067 155.959641 7.264500
v -1.574292 155.833466 6.958482
v -1.738487 155.827621 6.794411
v -1.843666 156.037033 6.690359
v -1.939620 156.075867 6.449731
v -2.017293 155.891754 6.112920
v -2.005235 155.941757 5.861891
v -1.894144 156.226135 5.679838
v -1.858336 156.218643 5.484178
v -1.897977 155.983719 5.334489
v -1.917084 155.897018 5.259928
v -2.018696 155.838501 5.135398
v -2.381696 155.546646 4.993217
v -2.715750 155.153397 4.932057
v -2.938470 155.067993 4.846540
v -3.142120 155.292953 4.688930
v -1.028405 163.235519 6.067336
v -0.366558 163.173737 6.015677
v -1.200419 162.399368 6.432302
v -1.321310 162.970520 6.185457
v -2.152556 162.061539 6.450675
v -1.456657 162.103195 6.552116
v -2.224317 161.259277 6.392550
v -2.393053 161.757751 6.372904
v -2.279576 160.223251 5.693994
v -2.828825 160.281082 5.566735
v -3.157166 160.451019 5.607500
v -3.268956 160.828125 5.742844
v -3.053994 161.057266 5.945240
v -2.467093 161.031830 6.265524
v -1.674594 159.362549 4.318718
v -1.745149 159.424866 4.328647
v -1.791919 159.500000 4.360939
v -1.663903 159.617538 4.384235
v -1.707668 159.750854 4.382087
v -1.992363 159.931931 4.421360
v -2.147716 160.066605 4.491961
v -2.127604 160.117844 4.611163
v -2.328429 160.199005 4.784495
v -2.784917 160.178268 4.866466
v -3.018267 160.162704 5.019357
v -3.057864 160.231689 5.320180
v -2.196662 159.008636 4.410564
v -2.226356 159.099426 4.367774
v -2.098781 159.174591 4.338032
v -1.838891 159.251953 4.365169
v -1.792630 159.304977 4.333376
v -1.833178 159.269485 4.186723
v -1.798648 159.283737 4.194753
v -1.704524 159.326233 4.250777
v -1.680934 159.347824 4.265794
v -1.678009 159.345642 4.300168
v -3.500641 157.251221 4.192612
v -3.908550 157.602768 4.117379
v -3.688782 157.872223 4.217681
v -2.993121 158.027313 4.380115
v -4.132603 156.657928 3.923169
v -3.602220 156.963470 4.103281
v -3.916970 156.070633 4.079668
v -4.197045 156.345856 3.890764
v -2.644212 158.522934 4.464218
v -2.295631 158.639587 4.472894
v -2.778604 158.221176 4.435199
v -2.857536 158.391235 4.453488
v -3.461887 155.231064 4.538039
v -3.816483 154.840164 4.385721
v -4.094016 154.779251 4.073071
v -4.383273 155.043991 3.771249
v -4.370574 155.376358 3.797054
v -4.005126 155.758408 4.069549
v -2.878070 158.549225 4.453807
v -2.896532 158.705139 4.435544
v -2.710475 158.833328 4.440111
v -2.350964 158.921234 4.426947
v -0.218594 152.829514 5.587673
v -0.442723 152.815033 5.546314
v -0.542262 152.686935 5.679614
v -0.569413 152.611572 6.030502
v -0.701629 152.636139 6.156882
v -0.918878 152.654892 6.078814
v -1.092934 152.658371 6.161569
v -1.171824 152.804016 6.386806
v -1.348703 152.906097 6.390495
v -1.575280 152.817596 6.263868
v -1.744799 152.862076 6.217473
v -1.862628 153.071121 6.229529
v -2.038181 153.121506 6.104384
v -2.264306 152.977463 5.905012
v -2.437103 152.997528 5.770151
v -2.583066 153.205627 5.692991
v -2.551105 153.426102 5.738759
v -2.317364 153.650223 5.929583
v -2.239788 153.902939 5.934829
v -2.376219 154.148758 5.750136
v -2.318982 154.402100 5.681194
v -2.050975 154.671341 5.692701
v -0.140051 156.034164 7.154492
v -0.295906 156.187088 7.390629
v -0.524676 155.997498 7.470309
v -0.603950 155.665817 7.576021
v -0.675824 155.787262 6.445843
v -0.545696 156.071213 6.253248
v -0.382375 156.329285 6.305445
v -0.265778 156.442978 6.620415
v -0.208231 156.327774 6.799059
v -0.242395 156.022369 6.911805
v -1.720586 155.326401 6.290834
v -1.516946 155.321609 6.353445
v -1.391083 155.283737 6.293536
v -1.269109 155.157028 6.188840
v -1.693347 155.159851 5.897292
v -1.787247 155.291962 6.106476
v -1.821548 155.375626 5.538553
v -1.708962 155.180710 5.707574
v -1.983016 154.883408 5.568912
v -2.087013 155.078461 5.351766
v -1.997597 155.278351 5.275017
v -1.809970 155.440750 5.370389
v -1.342071 155.399261 6.366702
v -1.229996 155.559845 6.321967
v -1.186325 155.603714 6.197396
v -1.034307 155.543365 6.155277
v -0.924231 155.567368 6.065376
v -0.850637 155.689316 5.749256
v -0.732901 155.877945 5.711631
v -0.538425 156.166962 5.941125
v -0.633808 156.077667 7.338665
v -0.872548 155.955978 7.153229
v -0.973693 155.852676 7.109208
v -1.013700 155.736847 7.220436
v -1.153924 155.726822 7.155673
v -1.304685 155.652573 6.901917
v -1.433077 155.615982 6.798843
v -1.583429 155.689957 6.821759
v -1.741006 155.657349 6.674583
v -1.818353 155.467697 6.376914
v -1.898336 155.443710 6.179500
v -2.008306 155.652313 6.038892
v -1.997664 155.697006 5.807850
v -1.907161 155.550537 5.567265
v -1.879882 155.618820 5.410388
v -1.901787 155.835068 5.325906
v -2.172447 155.291977 5.177908
v -2.190746 155.559021 5.078548
v -2.269409 155.063919 5.249866
v -2.535772 154.777466 5.231177
v -2.705287 154.702637 5.117485
v -2.793931 154.868607 4.963940
v -3.002790 154.785461 4.880167
v -3.290370 154.431305 4.787919
v -3.509734 154.326126 4.615779
v -3.754532 154.521774 4.358334
v -1.183860 164.578339 5.846527
v -0.419808 164.583115 5.890425
v -1.407586 163.533783 5.922965
v -1.507932 164.193146 5.816535
v -2.428326 163.195786 5.920530
v -1.714736 163.247879 6.021531
v -2.560456 162.306152 6.243431
v -2.712642 162.875549 6.002107
v -3.388113 161.856644 5.799309
v -2.797646 161.981247 6.184583
v -3.417554 161.220200 5.737164
v -3.589260 161.575699 5.654414
v -3.378853 160.332794 5.379155
v -3.913416 160.290863 5.177235
v -4.225147 160.343292 5.082808
v -4.376533 160.576111 5.105495
v -4.203665 160.807800 5.267837
v -3.628417 160.979660 5.577523
v -1.691700 159.377762 4.249192
v -1.772915 159.441956 4.221904
v -1.841186 159.463593 4.244890
v -1.848921 159.464127 4.317829
v -1.922224 159.520355 4.352922
v -2.120528 159.637314 4.367038
v -2.229110 159.756516 4.441575
v -2.190890 159.938751 4.434293
v -2.352949 160.124420 4.490669
v -2.786263 160.214188 4.676744
v -3.021524 160.212692 4.749741
v -3.026923 160.143005 4.808119
v -3.258501 160.098785 4.925646
v -3.708336 160.028473 4.891079
v -3.963467 160.042343 4.863826
v -4.078816 160.164810 4.980790
v -2.907368 158.837723 4.430100
v -2.902639 158.930023 4.428951
v -2.714765 159.018967 4.393579
v -2.388394 159.100632 4.351520
v -2.247972 159.171951 4.288856
v -2.229274 159.212051 4.102971
v -2.127335 159.221771 4.046835
v -1.980701 159.234558 4.090146
v -1.949942 159.240234 4.103422
v -2.029036 159.221436 4.040941
v -2.022460 159.232452 4.053427
v -1.951342 159.285858 4.144413
v -1.822387 159.345703 4.231364
v -1.705911 159.350433 4.249171
v -5.109779 157.329193 3.446306
v -4.484881 157.647675 3.823302
v -4.594470 156.647766 3.705824
v -5.133804 156.975800 3.436148
v -4.050694 158.027740 4.078462
v -3.932556 158.290878 4.148808
v -3.633946 158.374115 4.289708
v -3.114867 158.421692 4.441679
v -4.667711 155.319489 3.509418
v -5.020476 155.613174 3.257396
v -5.047637 155.958267 3.304640
v -4.588021 156.330460 3.624726
v -4.055814 154.447433 4.089767
v -4.251591 154.047546 3.770192
v -4.485267 153.951218 3.423277
v -4.781010 154.203506 3.066163
v -4.859006 154.559769 3.098019
v -4.653559 154.972534 3.471814
v -3.854386 158.480743 4.204125
v -3.805196 158.628891 4.238684
v -3.560096 158.670090 4.331484
v -3.115872 158.722290 4.421522
v -0.319208 154.233521 5.364779
v -0.732811 154.108353 5.292886
v -0.769073 153.622726 5.335790
v -0.593790 153.018692 5.404681
v -0.664342 152.800125 5.495964
v -0.875159 152.785049 5.429717
v -0.962704 152.669098 5.548496
v -1.002233 152.634750 5.871896
v -1.162066 152.633377 5.966855
v -1.338716 152.593811 5.885566
v -1.486685 152.566467 5.959587
v -1.622485 152.676819 6.145498
v -1.786008 152.727600 6.093194
v -1.991836 152.648346 5.898825
v -2.157212 152.673523 5.812839
v -2.288981 152.818985 5.812467
v -2.448705 152.827972 5.691881
v -2.576987 152.675400 5.480375
v -2.712095 152.660828 5.358494
v -2.898962 152.804489 5.297538
v -2.911203 152.987213 5.350321
v -2.741503 153.202682 5.549411
v -2.715183 153.423721 5.580108
v -2.855279 153.619095 5.435192
v -2.813657 153.838181 5.437196
v -2.571095 154.112686 5.584550
v -2.514168 154.357285 5.533368
v -2.619085 154.537430 5.314217
v -0.308658 156.487747 6.918170
v -0.445061 156.497269 7.111804
v -0.492101 156.437210 7.186234
v -0.479768 156.271683 7.325774
v -0.490784 156.528687 6.000564
v -0.954796 156.580933 6.257766
v -1.077425 156.381485 6.534489
v -0.931947 156.354004 6.764381
v -0.738037 156.503723 6.840369
v -0.415983 156.558853 6.768273
v -1.412163 155.539703 6.662322
v -1.445243 155.412094 6.450189
v -1.305144 155.607941 6.754254
v -1.246672 155.731003 6.680794
v -1.282215 155.784622 6.533187
v -1.259682 155.695480 6.345152
v -1.250606 155.741119 6.192860
v -1.289137 155.937241 6.031583
v -1.275460 155.982300 5.798851
v -0.941809 155.860580 5.505748
v -1.293657 156.138046 6.029058
v -1.202632 156.336395 6.258675
v -0.575495 156.448212 7.101374
v -0.755702 156.393692 6.967183
v -0.909187 156.238495 6.900240
v -0.969092 156.038376 7.007114
v -1.067885 155.926285 6.972051
v -1.199969 155.868881 6.750613
v -2.786168 154.460785 5.176206
v -3.050604 154.151901 5.073265
v -3.220402 154.051483 4.924285
v -3.331731 154.172180 4.784451
v -3.532276 154.057587 4.624626
v -3.750610 153.673782 4.430097
v -3.955114 153.545151 4.172668
v -4.189700 153.730026 3.799016
v -1.346619 166.340271 5.301229
v -0.476286 166.412720 5.424732
v -1.628638 164.969574 5.728739
v -1.739449 165.835159 5.452655
v -2.723958 164.445358 5.476970
v -1.959168 164.548294 5.719146
v -2.845336 163.410309 5.658448
v -2.993372 164.019730 5.402659
v -3.713277 162.871033 5.342301
v -3.114852 163.070053 5.704522
v -3.759840 161.998154 5.514262
v -3.917039 162.498428 5.289188
v -4.544352 160.841995 5.043280
v -4.719737 161.152588 4.900273
v -4.536782 161.461487 5.017511
v -3.963504 161.682816 5.395734
v -4.357127 160.202057 4.874490
v -4.684479 160.096359 4.518404
v -4.880754 160.100479 4.339366
v -5.035639 160.227478 4.306097
v -5.014128 160.391739 4.481346
v -4.682615 160.597412 4.892733
v -1.895248 159.389862 4.202726
v -1.886484 159.450165 4.144996
v -1.883205 159.476776 4.126427
v -1.848366 159.468872 4.170867
v -1.923909 159.488235 4.176105
v -2.183447 159.559906 4.142987
v -2.250080 159.607285 4.221727
v -2.242391 159.656769 4.329906
v -2.380232 159.769653 4.449790
v -2.720184 159.878387 4.599954
v -2.923990 159.938446 4.715725
v -2.975364 160.126190 4.749212
v -3.222173 160.142700 4.788640
v -3.655501 160.036743 4.765035
v -3.869570 160.002457 4.685653
v -3.885445 159.966751 4.753459
v -4.106650 159.955002 4.690116
v -4.412221 159.869736 4.417657
v -4.591765 159.851212 4.303916
v -4.733706 159.961685 4.337254
v -3.765796 158.735275 4.261328
v -3.735510 158.845627 4.297032
v -3.504631 158.875885 4.364995
v -3.093733 158.922729 4.414077
v -2.879735 159.009903 4.380408
v -2.827809 159.089325 4.304409
v -2.637862 159.158691 4.230104
v -2.339818 159.221939 4.090558
v -2.271610 159.220016 4.041619
v -2.304338 159.203888 4.043405
v -2.276621 159.207993 4.031348
v -2.099643 159.213486 4.024669
v -2.077537 159.218933 4.023711
v -2.157420 159.213547 4.022291
v -2.145538 159.230423 4.027176
v -2.059929 159.306122 4.039101
v -2.020195 159.349182 4.058734
v -1.972117 159.340912 4.132184
v -5.848705 158.070160 2.578504
v -5.361619 158.267288 2.934643
v -5.009813 158.223450 3.329130
v -4.526525 157.950272 3.791326
v -5.635202 157.353226 3.033613
v -5.955995 157.762802 2.586612
v -6.020033 156.670990 2.540065
v -5.643197 156.991501 3.011577
v -5.488381 155.914856 2.961084
v -5.962436 156.290741 2.531885
v -4.992683 158.461670 3.261177
v -4.721926 158.625214 3.452092
v -4.500817 158.597076 3.701430
v -4.106358 158.434189 4.014556
v -5.126981 154.474243 2.761119
v -5.503072 154.776108 2.455767
v -5.628642 155.154785 2.508078
v -5.401285 155.563904 2.925573
v -4.405188 153.615417 3.446742
v -4.516044 153.136917 3.119446
v -4.701116 152.973267 2.750133
v -5.038414 153.199097 2.347531
v -5.148396 153.605621 2.336815
v -5.020750 154.107880 2.714098
v -4.584715 158.773605 3.611291
v -4.508671 158.892639 3.727117
v -4.348664 158.851135 3.904309
v -3.987395 158.723953 4.136271
v -0.902409 147.689056 4.513657
v -0.419764 147.700745 4.577377
v -0.363194 147.376801 3.339180
v -0.786172 147.380417 3.291369
v -1.034222 147.483078 3.580907
v -1.114927 147.601334 4.207058
v -0.906529 148.291855 5.372161
v -0.404288 148.295349 5.391214
v -1.158021 147.789825 4.711623
v -1.169799 148.073288 5.172377
v -0.737140 155.447250 -0.935882
v -1.912199 155.500626 -0.460915
v -2.092010 155.539764 1.143275
v -1.502633 155.460724 2.738239
v -1.077490 155.417023 3.286534
v -0.423231 155.435211 3.033064
v -1.335523 155.284836 4.208952
v -1.069285 154.490402 5.064401
v -1.061933 153.933472 5.198246
v -1.329579 153.762253 5.079502
v -1.282986 153.406281 5.121100
v -1.038726 152.937759 5.258597
v -1.083194 152.750946 5.345085
v -1.289181 152.723236 5.264801
v -1.360081 152.619598 5.376750
v -1.394325 152.563980 5.697346
v -1.522953 152.523315 5.766785
v -1.704431 152.457474 5.623647
v -1.857385 152.411911 5.652109
v -2.019884 152.518478 5.785850
v -2.184212 152.554382 5.702752
v -2.318753 152.472504 5.493059
v -2.426957 152.474808 5.400143
v -2.552068 152.553802 5.395534
v -2.673220 152.537506 5.282156
v -2.762930 152.431778 5.097946
v -2.920216 152.410278 4.990655
v -3.143117 152.471268 4.925872
v -3.199890 152.595535 4.970464
v -3.073483 152.784302 5.159962
v -3.090751 152.962540 5.205396
v -3.260566 153.097977 5.082305
v -3.251670 153.295334 5.104477
v -3.039193 153.572983 5.261237
v -2.994596 153.785278 5.256157
v -3.123707 153.930298 5.087768
v -1.214028 156.197174 6.484246
v -1.257682 155.944046 6.597100
v -3.294827 153.831528 4.937302
v -3.501336 153.488953 4.790343
v -3.634073 153.339264 4.627436
v -3.754646 153.415421 4.447666
v -3.947392 153.264572 4.212633
v -4.074618 152.826736 3.943577
v -4.241884 152.659027 3.622990
v -4.449473 152.790771 3.171250
v -1.481511 168.207886 4.030024
v -0.510252 168.331772 4.097063
v -1.819296 166.747955 4.984198
v -1.903883 167.668823 4.373742
v -3.043784 165.998886 4.828272
v -2.207631 166.201508 5.120456
v -3.176140 164.729675 5.204741
v -3.365342 165.497742 4.882731
v -4.035076 164.033447 4.699775
v -3.419062 164.268600 5.121047
v -4.057564 163.023331 4.973509
v -4.217011 163.590164 4.635945
v -4.732359 162.336136 4.433784
v -4.257649 162.635040 4.925329
v -4.852211 161.526352 4.684485
v -4.909338 161.943466 4.357320
v -5.218216 160.367722 4.217264
v -5.426781 160.559097 4.051551
v -5.407035 160.854370 4.154644
v -5.034208 161.186722 4.587430
v -4.904390 159.964401 4.169121
v -5.021012 159.791077 3.853356
v -5.110318 159.724472 3.664476
v -5.261106 159.770660 3.534132
v -5.306142 159.954224 3.645243
v -5.202223 160.194611 4.059459
v -2.033047 159.397583 4.067757
v -2.020205 159.482635 4.076983
v -1.994327 159.508972 4.078636
v -1.934559 159.486847 4.098019
v -1.962755 159.515259 4.084615
v -2.143139 159.600861 4.091825
v -2.228743 159.617035 4.115167
v -2.258528 159.595322 4.137398
v -2.327013 159.626785 4.194958
v -2.626807 159.771683 4.350498
v -2.857084 159.851456 4.474895
v -2.897050 159.875183 4.599483
v -3.141847 159.902817 4.721869
v -3.601333 159.863266 4.697354
v -3.831569 159.831635 4.641856
v -3.867010 159.948364 4.676755
v -4.049665 159.950302 4.560764
v -4.344910 159.883072 4.306375
v -4.477720 159.867752 4.190369
v -4.495214 159.814087 4.254434
v -4.637139 159.785965 4.148579
v -4.770143 159.722885 3.918972
v -4.842446 159.696442 3.824820
v -4.969700 159.693161 3.762001
v -4.453612 158.986923 3.809313
v -4.385013 159.090073 3.879581
v -4.225494 159.057053 4.001990
v -3.921164 158.931656 4.199220
v -3.701762 158.925674 4.268697
v -3.674153 158.990738 4.220727
v -3.462618 158.977890 4.259503
v -3.035254 159.034973 4.303488
v -2.802739 159.081146 4.264644
v -2.738895 159.031021 4.214894
v -2.543696 159.098557 4.144260
v -2.361780 159.174652 4.064733
v -2.319153 159.193085 4.041339
v -2.327917 159.187622 4.036788
v -2.311588 159.199310 4.029917
v -2.271666 159.216751 4.028655
v -2.262247 159.224197 4.028851
v -2.288848 159.222229 4.020572
v -2.276643 159.234283 4.016742
v -2.233416 159.297516 4.021684
v -2.180947 159.352753 4.033569
v -2.085462 159.348145 4.061068
v -6.004540 158.897797 2.074786
v -5.676502 158.960861 2.422112
v -5.450155 158.836823 2.667094
v -5.286641 158.519714 2.936657
v -6.099562 158.192154 2.208697
v -6.150432 158.645630 1.955542
v -6.488506 157.705032 1.701686
v -6.213170 157.886078 2.176960
v -6.317566 156.765717 2.071840
v -6.540855 157.317444 1.630859
v -5.868326 155.136185 2.072686
v -6.210845 155.569855 1.608627
v -6.372314 156.007370 1.573987
v -6.265302 156.358444 2.059292
v -5.373395 159.036224 2.739662
v -5.118306 159.119415 2.965142
v -4.925508 159.046051 3.126043
v -4.744127 158.810287 3.369307
v -5.340406 153.491592 1.940375
v -5.621713 153.834824 1.554101
v -5.734427 154.268524 1.576473
v -5.720808 154.731079 2.042251
v -4.636458 152.596664 2.814263
v -4.755185 151.940872 2.500461
v -4.988638 151.688324 2.000696
v -5.291165 152.031662 1.543616
v -5.360591 152.499039 1.553067
v -5.242157 153.065002 1.945786
v -4.921697 159.209824 3.128881
v -4.783774 159.295166 3.260180
v -4.713356 159.231186 3.396120
v -4.591861 159.032639 3.636142
v -0.256077 147.119934 2.078321
v -0.626287 147.129349 2.037003
v -0.858975 147.166641 2.293227
v -0.953670 147.324158 2.924200
v -1.842904 147.750854 4.302953
v -1.379734 147.690674 4.422263
v -1.210065 147.405319 3.209589
v -1.621346 147.465698 3.090533
v -1.888785 147.600861 3.343166
v -2.017325 147.741364 3.967891
v -0.816696 149.265091 5.720200
v -0.370053 149.246506 5.664428
v -1.147980 148.516876 5.500340
v -1.082855 149.028183 5.667129
v -1.853713 148.413239 5.092070
v -1.409803 148.308685 5.288923
v -2.093593 147.917587 4.469241
v -2.095442 148.250870 4.854117
v -0.910933 152.196320 -4.249084
v -2.209010 152.116547 -3.697581
v -2.906540 152.797180 -2.895701
v -3.176764 154.580917 -1.312164
v -3.026484 155.087494 1.321023
v -2.945039 154.502853 2.764004
v -2.642174 154.465958 3.557623
v -2.260673 154.666504 4.065716
v -2.102986 154.883987 4.164231
v -1.710870 155.322250 3.762916
v -2.010510 154.503922 4.413803
v -1.652088 153.973999 4.866063
v -1.612040 153.626450 4.954509
v -1.897269 153.500626 4.792315
v -1.804343 153.217850 4.856780
v -1.456730 152.820862 5.066893
v -1.481376 152.675308 5.158689
v -1.652690 152.615234 5.039211
v -1.714259 152.529190 5.139133
v -1.753345 152.464890 5.419248
v -1.889245 152.410080 5.461645
v -2.042563 152.365524 5.286639
v -2.163810 152.317459 5.287453
v -2.302478 152.381973 5.376011
v -2.415227 152.395676 5.295370
v -2.485831 152.340591 5.106305
v -2.561202 152.327118 5.025414
v -2.702070 152.360535 5.018528
v -2.849161 152.332489 4.927668
v -2.925862 152.241165 4.784675
v -3.030986 152.167465 4.724696
v -3.209372 152.123550 4.664082
v -3.307584 152.202209 4.667596
v -3.285739 152.401291 4.803641
v -3.349977 152.521927 4.838339
v -3.522590 152.554840 4.720723
v -3.557709 152.711548 4.737152
v -3.426380 153.007019 4.923479
v -3.411689 153.199020 4.937039
v -3.542128 153.277466 4.786028
v -3.665901 153.125107 4.608479
v -3.792562 152.747482 4.413237
v -3.884287 152.564911 4.225032
v -4.050324 152.582504 3.987902
v -4.201912 152.398819 3.721786
v -4.296864 151.961884 3.577958
v -4.415682 151.681122 3.264893
v -4.614567 151.568710 2.677492
v -1.664286 169.518097 1.561822
v -0.594384 169.681335 1.553508
v -1.991469 168.476288 3.458210
v -2.107070 169.113541 2.246100
v -3.287958 167.622696 3.506124
v -2.393869 167.950653 3.850656
v -3.510487 166.272736 4.331137
v -3.655474 167.052383 3.660758
v -4.478502 165.387421 3.869417
v -3.819103 165.744904 4.400024
v -4.435689 164.212494 4.301744
v -4.659137 164.855408 3.856272
v -5.108080 163.391220 3.709247
v -4.604223 163.749908 4.247067
v -5.011395 162.396500 3.997635
v -5.194732 162.898895 3.619076
v -5.592061 160.850647 3.781897
v -5.628816 161.211914 3.385563
v -5.501051 161.591766 3.412988
v -5.145364 161.977203 3.917867
v -5.424142 159.849396 3.375987
v -5.641120 159.962860 3.192229
v -5.709704 160.223602 3.278545
v -5.600490 160.535889 3.709079
v -5.040368 159.641922 3.602829
v -5.001220 159.570786 3.413771
v -5.026828 159.516922 3.277760
v -5.191332 159.460983 3.138427
v -5.331491 159.479019 3.118892
v -5.355093 159.670624 3.311198
v -2.169374 159.413269 4.024513
v -2.137735 159.518524 4.013518
v -2.135491 159.551056 4.035041
v -2.070938 159.530594 4.071243
v -2.066980 159.554352 4.072217
v -2.140826 159.597534 4.070602
v -2.172604 159.623032 4.088266
v -2.195667 159.629700 4.101940
v -2.257911 159.657883 4.134810
v -2.464631 159.837555 4.247683
v -2.749187 159.946991 4.360397
v -2.830161 159.861145 4.411801
v -3.072334 159.901047 4.506428
v -3.519099 159.895279 4.497111
v -3.751804 159.849289 4.428545
v -3.795697 159.821182 4.542829
v -3.988645 159.783295 4.464213
v -4.267621 159.714066 4.225682
v -4.423382 159.697906 4.130847
v -4.466927 159.799789 4.169670
v -4.574891 159.806793 4.046632
v -4.731596 159.717010 3.795043
v -4.798646 159.709442 3.714824
v -4.804390 159.697983 3.814543
v -4.836858 159.645752 3.582364
v -4.919552 159.578445 3.427464
v -4.732867 159.364853 3.387479
v -4.680701 159.462143 3.464531
v -4.612240 159.410202 3.539956
v -4.446150 159.219360 3.783034
v -4.310913 159.168655 3.887995
v -4.264212 159.214645 3.864205
v -4.139682 159.143341 3.939185
v -3.855028 159.023041 4.119392
v -3.659283 158.948669 4.180943
v -3.618953 158.768082 4.069029
v -3.316174 158.669525 4.051814
v -2.907639 158.888321 4.188139
v -2.417864 159.112076 4.066048
v -2.360058 159.161041 4.041160
v -2.566674 159.044815 4.130460
v -2.463723 159.084747 4.088860
v -2.324118 159.148331 3.998368
v -2.291304 159.193008 4.001238
v -2.337974 159.174179 4.029999
v -2.347278 159.142593 4.015394
v -2.152912 159.224854 3.870160
v -2.106600 159.328079 3.863567
v -2.118604 159.376129 3.915255
v -2.188535 159.357300 4.002344
v -2.264517 159.204163 3.984231
v -2.192242 159.192368 3.900764
v -6.090904 159.652771 2.136121
v -5.873298 159.554474 2.499055
v -5.718255 159.398193 2.595914
v -5.585995 159.151031 2.555318
v -6.158529 159.096008 1.845260
v -6.177434 159.512802 1.865791
v -6.518983 158.818176 1.174220
v -6.288104 158.849365 1.664080
v -6.639103 157.910217 1.250617
v -6.638058 158.511246 0.984309
v -6.832978 157.273834 0.396880
v -6.686650 157.508255 1.120690
v -6.471878 156.072479 1.037699
v -6.709705 156.691910 0.347445
v -5.850498 154.213760 1.145079
v -6.085103 154.616211 0.703319
v -6.212695 155.097214 0.659766
v -6.305477 155.592896 1.103907
v -5.644848 159.473022 2.768120
v -5.406887 159.431198 2.981036
v -5.243363 159.402435 3.027864
v -5.093576 159.275375 3.008313
v -5.535734 152.379700 1.107636
v -5.741204 152.736526 0.679955
v -5.812227 153.205627 0.699111
v -5.756091 153.757919 1.136173
v -4.931588 151.115524 1.886359
v -5.132460 150.516937 1.254646
v -5.300972 150.438248 0.775778
v -5.564715 150.805710 0.440589
v -5.642801 151.283020 0.549572
v -5.479704 151.900803 1.073217
v -4.929832 159.511993 3.321513
v -4.809928 159.413544 3.302216
v -0.179860 146.634552 1.457872
v -0.570567 146.635864 1.407042
v -0.734719 146.901230 1.403624
v -0.759896 147.167160 1.727198
v -0.992798 147.158020 1.956040
v -1.367455 147.179245 1.842763
v -1.632693 147.236649 2.080800
v -1.762862 147.408234 2.708046
v -2.683429 148.116867 3.982643
v -2.287479 147.896759 4.167316
v -2.016005 147.583130 2.948827
v -2.400815 147.740494 2.782262
v -2.647904 147.957184 3.001876
v -2.815248 148.133469 3.610330
v -0.707509 150.198807 5.651180
v -0.329269 150.231873 5.691245
v -0.999083 149.505524 5.676320
v -0.919549 149.954590 5.617251
v -1.642383 149.320923 5.414606
v -1.257423 149.284882 5.621521
v -2.028111 148.677551 5.118369
v -1.911587 149.128250 5.282694
v -2.649247 148.690475 4.676968
v -2.274368 148.521347 4.899092
v -2.885011 148.351364 4.080654
v -2.857837 148.624954 4.411491
v -0.893394 149.323700 -3.946522
v -1.702856 149.616074 -3.366832
v -2.045578 150.204895 -3.198003
v -2.391708 151.300232 -3.323810
v -2.938518 151.888138 -2.727428
v -3.240117 151.737228 -1.964283
v -3.432582 151.941803 -1.403577
v -3.452842 152.578537 -0.241188
v -3.418564 153.189407 0.288829
v -3.443148 154.312378 0.081361
v -3.310148 153.048798 1.063522
v -3.109386 153.293167 2.259262
v -2.960403 153.557571 2.838046
v -2.891911 154.031296 3.088064
v -2.603569 154.053619 3.758210
v -2.192662 153.626923 4.433851
v -2.105072 153.342148 4.579707
v -2.234809 153.150635 4.376400
v -2.109347 152.939911 4.513474
v -1.799940 152.683670 4.818300
v -1.801646 152.552597 4.912231
v -1.917206 152.495438 4.776931
v -1.976129 152.423157 4.863051
v -2.055767 152.362289 5.106067
v -2.178894 152.326996 5.127550
v -2.282205 152.322067 4.985561
v -2.376973 152.285019 4.978686
v -2.468838 152.295303 5.020200
v -2.543259 152.284042 4.942245
v -2.583532 152.253616 4.842371
v -2.669095 152.233276 4.812002
v -2.832392 152.204605 4.763578
v -2.921584 152.133865 4.733912
v -2.856803 152.053452 4.793166
v -2.889528 151.950851 4.815580
v -3.060578 151.788879 4.719687
v -3.200591 151.794739 4.625566
v -3.270683 151.993011 4.602941
v -3.376957 152.071091 4.582601
v -3.534786 152.013504 4.492187
v -3.629639 152.125778 4.476485
v -3.620384 152.415497 4.580665
v -3.658630 152.567444 4.574076
v -3.776423 152.562775 4.411366
v -3.870209 152.385605 4.252268
v -3.953805 152.046524 4.154424
v -4.049711 151.842026 3.994145
v -4.227427 151.769196 3.700909
v -4.317625 151.496506 3.450643
v -4.211387 151.061905 3.416832
v -4.196187 150.735840 3.207032
v -4.334489 150.448013 2.768998
v -4.505090 150.513718 2.463674
v -4.676146 151.081512 2.329520
v -1.903061 170.250732 -1.774813
v -0.657087 170.445129 -1.777518
v -2.248259 169.611176 0.790789
v -2.440929 169.991684 -0.882640
v -3.629458 168.795776 1.325228
v -2.663623 169.204498 1.510672
v -3.794576 167.762253 2.839359
v -3.986903 168.313675 1.779835
v -4.851017 166.678497 2.474083
v -4.135794 167.194550 3.020260
v -4.869516 165.497086 3.261305
v -5.073656 166.117157 2.568843
v -5.502528 164.458618 2.610989
v -5.044341 164.956696 3.270163
v -5.358285 163.436630 3.142520
v -5.562644 163.943878 2.586193
v -5.717054 162.421310 2.483150
v -5.429899 162.923172 3.080466
v -5.650648 161.575302 2.928843
v -5.774696 161.964996 2.459282
v -5.869078 160.164520 2.931047
v -6.005110 160.426651 2.545782
v -5.949320 160.775574 2.499415
v -5.735525 161.187286 2.921991
v -5.794900 159.621979 2.705527
v -5.804898 159.886276 2.913245
v -2.061217 159.460815 3.859137
v -2.040197 159.578506 3.860127
v -2.056594 159.600769 3.890833
v -2.105546 159.567276 3.974095
v -2.120142 159.590240 4.002574
v -2.134221 159.661484 4.005977
v -2.162266 159.664795 4.047192
v -2.168761 159.625381 4.076046
v -2.200840 159.647888 4.097124
v -2.245362 159.713974 4.122503
v -2.305856 159.779160 4.149664
v -2.469136 159.926926 4.240780
v -2.921052 160.155655 4.389811
v -3.346363 160.357697 4.317429
v -3.690531 160.217957 4.291046
v -3.730010 159.904709 4.375042
v -3.907350 159.818588 4.263341
v -4.168183 159.734711 4.044575
v -4.296575 159.680008 3.964047
v -4.353495 159.667603 4.047843
v -4.487025 159.642670 3.952003
v -4.632410 159.566238 3.683263
v -4.714346 159.555511 3.594079
v -4.780356 159.641541 3.652122
v -4.511377 159.455276 3.534537
v -4.354798 159.287048 3.733837
v -4.627063 159.517395 3.508999
v -4.559322 159.522156 3.502987
v -4.205014 158.890152 3.599245
v -3.853621 158.660751 3.784378
v -4.256498 159.178085 3.792467
v -4.288657 159.089645 3.647232
v -3.311780 158.484039 3.811044
v -2.883407 158.506821 3.789794
v -2.728831 158.712463 3.979358
v -2.724994 158.928284 4.149234
v -2.423193 159.021530 4.023342
v -2.367968 159.086578 4.006450
v -2.446720 159.078339 4.073475
v -2.449788 159.027420 4.049221
v -2.565918 158.762299 3.935066
v -2.467907 158.963394 4.021754
v -2.147050 159.092804 3.776436
v -2.161888 159.178024 3.852902
v -2.322268 159.080460 3.963733
v -2.224704 158.994736 3.817165
v -2.055337 159.118454 3.649724
v -1.942213 159.362930 3.609258
v -1.959567 159.464676 3.685067
v -2.044683 159.413010 3.807341
v -6.163736 159.915054 1.963165
v -6.128920 160.343567 2.165972
v -6.382076 159.886963 1.090128
v -6.253178 159.773911 1.648708
v -6.576203 159.091690 0.830298
v -6.503945 159.662140 0.780277
v -6.896148 158.812271 -0.045000
v -6.707895 158.795425 0.596559
v -6.989858 157.644836 -0.224256
v -7.022880 158.473877 -0.356403
v -6.299200 155.025482 0.181577
v -6.488925 155.424026 -0.435738
v -6.606705 155.949127 -0.625763
v -6.764013 156.670929 -0.321477
v -5.976843 153.098099 0.284225
v -6.205606 153.467255 -0.120573
v -6.256701 153.953659 -0.131884
v -6.205841 154.535065 0.259800
v -5.812639 151.167969 0.082077
v -6.054525 151.526001 -0.270676
v -6.099167 152.008820 -0.194691
v -5.927085 152.616638 0.264816
v -4.532887 150.072693 2.323097
v -4.627682 149.655441 1.761825
v -4.754712 149.642166 1.323477
v -5.030071 150.043579 1.065736
v -5.143061 149.996201 0.587484
v -4.977503 149.594879 -0.086698
v -5.061531 149.564804 -0.538636
v -5.321334 149.911942 -0.841637
v -5.563374 150.267731 -0.690652
v -5.689423 150.717957 -0.052496
v -0.208542 145.131348 0.873240
v -0.645494 145.139694 0.744524
v -0.833608 145.576187 0.917770
v -0.781280 146.335724 1.249798
v -0.937277 146.638931 1.272404
v -1.271688 146.651993 1.075402
v -1.401493 146.943649 1.076992
v -1.471199 147.217789 1.489737
v -1.736517 147.263199 1.705917
v -2.105466 147.373245 1.546292
v -2.386550 147.488937 1.763929
v -2.522623 147.711975 2.380823
v -3.330963 148.636719 3.465175
v -3.041889 148.355148 3.742577
v -2.758697 147.948990 2.592677
v -3.076205 148.200226 2.388548
v -3.290277 148.473297 2.590607
v -3.429609 148.681641 3.121215
v -0.649536 150.902863 5.879798
v -0.310811 150.917572 5.909523
v -0.858875 150.390717 5.617065
v -0.826213 150.730423 5.764508
v -1.374614 150.112976 5.393513
v -1.051619 150.155640 5.527559
v -1.746254 149.546387 5.320157
v -1.604992 149.914795 5.325734
v -2.298823 149.477997 4.943682
v -1.992981 149.378723 5.185293
v -2.744459 148.985718 4.656239
v -2.551358 149.370804 4.788829
v -3.255818 149.175095 4.094230
v -2.969087 148.910873 4.397963
v -3.477131 148.903931 3.514588
v -3.440414 149.169235 3.826038
v -1.090748 147.604996 -1.896012
v -1.647600 148.402893 -1.677974
v -1.862845 148.894424 -1.975604
v -1.917712 149.440918 -2.740773
v -2.192100 149.971848 -2.623359
v -2.754644 150.273102 -1.820210
v -3.165915 150.779022 -1.559859
v -3.268682 151.468109 -1.738478
v -3.478385 150.600311 -0.836468
v -3.479939 151.232819 0.534863
v -3.332070 151.905212 0.988938
v -3.382291 152.527573 0.565617
v -3.136929 151.966965 1.805854
v -2.890393 152.418228 2.562993
v -2.836772 152.711121 2.852650
v -2.937127 153.096268 2.779552
v -2.803678 153.311264 3.267603
v -2.461513 153.154282 4.015675
v -2.298688 152.954590 4.217343
v -2.293353 152.771652 4.093277
v -2.160042 152.648010 4.233472
v -1.998021 152.528732 4.559199
v -1.997381 152.444260 4.655294
v -2.045501 152.400894 4.560845
v -2.071703 152.363861 4.644539
v -2.222480 152.338730 4.863027
v -2.327008 152.318665 4.892361
v -2.347590 152.313339 4.847808
v -2.429681 152.282669 4.851963
v -2.535865 152.252289 4.842045
v -2.604474 152.232468 4.824374
v -2.584365 152.215714 4.844140
v -2.627048 152.180298 4.863633
v -2.752893 152.090744 4.855697
v -2.775174 151.998672 4.902843
v -2.678089 151.941238 5.050567
v -2.683683 151.796295 5.097453
v -2.825255 151.536789 4.990494
v -2.971380 151.477997 4.844653
v -3.094024 151.629227 4.716208
v -3.241218 151.634735 4.610273
v -3.401721 151.489822 4.463853
v -3.543848 151.559845 4.392237
v -3.594383 151.843872 4.409858
v -3.699238 151.956375 4.376519
v -3.879686 151.903259 4.210694
v -3.970382 151.695923 4.074015
v -3.915014 151.329559 4.030130
v -3.938003 151.089600 3.911586
v -4.072967 150.942642 3.608163
v -4.050574 150.635986 3.425040
v -3.885522 150.217926 3.494626
v -3.875673 149.879608 3.414787
v -3.985916 149.589386 3.092345
v -4.149930 149.625687 2.823099
v -4.352767 150.042526 2.644093
v -1.931367 170.373276 -5.622701
v -0.635896 170.558182 -5.623958
v -2.554665 170.177185 -2.717603
v -2.564319 170.233276 -4.635828
v -4.121002 169.438202 -1.866392
v -3.101079 169.925964 -1.806719
v -4.186720 168.755508 0.478088
v -4.485019 169.055313 -1.091089
v -5.288998 167.579163 0.545177
v -4.512178 168.256638 0.965871
v -5.261177 166.656723 1.782390
v -5.505200 167.052460 0.849983
v -5.971046 165.419861 1.217372
v -5.459748 166.108398 1.888165
v -5.805000 164.419342 1.954645
v -6.053861 164.863739 1.254183
v -6.137425 163.285812 1.349955
v -5.845157 163.898117 1.958951
v -5.944285 162.376999 1.946616
v -6.155169 162.775955 1.360677
v -6.068852 160.690552 2.066161
v -6.186591 160.944962 1.541810
v -6.193278 161.354065 1.465118
v -5.974746 161.900558 1.951082
v -2.013198 159.823425 3.801901
v -2.028579 159.650772 3.847257
v -1.906174 159.629471 3.615608
v -1.954960 159.882690 3.689651
v -2.073287 159.939285 3.872682
v -2.127152 159.767654 3.972417
v -2.169916 159.750763 4.033631
v -2.238362 159.830276 4.080707
v -2.274889 159.832535 4.112188
v -2.276068 159.766907 4.130086
v -2.291693 159.930466 4.103257
v -2.441917 160.289658 4.103781
v -2.652646 160.372375 4.182808
v -2.705919 160.162460 4.307543
v -2.798247 160.604019 4.082654
v -3.323893 160.601059 4.145324
v -3.972015 160.420959 4.003793
v -4.341047 160.185516 3.708163
v -4.404168 159.908249 3.743582
v -4.306428 159.711411 3.900922
v -4.383969 159.643021 3.809605
v -4.520289 159.566360 3.574089
v -4.537295 159.510941 3.476318
v -4.559167 159.522781 3.353162
v -4.558897 159.403198 3.276356
v -4.424345 159.144394 3.431693
v -4.365821 158.945999 3.329283
v -4.390712 158.886719 2.933090
v -4.296979 158.815155 2.734276
v -3.980096 158.570740 2.593384
v -3.700954 158.364899 2.914202
v -3.643973 158.438660 3.553445
v -3.394648 158.380219 2.506985
v -2.733236 158.417892 2.594814
v -2.535009 158.419434 2.996807
v -2.638397 158.478928 3.559884
v -2.486367 158.665421 3.744254
v -2.238064 158.859161 3.705996
v -2.090924 158.946823 3.539082
v -2.013792 158.917374 3.206164
v -1.935759 159.031372 3.043154
v -1.813210 159.397171 2.966662
v -1.805043 159.583206 3.157850
v -1.862422 159.524490 3.487206
v -6.425238 160.213318 0.879203
v -6.339817 160.776871 1.106164
v -6.736059 160.126556 -0.066653
v -6.554925 159.996475 0.522687
v -6.922613 159.186981 -0.422138
v -6.841402 159.867111 -0.405346
v -7.151848 158.982620 -1.527913
v -7.040935 158.877090 -0.764256
v -6.940241 157.265854 -0.697787
v -6.993485 157.491089 -1.607543
v -7.109235 157.932053 -1.998690
v -7.186888 158.667313 -1.953117
v -6.359365 153.843231 -0.566922
v -6.482390 154.198868 -1.070598
v -6.520258 154.664139 -1.191746
v -6.529682 155.286194 -0.912804
v -6.594038 155.787155 -1.116536
v -6.664800 156.067596 -1.820467
v -6.752175 156.519363 -2.118414
v -6.915607 157.220993 -2.045512
v -6.250313 151.897690 -0.638479
v -6.406162 152.280136 -1.021950
v -6.428118 152.769226 -0.976912
v -6.309106 153.362350 -0.550684
v -5.617330 150.244995 -1.140538
v -5.870295 150.604874 -1.441787
v -6.065056 150.983215 -1.313107
v -6.170360 151.437881 -0.736905
v -4.036910 149.287979 2.704100
v -3.961778 149.015808 2.180695
v -4.057858 149.022568 1.756851
v -4.404167 149.317490 1.541244
v -4.510118 149.296600 1.092376
v -4.381798 148.931900 0.424160
v -4.486379 148.906723 -0.015063
v -4.771527 149.233261 -0.268430
v -4.815295 149.237701 -0.716736
v -4.601242 148.944214 -1.381483
v -4.719840 148.885468 -1.841060
v -5.028338 149.184586 -2.078002
v -5.153646 149.581314 -1.891920
v -5.346371 149.913391 -1.287585
v -0.285266 143.323074 -0.492676
v -0.779235 143.299164 -0.553732
v -0.945155 143.795685 -0.322241
v -0.872045 144.714920 0.339686
v -1.042072 145.171173 0.545222
v -1.425204 145.193680 0.325049
v -1.535015 145.648743 0.409848
v -1.457739 146.372894 0.811744
v -1.589526 146.709702 0.851255
v -1.927536 146.802460 0.613372
v -2.070149 147.130524 0.660249
v -2.167634 147.434143 1.161285
v -2.463539 147.520126 1.362864
v -2.813930 147.701874 1.158162
v -3.082623 147.887466 1.364295
v -3.197983 148.171463 1.980431
v -3.881716 149.266739 2.999710
v -3.610482 148.938248 3.212335
v -3.395252 148.464096 2.182574
v -3.717808 148.745270 1.973984
v -0.645177 151.589539 6.299382
v -0.315462 151.586716 6.316782
v -0.806044 151.049896 5.971812
v -0.796225 151.413086 6.179204
v -1.304340 150.838074 5.810879
v -0.979287 150.865921 5.861598
v -1.501241 150.298889 5.393412
v -1.472496 150.658646 5.635904
v -2.005018 150.172241 5.120192
v -1.708267 150.103714 5.281976
v -2.350512 149.737930 4.864900
v -2.203250 150.075699 4.968897
v -2.871679 149.848602 4.485909
v -2.594495 149.649368 4.721928
v -3.316231 149.485275 4.088761
v -3.117570 149.806183 4.295686
v -3.716430 149.829361 3.642872
v -3.512026 149.480728 3.845699
v -0.409653 149.348114 -0.586940
v -0.798679 149.334183 -0.499046
v -1.044448 149.279480 -0.873712
v -1.486810 148.748428 -1.146206
v -1.983458 149.041214 -1.365265
v -2.198869 149.440109 -0.852824
v -2.547186 149.584763 -0.688523
v -3.028082 150.019516 -1.179540
v -2.460010 149.610748 0.012660
v -2.673181 150.019196 1.097262
v -3.097197 150.340698 1.567400
v -3.314768 151.081192 1.344413
v -3.099715 151.578186 1.948791
v -2.818634 151.676208 2.734668
v -2.662369 151.905838 3.091577
v -2.575109 152.169662 3.231800
v -2.582765 152.291107 3.229078
v -2.700941 152.444809 3.018821
v -2.636521 152.654785 3.250550
v -2.397207 152.708832 3.808337
v -2.254844 152.605972 4.010992
v -2.242014 152.455048 3.983334
v -2.173369 152.388824 4.124618
v -2.081538 152.394333 4.405173
v -2.081033 152.361938 4.507536
v -2.096792 152.320999 4.483778
v -2.100628 152.332001 4.559288
v -2.255562 152.334305 4.778859
v -2.358957 152.306747 4.828823
v -2.334829 152.315216 4.844962
v -2.388281 152.295135 4.890912
v -2.497230 152.235687 4.887627
v -2.529540 152.197632 4.924725
v -2.446279 152.170380 5.080274
v -2.440567 152.113159 5.154739
v -2.552375 152.000427 5.143138
v -2.554821 151.876022 5.210773
v -2.402741 151.805603 5.376191
v -2.382025 151.624786 5.431001
v -2.489942 151.284973 5.299029
v -2.643948 151.186249 5.142083
v -2.817571 151.327515 4.985139
v -2.980866 151.274139 4.837112
v -3.127036 151.032211 4.644388
v -3.282178 151.041443 4.497309
v -3.427615 151.292511 4.417861
v -3.584537 151.357452 4.316347
v -3.775306 151.220276 4.128183
v -3.796816 150.979752 4.036307
v -3.620043 150.649811 4.079135
v -3.595651 150.384720 3.986626
v -3.734734 150.150085 3.705316
v -1.898301 169.210526 -9.376182
v -0.608114 169.354263 -9.422024
v -2.575181 170.109024 -6.595863
v -2.554638 169.540497 -8.468643
v -4.390943 169.439224 -5.567746
v -3.202476 170.008163 -5.605798
v -4.688199 169.165726 -2.801171
v -4.871887 169.114914 -4.616216
v -5.845469 167.967331 -2.193828
v -5.049776 168.781448 -2.014043
v -5.779836 167.315277 -0.269018
v -6.059809 167.473236 -1.579997
v -6.427321 166.002075 -0.468218
v -5.945994 166.804199 0.063314
v -6.297220 165.234039 0.509877
v -6.515189 165.504562 -0.296798
v -6.657514 163.980011 -0.019639
v -6.354558 164.701263 0.570853
v -6.399706 163.131500 0.737594
v -6.658720 163.463455 0.048292
v -6.575702 161.918915 0.273388
v -6.385446 162.612747 0.783441
v -6.371371 161.189453 0.978068
v -6.549628 161.448547 0.371840
v -1.788292 159.831528 3.000338
v -1.889623 160.185654 3.130828
v -1.937925 160.262772 3.298226
v -1.979780 160.136658 3.629067
v -2.109067 160.191772 3.822429
v -2.349561 160.422455 3.937984
v -2.526201 160.682266 3.817688
v -2.440305 160.885101 3.235049
v -2.688154 160.999741 2.817399
v -3.426337 161.068542 2.737576
v -3.804716 160.985001 3.145015
v -3.729259 160.738495 3.873478
v -4.054772 160.805374 2.788718
v -4.369895 160.481430 2.875300
v -4.456200 160.332001 3.041178
v -4.475512 160.172714 3.412530
v -4.517886 159.925125 3.475032
v -4.579549 159.671265 3.302487
v -4.595701 159.559967 3.139251
v -4.611185 159.622284 2.766026
v -4.524265 159.415009 2.564544
v -4.423127 159.012909 2.711237
v -4.432983 159.695480 2.333558
v -4.037223 159.767761 1.925902
v -3.731156 159.377762 1.793058
v -3.725459 158.666183 2.198544
v -3.353908 159.809021 1.677119
v -2.555216 159.791168 1.822564
v -2.265796 159.370056 2.055054
v -2.385551 158.710587 2.416760
v -2.265832 158.631073 2.802764
v -2.044713 158.849136 3.016070
v -2.025740 159.724777 2.268063
v -1.798660 159.646820 2.748168
v -6.783627 160.540833 -0.304583
v -6.696233 161.224380 -0.093717
v -7.046560 160.444397 -1.328194
v -6.897996 160.284561 -0.677062
v -7.159380 159.408585 -1.882132
v -7.111684 160.148041 -1.755704
v -7.021304 157.650635 -2.415956
v -7.010926 157.771561 -3.199699
v -7.165876 158.185120 -3.537552
v -7.402190 158.863251 -3.563074
v -7.361174 159.216507 -3.208717
v -7.232841 159.100021 -2.324104
v -6.558385 152.673996 -1.405835
v -6.658429 153.069839 -1.795694
v -6.667629 153.516373 -1.805883
v -6.587546 154.073715 -1.477967
v -6.608422 154.517349 -1.604087
v -6.722018 154.786194 -2.161293
v -6.733066 155.198120 -2.362576
v -6.701639 155.835800 -2.222271
v -6.722236 156.260696 -2.514709
v -6.888093 156.376328 -3.161180
v -7.004611 156.714478 -3.459202
v -6.992461 157.383011 -3.535286
v -6.074932 150.975021 -1.748853
v -6.270866 151.340622 -2.072675
v -6.438843 151.732849 -1.977418
v -6.510909 152.194183 -1.464665
v -5.319654 149.501907 -2.321221
v -5.589528 149.834061 -2.585223
v -5.696131 150.245117 -2.426260
v -5.849704 150.619614 -1.869345
v -3.823713 148.719818 1.536531
v -3.746078 148.361572 0.907802
v -3.846702 148.335144 0.469981
v -4.176013 148.602066 0.225088
v -4.253207 148.588577 -0.216564
v -4.015494 148.337326 -0.880789
v -4.092909 148.318512 -1.357342
v -4.421990 148.592636 -1.594264
v -4.716992 148.433090 -1.940826
v -5.125936 147.744202 -2.300746
v -5.510003 147.537643 -2.603844
v -5.774136 147.871170 -2.904416
v -5.696032 148.386230 -2.854194
v -5.327460 149.042023 -2.430489
v -0.443679 141.587845 -1.409738
v -1.062683 141.617462 -1.404795
v -1.284880 142.054749 -1.268570
v -1.120611 142.869629 -0.868660
v -1.279876 143.301575 -0.637699
v -1.761021 143.338181 -0.747282
v -1.879996 143.810181 -0.581380
v -1.687475 144.748566 -0.062622
v -1.827350 145.219772 0.088295
v -2.238616 145.309769 -0.182778
v -2.312352 145.803543 -0.123636
v -2.159150 146.549728 0.305718
v -2.271272 146.937500 0.348400
v -2.603441 147.096466 0.068920
v -2.754657 147.424042 0.173284
v -2.888386 147.718140 0.742983
v -3.162597 147.897263 0.939420
v -3.513088 148.096649 0.710344
v -0.618636 152.144485 6.442219
v -0.307275 152.126312 6.429050
v -0.804867 151.717697 6.416646
v -0.786519 152.011993 6.470723
v -1.253152 151.586502 6.208786
v -0.951117 151.577164 6.290970
v -1.447586 151.025864 5.875076
v -1.410964 151.420944 6.062716
v -1.909472 150.882767 5.576071
v -1.609455 150.851074 5.693111
v -2.120780 150.391510 5.151991
v -2.067635 150.736740 5.385752
v -2.590198 150.442917 4.855601
v -2.306083 150.300156 4.988592
v -2.920062 150.100235 4.469634
v -2.776001 150.387985 4.666812
v -3.408216 150.340866 4.165755
v -3.149256 150.071518 4.290404
v -0.797648 149.801041 1.179102
v -0.906518 149.322739 0.126225
v -0.309472 150.086792 1.663287
v -0.610970 150.116531 1.692898
v -1.097090 149.332413 -0.327503
v -1.345091 149.369873 -0.201831
v -1.498551 149.387238 -0.563428
v -1.667163 149.001984 -1.106725
v -1.598669 149.436478 -0.043221
v -1.831943 149.549805 0.229513
v -1.964795 149.571228 0.190950
v -2.170970 149.523682 -0.243923
v -1.918824 149.716034 0.597951
v -1.952296 150.138535 1.558662
v -2.169828 150.274765 2.031582
v -2.531195 150.190521 1.723773
v -2.861244 150.412201 2.136280
v -2.744410 150.900330 2.931961
v -2.634383 151.245544 3.137498
v -2.687409 151.576981 3.041208
v -2.308862 152.357544 3.800458
v -2.478036 152.280548 3.446816
v -2.572744 151.822647 3.325168
v -2.360281 151.988083 3.791907
v -2.252859 152.144440 3.945386
v -2.237009 152.302124 3.958797
v -2.193648 152.137268 4.097802
v -2.095623 152.261765 4.350159
v -2.092266 152.290619 4.482839
v -2.066234 152.284058 4.506585
v -2.074249 152.352417 4.607991
v -2.222031 152.344284 4.808501
v -2.280748 152.342834 4.885001
v -2.191727 152.384033 4.944265
v -2.189612 152.353622 5.058371
v -2.330842 152.213593 5.139245
v -2.321293 152.156555 5.228477
v -2.178793 152.154236 5.408176
v -2.149970 152.071289 5.508235
v -2.258949 151.894379 5.491260
v -2.237296 151.736923 5.567232
v -2.027088 151.674042 5.747294
v -1.961717 151.473328 5.792294
v -2.032317 151.096176 5.625821
v -2.186875 150.955612 5.444195
v -2.431566 151.061462 5.293168
v -2.579061 150.962448 5.109329
v -2.675427 150.665421 4.893858
v -2.854308 150.613800 4.712477
v -3.092595 150.810165 4.589334
v -3.272070 150.811203 4.440429
v -3.435154 150.599182 4.233015
v -1.764920 166.512207 -12.009844
v -0.551007 166.627151 -12.140569
v -2.492869 168.525864 -10.103657
v -2.391349 167.154022 -11.384577
v -4.272066 168.411285 -9.072880
v -3.137898 168.906204 -9.257951
v -4.933064 169.008911 -6.468107
v -4.854834 168.524323 -8.194474
v -6.155454 167.826172 -5.437128
v -5.389050 168.690094 -5.516239
v -6.298753 167.513947 -3.056637
v -6.425429 167.442780 -4.612652
v -6.824542 166.206589 -2.654384
v -6.456860 167.058197 -2.418667
v -6.706769 165.683182 -1.187879
v -6.886280 165.780624 -2.208926
v -7.048824 164.425629 -1.459028
v -6.780427 165.210968 -0.983352
v -6.880570 163.742523 -0.634232
v -7.068289 163.949310 -1.319441
v -7.006648 162.454666 -0.996546
v -6.881704 163.235611 -0.549063
v -6.745426 161.696869 -0.251004
v -6.954033 161.945114 -0.875766
v -2.260052 160.142075 2.122244
v -2.351465 160.718430 2.577615
v -2.195855 160.704147 2.984509
v -1.979951 160.385254 3.141112
v -3.736046 160.198257 1.867359
v -3.764871 160.807999 2.385855
v -4.544679 159.896515 2.594886
v -4.479967 160.274094 2.807310
v -7.096289 160.899796 -1.574092
v -7.064454 161.668655 -1.332488
v -7.418594 159.663620 -3.475040
v -7.372946 160.440002 -3.210376
v -7.303309 160.752686 -2.723608
v -7.170737 160.600250 -2.018481
v -7.757455 158.959778 -4.372750
v -7.564523 159.131134 -3.991393
v -7.130043 157.976669 -3.888497
v -7.263779 158.109924 -4.244374
v -7.476387 158.310547 -4.363520
v -7.711203 158.731613 -4.433156
v -6.461136 151.739975 -2.389225
v -6.604213 152.158234 -2.715735
v -6.698118 152.549438 -2.660801
v -6.712235 152.996429 -2.220948
v -6.739467 153.417343 -2.222295
v -6.770319 153.712189 -2.670041
v -6.802439 154.078857 -2.763463
v -6.786268 154.612442 -2.538347
v -6.789601 154.993362 -2.732187
v -6.839601 155.129211 -3.249380
v -6.869454 155.504120 -3.447509
v -6.972308 156.093979 -3.426371
v -7.430055 156.556702 -4.178690
v -7.484120 157.085434 -4.238266
v -7.314539 157.285736 -4.170668
v -7.090503 157.557831 -3.890549
v -7.124080 156.405212 -3.659345
v -7.328589 156.366440 -3.972210
v -5.849329 150.182648 -2.851640
v -6.100627 150.558136 -3.128082
v -6.219904 150.961929 -2.983680
v -6.288389 151.345901 -2.484748
v -5.995075 148.236557 -3.228912
v -6.173379 148.639526 -3.571199
v -6.116519 149.154770 -3.490382
v -5.842099 149.730865 -2.976932
v -3.601605 148.075134 0.276681
v -3.403751 147.806091 -0.353519
v -3.480211 147.754639 -0.812981
v -3.776903 148.028793 -1.095010
v -4.007588 147.892380 -1.510467
v -4.451757 147.177032 -1.799080
v -4.862901 146.940460 -2.061219
v -5.198982 147.229889 -2.322986
v -5.546757 147.003754 -2.665190
v -5.877049 146.203583 -3.112330
v -6.122874 145.963196 -3.550064
v -6.294277 146.359253 -3.938484
v -6.286273 146.962738 -3.842708
v -6.025359 147.701813 -3.320586
v -0.557648 139.842590 -1.344195
v -1.261131 139.925888 -1.278748
v -1.537875 140.374573 -1.333557
v -1.423407 141.203598 -1.413365
v -1.638147 141.644196 -1.343444
v -2.163676 141.694366 -1.338883
v -2.327170 142.124741 -1.266479
v -2.116828 142.948730 -1.014544
v -2.236909 143.416306 -0.884269
v -2.712886 143.543594 -1.024756
v -2.796767 144.070221 -0.940152
v -2.521582 144.957779 -0.581501
v -2.613228 145.471451 -0.496749
v -2.962072 145.667709 -0.825605
v -3.013413 146.170700 -0.761540
v -2.820498 146.897308 -0.301885
v -2.912803 147.288345 -0.221842
v -3.196130 147.509995 -0.521180
v -0.748464 152.278549 6.354978
v -0.692759 152.522385 6.154324
v -0.538088 152.614853 6.054163
v -0.270730 152.565765 6.070139
v -1.392014 151.745209 6.219065
v -1.346861 152.034302 6.248135
v -1.187311 152.172043 6.300728
v -0.910097 152.159470 6.392284
v -1.805192 151.622635 5.932302
v -1.544116 151.600067 6.089754
v -0.895101 150.161835 1.747286
v -1.180971 150.219025 1.824605
v -1.357361 149.998474 1.323539
v -1.449991 149.475677 0.343127
v -0.702430 150.496704 3.557736
v -0.726917 150.399384 2.329698
v -0.286913 150.415070 4.134602
v -0.574408 150.399612 4.131655
v -1.468189 150.275787 1.961475
v -1.767762 150.318237 2.152358
v -2.095166 150.402420 2.831465
v -2.305663 150.575638 3.579165
v -2.381662 150.848450 3.658687
v -2.541281 150.996155 3.357714
v -2.499323 151.291122 3.523468
v -2.352762 151.640640 3.991610
v -2.290337 151.859589 4.092179
v -2.282958 151.992050 3.987417
v -2.184021 151.945984 4.266054
v -2.042863 152.189682 4.421267
v -2.031689 152.311417 4.560278
v -1.955928 152.361176 4.637398
v -1.952705 152.439621 4.773487
v -2.074498 152.435776 4.941629
v -2.059159 152.423279 5.069705
v -1.913274 152.459412 5.220827
v -1.919474 152.431610 5.382230
v -2.045739 152.235764 5.478741
v -2.023145 152.151291 5.596212
v -1.835420 152.141708 5.769185
v -1.781966 152.030869 5.873853
v -1.877825 151.790909 5.868681
v -1.619687 163.423843 -13.252250
v -0.507442 163.523041 -13.399177
v -2.293037 165.631012 -12.325175
v -2.205066 164.092697 -12.931310
v -3.918067 165.845139 -11.343527
v -2.894364 166.248718 -11.739004
v -4.675201 167.551056 -9.606936
v -4.460560 166.284622 -10.678756
v -5.969693 166.961411 -8.465390
v -5.226225 167.736923 -8.809756
v -6.449555 167.295609 -6.166965
v -6.353766 166.913254 -7.641131
v -7.032564 166.114426 -5.291370
v -6.689879 166.947586 -5.353717
v -7.041296 165.824173 -3.395118
v -7.134637 165.779587 -4.650537
v -7.295057 164.628479 -3.213562
v -7.098958 165.419281 -2.926295
v -7.215574 164.097870 -2.060647
v -7.324908 164.195786 -2.900920
v -7.321333 162.821960 -2.284701
v -7.228293 163.630737 -1.889699
v -7.130116 162.161407 -1.486840
v -7.279602 162.340851 -2.126957
v -7.362847 161.218033 -2.927012
v -7.353156 162.013672 -2.625204
v -7.518234 159.871384 -4.597281
v -7.487869 160.554214 -4.416972
v -7.482334 160.952332 -4.030562
v -7.421889 160.887314 -3.412520
v -7.512398 159.451950 -3.970922
v -7.601132 159.674286 -4.476511
v -7.944512 159.074051 -4.604284
v -8.138244 159.422562 -4.810115
v -8.123473 159.625443 -4.852421
v -7.775297 159.686707 -4.758278
v -7.378833 157.265335 -4.343298
v -7.147062 157.280136 -4.537793
v -7.088207 157.499924 -4.535861
v -7.261742 157.890808 -4.414382
v -7.440866 158.083206 -4.497622
v -7.492501 158.066238 -4.748522
v -7.565057 158.236572 -4.878438
v -7.757395 158.617447 -4.941034
v -7.908054 158.804184 -4.849163
v -7.884353 158.872803 -4.626338
v -6.300572 150.982666 -3.420922
v -6.466454 151.441467 -3.721765
v -6.560696 151.832367 -3.591104
v -6.642370 152.166351 -3.106277
v -6.700809 152.542648 -3.048574
v -6.735440 152.894531 -3.369362
v -6.768402 153.214783 -3.349216
v -6.784135 153.605164 -3.030130
v -6.793717 153.937759 -3.091112
v -6.796135 154.063889 -3.421914
v -6.822613 154.342773 -3.535279
v -6.819621 154.857773 -3.498825
v -6.954402 155.356155 -3.682416
v -7.014022 155.516815 -3.892345
v -7.032327 155.734421 -3.960887
v -7.238858 156.130264 -4.093671
v -7.299238 156.277725 -4.302611
v -6.925221 156.305450 -4.261053
v -6.700964 156.603256 -4.186569
v -6.899668 157.068008 -4.479416
v -6.333766 149.089981 -3.917223
v -6.445971 149.604141 -4.267629
v -6.387178 150.111633 -4.148187
v -6.215622 150.554916 -3.569849
v -6.384966 146.796280 -4.330080
v -6.394486 147.290192 -4.714715
v -6.390752 147.902481 -4.610685
v -6.325167 148.549667 -4.027409
v -3.356924 147.354446 -0.956847
v -3.694339 146.632050 -1.334519
v -4.105245 146.374054 -1.580600
v -4.493312 146.651657 -1.816036
v -4.891897 146.403061 -2.097819
v -5.266007 145.573654 -2.445411
v -5.575438 145.290283 -2.819939
v -5.873363 145.608185 -3.178697
v -6.095135 145.357117 -3.631070
v -6.209573 144.517685 -4.201779
v -6.435975 144.318054 -4.675683
v -6.553574 144.753082 -5.101096
v -6.385679 145.370422 -5.042619
v -6.349658 146.170303 -4.438824
v -1.289396 149.356140 -10.729688
v -0.641339 149.380646 -10.802861
v -0.579042 151.145721 -10.659276
v -1.160718 151.115707 -10.604751
v -1.483591 150.670547 -10.556917
v -1.569832 149.803009 -10.622083
v -1.658400 148.827301 -10.752659
v -1.769526 147.616882 -11.096243
v -1.453253 146.984482 -11.437587
v -0.686289 147.029373 -11.506275
v -0.623100 138.398544 -0.613466
v -1.375132 138.591782 -0.558869
v -1.708273 138.981201 -0.769057
v -1.631599 139.618851 -1.116127
v -1.900732 140.053162 -1.197376
v -2.498595 140.163864 -1.264082
v -2.674262 140.556747 -1.419887
v -2.505456 141.328918 -1.412155
v -2.652024 141.771164 -1.424946
v -3.112577 141.887894 -1.570927
v -3.248598 142.367554 -1.552491
v -3.065385 143.196381 -1.249055
v -3.166262 143.726074 -1.176810
v -3.607577 143.931366 -1.357265
v -3.678108 144.484589 -1.332380
v -3.297713 145.351456 -1.144881
v -3.325269 145.874451 -1.114147
v -3.707076 146.110474 -1.357992
v -0.639152 152.686829 5.881032
v -0.597182 152.677002 5.568903
v -0.473659 152.592148 5.452437
v -0.241236 152.595795 5.478269
v -1.274426 152.302887 6.182212
v -1.187115 152.540894 6.003592
v -1.024829 152.626328 5.943595
v -0.790787 152.625793 6.008667
v -1.639439 152.151398 5.955832
v -1.435896 152.171890 6.150016
v -1.229062 150.466309 3.600493
v -1.286370 150.414490 2.478939
v -0.876733 150.393692 4.125422
v -1.157197 150.376434 4.117320
v -0.699510 151.210312 5.198895
v -0.772296 150.279739 4.708788
v -0.264480 151.628418 5.375853
v -0.526370 151.634567 5.333446
v -1.407470 150.364273 4.150304
v -1.641726 150.348907 4.247536
v -1.734979 150.384949 3.881330
v -1.837719 150.433182 2.926365
v -1.799764 150.600616 4.309381
v -1.865202 150.871841 4.358610
v -1.948978 150.909531 4.294528
v -2.169921 150.824799 4.014439
v -2.211948 151.047516 4.037260
v -2.085786 151.478607 4.348549
v -2.105816 151.702957 4.380050
v -2.226360 151.758423 4.226341
v -1.958804 151.877823 4.537492
v -1.879634 152.255386 4.617564
v -1.847919 152.401382 4.744874
v -1.720000 152.432129 4.871082
v -1.689875 152.522720 5.021161
v -1.798879 152.528488 5.226009
v -1.783657 152.492996 5.396540
v -1.616744 152.529587 5.552610
v -1.590700 152.475998 5.734730
v -1.699647 152.266235 5.845735
v -1.483056 160.571365 -13.457070
v -0.470936 160.667969 -13.621821
v -2.110783 162.599884 -13.234929
v -2.012767 161.183044 -13.335369
v -3.617663 162.924835 -12.452443
v -2.679101 163.224747 -12.933168
v -4.296492 164.887695 -11.481641
v -4.132332 163.451523 -12.009493
v -5.511788 164.749100 -10.364197
v -4.791132 165.328888 -10.865851
v -6.149588 166.122437 -8.836002
v -5.916674 165.050385 -9.740324
v -6.898467 165.408615 -7.749834
v -6.509153 166.173325 -8.095984
v -7.166029 165.619583 -5.884142
v -7.104446 165.289978 -7.054721
v -7.410196 164.554947 -5.257648
v -7.259212 165.329422 -5.262821
v -7.406094 164.240341 -3.838207
v -7.455220 164.207001 -4.787203
v -7.499482 162.998108 -3.760957
v -7.428330 163.816864 -3.509415
v -7.400731 162.479584 -2.804102
v -7.489017 162.566086 -3.515182
v -7.517431 161.396103 -4.198230
v -7.522004 162.185150 -3.988614
v -7.614329 159.754227 -4.874154
v -7.675890 159.742783 -5.224646
v -7.568820 159.782150 -5.363852
v -7.519532 160.459229 -5.329512
v -7.537841 160.919556 -5.082119
v -7.519959 160.963806 -4.584185
v -7.965296 158.956650 -5.016701
v -8.213309 159.239960 -5.159604
v -8.375822 159.402222 -5.163837
v -8.314184 159.535156 -4.989258
v -8.331283 159.725174 -5.047953
v -8.490919 159.928604 -5.404212
v -8.392970 160.040619 -5.554330
v -7.970606 159.905060 -5.455803
v -6.982810 157.358841 -4.719958
v -7.104697 157.426041 -4.994539
v -7.108747 157.644302 -5.003452
v -7.328712 157.910461 -4.877579
v -7.327918 158.112411 -4.898175
v -6.888696 158.417572 -4.902507
v -7.154604 158.402100 -5.124729
v -7.178410 158.679214 -5.211580
v -7.280964 159.043259 -5.015355
v -7.730432 158.837036 -5.025064
v -6.486277 150.184402 -4.624210
v -6.458858 150.839523 -4.980284
v -6.462742 151.323395 -4.820846
v -6.431753 151.562347 -4.186028
v -6.536654 151.942108 -4.016649
v -6.573643 152.465317 -4.262827
v -6.639080 152.777618 -4.128608
v -6.695329 152.941467 -3.712028
v -6.732522 153.221115 -3.682346
v -6.676746 153.516693 -3.998525
v -6.704494 153.656097 -3.956813
v -6.838949 153.858521 -3.624609
v -7.022760 154.955307 -4.136417
v -6.827347 155.070404 -3.753286
v -6.846958 154.102798 -3.701699
v -7.032963 154.181213 -4.078059
v -7.039742 154.402069 -4.387250
v -7.081236 154.809021 -4.384193
v -7.281466 155.075882 -4.248909
v -7.203157 155.271271 -4.376616
v -7.011964 155.317230 -4.294467
v -6.915626 155.429810 -4.001697
v -6.890399 155.599731 -3.974699
v -6.727927 155.685150 -4.008953
v -6.578470 155.834076 -4.012115
v -6.562057 156.113266 -3.999241
v -6.451333 156.835800 -4.953875
v -6.755952 157.157394 -4.672292
v -6.221757 156.348724 -3.941424
v -5.758653 156.190750 -3.917939
v -5.573501 156.234390 -4.235686
v -6.101485 156.523224 -4.800599
v -6.384944 147.855301 -5.095414
v -6.315909 148.518890 -5.465863
v -6.350954 149.161331 -5.358482
v -6.472013 149.656479 -4.755619
v -6.621770 145.244797 -5.506983
v -6.633587 145.810471 -5.891633
v -6.404228 146.487076 -5.789951
v -6.371770 147.210190 -5.202861
v -4.115397 145.830475 -1.599797
v -4.528776 144.981094 -1.828451
v -4.877523 144.692337 -2.147060
v -5.250703 144.987610 -2.466612
v -5.525160 144.693161 -2.873262
v -5.740425 143.809677 -3.336422
v -6.012606 143.549698 -3.788661
v -6.245284 143.918167 -4.242199
v -6.569595 143.729599 -4.676282
v -7.168634 143.019363 -4.973125
v -7.675557 142.938919 -5.304649
v -7.904451 143.439392 -5.804738
v -7.553291 143.979309 -5.931188
v -6.843496 144.622192 -5.559069
v -1.397704 152.316040 -10.692473
v -1.417080 151.500427 -10.574846
v -0.532635 152.749176 -10.848735
v -1.122557 152.744080 -10.809221
v -2.557630 149.245331 -10.420975
v -1.930374 149.312439 -10.598056
v -1.720713 151.052444 -10.476958
v -2.252468 150.960251 -10.295930
v -2.584918 150.497391 -10.202316
v -2.764894 149.658417 -10.264253
v -1.781095 144.324615 -13.552757
v -0.745788 144.350204 -13.589030
v -1.937549 146.322510 -11.837438
v -2.173795 144.947327 -12.916211
v -2.969561 148.701157 -10.390572
v -3.242796 147.499680 -10.769079
v -3.031223 146.877823 -11.199814
v -2.241525 146.939072 -11.347456
v -0.667208 137.185440 0.385830
v -1.521677 137.332703 0.362730
v -1.887156 137.797272 0.135121
v -1.775265 138.454483 -0.268216
v -2.097275 138.854828 -0.487429
v -2.823197 139.064896 -0.560844
v -3.061718 139.447372 -0.825141
v -2.862928 139.901703 -1.251448
v -3.019199 140.257812 -1.472614
v -3.537740 140.379669 -1.670831
v -3.634629 140.762970 -1.864417
v -3.418265 141.543564 -1.772948
v -3.548320 142.029419 -1.780548
v -3.972322 142.197266 -2.030365
v -4.102481 142.727798 -2.010191
v -3.938638 143.602859 -1.643647
v -4.045886 144.154999 -1.579576
v -4.471326 144.407227 -1.848345
v -0.577255 152.430878 5.315772
v -0.620354 151.945404 5.347294
v -1.084309 152.672501 5.758304
v -1.007008 152.651199 5.440429
v -0.889250 152.577835 5.341558
v -0.691642 152.591049 5.406477
v -1.446840 152.578781 5.710235
v -1.243022 152.610229 5.835480
v -1.143930 151.267319 5.012603
v -1.342843 150.446854 4.607197
v -0.764806 151.630722 5.264225
v -0.977814 151.624161 5.182201
v -1.456415 151.370956 4.852776
v -1.629138 150.774796 4.520739
v -1.158685 151.625336 5.091521
v -1.319681 151.636337 5.005292
v -1.468797 151.660294 4.918287
v -1.621650 151.689133 4.822453
v -1.735800 151.472839 4.671791
v -1.842092 151.081345 4.456357
v -1.777229 151.698166 4.691206
v -1.952855 151.690002 4.545032
v -1.662867 151.924789 4.811998
v -1.614131 152.314499 4.849129
v -1.569467 152.460800 4.983516
v -1.406037 152.486557 5.085203
v -1.367925 152.596344 5.245942
v -1.476434 152.612000 5.508644
v -1.446099 157.828690 -12.854140
v -0.525959 157.798279 -13.000860
v -1.945742 159.797073 -13.241359
v -1.905226 158.446579 -12.948264
v -3.305992 160.180908 -12.675773
v -2.441281 160.405106 -13.138735
v -3.939965 162.042648 -12.296736
v -3.770154 160.698669 -12.406944
v -5.094694 162.095688 -11.274193
v -4.424947 162.536697 -11.882824
v -5.710653 163.816299 -10.412644
v -5.494588 162.510712 -10.827832
v -6.507977 163.564682 -9.375305
v -6.075087 164.151703 -9.860842
v -6.957232 164.696396 -8.072081
v -6.776647 163.794327 -8.845395
v -7.344502 163.910843 -7.165109
v -7.161044 164.670288 -7.443974
v -7.469678 164.057007 -5.725096
v -7.441826 163.749146 -6.615613
v -7.571284 162.883011 -5.252387
v -7.511568 163.731812 -5.259836
v -7.537249 162.598190 -4.238681
v -7.573382 162.532562 -4.922144
v -7.562287 161.276001 -5.284441
v -7.576745 162.054276 -5.258435
v -7.781827 159.723450 -5.588433
v -7.842088 159.636688 -5.934950
v -7.636075 159.496353 -5.987417
v -7.518547 160.081955 -6.092307
v -7.531939 160.575165 -5.960803
v -7.540532 160.795227 -5.538242
v -7.436847 159.056702 -5.359269
v -7.749979 159.261383 -5.514266
v -7.943843 159.553162 -5.498043
v -8.229348 159.386597 -5.366367
v -8.459845 159.438049 -5.403662
v -8.671194 159.560547 -5.706645
v -8.783463 159.694931 -5.814175
v -8.674694 159.905487 -5.684613
v -8.622024 160.041275 -5.842378
v -8.704132 160.072098 -6.338262
v -8.520895 160.044540 -6.512073
v -8.138227 159.866913 -6.241765
v -6.957638 157.141342 -5.536879
v -6.951409 157.418091 -5.224126
v -6.617615 156.721786 -5.334372
v -6.984787 156.860291 -5.545564
v -6.893857 157.598831 -5.157053
v -6.663150 157.787094 -5.309217
v -6.620262 158.003571 -5.349406
v -6.850780 158.304611 -5.218177
v -7.182944 158.146118 -5.312459
v -7.417025 157.801392 -5.849566
v -7.647484 157.825317 -5.882922
v -7.592272 158.233093 -5.771309
v -7.465285 158.489746 -5.741566
v -7.305843 158.775528 -5.497452
v -6.246134 149.303299 -5.841009
v -6.187714 150.209076 -6.211710
v -6.297392 150.808044 -6.100758
v -6.455636 151.070129 -5.475228
v -6.473979 151.588318 -5.297308
v -6.528569 152.429108 -5.543635
v -6.506874 152.784637 -5.215792
v -6.533385 152.710297 -4.615694
v -6.580952 152.977554 -4.440181
v -6.575138 153.431000 -4.558526
v -6.590903 153.561172 -4.521226
v -6.636171 153.603134 -4.338053
v -6.796089 153.529938 -4.221000
v -7.053287 153.489609 -4.294522
v -7.182415 153.689270 -4.319363
v -7.155688 154.050674 -4.308727
v -7.211400 154.286545 -4.594698
v -7.525412 154.447266 -5.023256
v -7.693591 154.689209 -5.172993
v -7.659508 155.023743 -5.141012
v -7.760787 155.099564 -4.865404
v -7.438352 154.943039 -4.438426
v -7.822935 155.428848 -5.064820
v -7.624802 155.711304 -5.067974
v -7.424258 155.605347 -4.924628
v -7.218936 155.390793 -4.583509
v -6.962413 155.358383 -4.493250
v -6.620985 155.504242 -4.503188
v -6.453120 155.657959 -4.281948
v -6.575081 155.718506 -4.049693
v -6.202662 155.816772 -4.386316
v -5.819663 155.995987 -4.160911
v -6.497287 155.968063 -5.375299
v -6.408722 156.405212 -5.220250
v -6.430173 155.649261 -4.659414
v -6.528756 155.710129 -5.117594
v -6.523540 146.444443 -6.276793
v -6.294328 147.201385 -6.688348
v -6.044636 148.077820 -6.550024
v -6.184442 148.625153 -5.942822
v -8.060348 143.993713 -6.267076
v -8.140590 144.610123 -6.699202
v -7.634171 145.137863 -6.809793
v -6.827136 145.743195 -6.377390
v -4.785019 144.103851 -2.189652
v -4.954282 143.204849 -2.589095
v -5.220079 142.904175 -2.988924
v -5.647129 143.210602 -3.371972
v -5.963634 142.944885 -3.792974
v -6.347346 142.128159 -4.094835
v -6.910645 142.009003 -4.316504
v -7.347096 142.463745 -4.800025
v -7.916220 142.414932 -5.071937
v -8.698821 141.875046 -5.071193
v -9.269036 141.866394 -5.376993
v -9.602539 142.441910 -5.959687
v -9.317412 143.007492 -6.196370
v -8.444139 143.468369 -6.108866
v -1.325648 155.704407 -11.919655
v -0.533328 155.671616 -11.998678
v -1.847016 157.237198 -12.494296
v -1.755888 156.204025 -12.054891
v -1.199459 154.163040 -11.222608
v -0.534845 154.111679 -11.268204
v -1.652780 155.294342 -11.665362
v -1.560150 154.527100 -11.328914
v -1.486971 153.855652 -11.067383
v -1.422650 153.134354 -10.856645
v -1.678720 152.704102 -10.716550
v -2.183254 152.629959 -10.547544
v -2.411563 152.149963 -10.356453
v -2.459424 151.315155 -10.227647
v -3.570590 150.257095 -9.710187
v -3.842484 149.412384 -9.719402
v -3.729226 149.031540 -9.908180
v -3.162024 149.157303 -10.190321
v -2.761857 150.849365 -10.088596
v -3.231776 150.733322 -9.844259
v -2.474942 143.808624 -14.193734
v -2.793143 142.882172 -15.353991
v -2.275600 142.187622 -15.788149
v -0.925880 141.992661 -15.680030
v -3.961103 144.424088 -13.404496
v -2.862968 144.329758 -13.487685
v -3.657738 146.247665 -11.608781
v -4.195628 145.005371 -12.694704
v -4.169177 148.460678 -9.821091
v -4.651379 147.328049 -10.249943
v -4.580719 146.765961 -10.738281
v -3.818948 146.822525 -11.007756
v -2.178990 136.158768 1.009789
v -2.008137 137.040054 0.557030
v -0.756734 135.522781 1.268431
v -1.777992 135.613297 1.253640
v -2.364803 137.528122 0.286569
v -3.194584 137.751907 0.191624
v -3.495038 138.222824 -0.072643
v -3.280912 138.862427 -0.447242
v -3.508740 139.269745 -0.691585
v -4.193669 139.459885 -0.835907
v -4.340891 139.826324 -1.124111
v -3.963762 140.215820 -1.599566
v -4.043685 140.519684 -1.896486
v -4.530392 140.669678 -2.165122
v -4.546693 141.048737 -2.419487
v -4.265679 141.854797 -2.310809
v -4.394309 142.389816 -2.310239
v -4.811871 142.623489 -2.622133
v -0.962628 152.396439 5.201251
v -1.018784 151.926590 5.187091
v -1.241859 152.520538 5.183367
v -1.071141 152.550354 5.268062
v -1.296887 152.348145 5.048297
v -1.350358 151.913132 5.026348
v -3.046607 157.736084 -12.184958
v -2.285963 157.805618 -12.565276
v -3.635691 159.414612 -12.339932
v -3.488113 158.219284 -12.112207
v -4.742305 159.560349 -11.507833
v -4.075737 159.899643 -12.117306
v -5.293641 161.227280 -11.090906
v -5.119148 159.984375 -11.203287
v -6.104086 161.160492 -10.095154
v -5.648606 161.629425 -10.671276
v -6.586687 162.705078 -9.378008
v -6.388119 161.522736 -9.700980
v -7.082948 162.328491 -8.453218
v -6.838990 162.961685 -8.912189
v -7.380209 163.206772 -7.382874
v -7.255583 162.445450 -7.992574
v -7.524799 162.274658 -6.603986
v -7.476963 163.092987 -6.869976
v -7.576529 162.367172 -5.579879
v -7.553352 162.079071 -6.203663
v -7.520226 160.796234 -6.215497
v -7.524127 161.495270 -6.381666
v -7.891828 159.553131 -6.217503
v -7.883270 159.313843 -6.424772
v -7.658800 159.108063 -6.340988
v -7.441031 159.389877 -6.473983
v -7.438075 159.880386 -6.606586
v -7.499146 160.301163 -6.327523
v -7.924004 158.828964 -5.975246
v -7.877350 159.193680 -5.740191
v -7.605664 158.417709 -5.839633
v -7.851470 158.547775 -5.971968
v -7.978128 159.511230 -5.763562
v -8.212536 159.632980 -6.053326
v -8.430080 159.757462 -6.167614
v -8.663026 159.533051 -5.975697
v -8.802802 159.594467 -6.094780
v -8.901286 159.488968 -6.517494
v -8.966996 159.541336 -6.705206
v -8.845057 159.890625 -6.660753
v -8.300509 159.321045 -7.308122
v -8.005790 159.244263 -6.813643
v -8.666879 159.888489 -6.864593
v -8.547044 159.521606 -7.278582
v -6.952204 157.066986 -5.794083
v -6.857050 157.255753 -6.050806
v -6.775127 157.559219 -5.957952
v -6.602171 157.803757 -5.536530
v -6.824845 155.924484 -5.588469
v -7.210621 156.183029 -5.827348
v -7.250213 156.472427 -5.893927
v -7.049706 156.798843 -5.778514
v -6.982183 157.538986 -6.220035
v -7.299246 157.694748 -6.166258
v -7.803569 157.680908 -6.105870
v -8.102308 157.731552 -6.215840
v -8.168341 157.979202 -6.241954
v -8.044192 158.417801 -6.150973
v -5.854775 148.517151 -7.036418
v -5.602087 149.758118 -7.265694
v -5.688352 150.396027 -7.165440
v -6.002970 150.574722 -6.655040
v -6.145319 151.172943 -6.553831
v -6.147513 152.143188 -6.854567
v -6.310951 152.668823 -6.709632
v -6.505248 152.820419 -6.046641
v -6.484787 153.263168 -5.472287
v -6.486625 153.640030 -5.264973
v -6.535154 153.666626 -4.980504
v -6.562351 153.577545 -4.683620
v -6.582207 153.825333 -5.091102
v -6.801768 153.644257 -5.222444
v -6.896466 153.391373 -5.013865
v -6.745878 153.469528 -4.444518
v -7.319388 153.486984 -5.310654
v -7.599118 153.761765 -5.225602
v -7.537647 153.795013 -5.001073
v -7.276202 153.632294 -4.557940
v -7.694324 154.092514 -5.194680
v -7.701717 154.414597 -5.190684
v -7.790638 154.678238 -5.370203
v -7.911599 154.961044 -5.743528
v -7.863622 155.181625 -5.970154
v -7.864604 155.419586 -5.924470
v -7.813183 155.484940 -5.705213
v -7.728966 155.323746 -5.326705
v -7.992680 155.706635 -5.747494
v -7.841185 155.948547 -5.782465
v -7.661321 155.881226 -5.717782
v -7.538216 155.764191 -5.337084
v -7.292019 155.616165 -5.206692
v -6.812944 155.673874 -5.357924
v -8.157875 145.240997 -7.139944
v -8.099000 145.808380 -7.624763
v -7.468578 146.314651 -7.703065
v -6.410838 147.056274 -7.258675
v -9.862202 143.060349 -6.524703
v -10.048572 143.662537 -7.114799
v -9.643016 144.228241 -7.275845
v -8.667431 144.707504 -7.024296
v -5.110157 142.313354 -2.977812
v -5.471986 141.485962 -3.118061
v -5.949400 141.269669 -3.331495
v -6.410042 141.579224 -3.858521
v -7.018533 141.502182 -4.018834
v -7.812701 141.120773 -3.728910
v -8.489699 141.155823 -3.917676
v -8.912246 141.443695 -4.684416
v -11.137417 140.919479 -5.290742
v -11.517963 141.338577 -6.114754
v -11.112725 141.823013 -6.507584
v -10.176132 142.460419 -6.311451
v -9.522814 141.421326 -4.993927
v -10.456858 141.006668 -4.899559
v -2.723419 155.774597 -11.545625
v -2.063033 155.762848 -11.774823
v -3.307218 157.153015 -11.827414
v -3.122868 156.188889 -11.539367
v -2.408305 154.213882 -10.977958
v -1.832978 154.209015 -11.139468
v -2.930135 155.328171 -11.251468
v -2.751902 154.559174 -10.988363
v -2.593770 153.823807 -10.755455
v -2.460434 153.019363 -10.539684
v -2.649298 152.535248 -10.324322
v -3.076932 152.441711 -10.063605
v -3.279152 151.965347 -9.847963
v -3.368169 151.102264 -9.737359
v -4.364414 150.010620 -9.025490
v -4.725413 149.094208 -8.989779
v -4.725745 148.709808 -9.211473
v -4.247142 148.878525 -9.573030
v -3.663409 150.621490 -9.567109
v -4.046957 150.518967 -9.243194
v -4.806500 144.082123 -13.943942
v -5.403342 143.360641 -15.082968
v -5.027634 142.799255 -15.757530
v -3.652744 142.479187 -15.840710
v -3.129323 141.699265 -16.263411
v -3.457489 140.287567 -17.072613
v -2.807127 139.310440 -17.282614
v -1.124425 139.132278 -17.211061
v -5.300625 146.199112 -11.044231
v -6.095501 145.226898 -12.120827
v -6.022805 144.668518 -12.847304
v -5.023850 144.542847 -13.200277
v -5.227423 148.132477 -9.123134
v -5.927175 147.113052 -9.562919
v -6.009253 146.646896 -10.081350
v -5.318645 146.698669 -10.432696
v -4.046833 136.544006 0.784182
v -3.736063 137.466064 0.346131
v -2.766046 135.756042 1.179202
v -3.734314 135.933212 1.077000
v -4.025824 137.979355 0.066095
v -4.862817 138.189194 -0.154831
v -5.082144 138.610580 -0.481390
v -4.712217 139.232544 -0.807154
v -4.863685 139.624146 -1.066276
v -5.524640 139.808578 -1.329622
v -5.578482 140.185745 -1.643861
v -5.020351 140.519775 -2.136513
v -5.004675 140.829605 -2.478252
v -5.485604 141.038925 -2.851423
v -4.307658 157.342850 -11.200624
v -3.721399 157.583511 -11.725608
v -4.930379 158.798904 -11.152704
v -4.698643 157.711182 -11.015778
v -5.728040 158.845123 -10.271734
v -5.286755 159.203568 -10.880722
v -6.195145 160.342392 -9.891200
v -6.013490 159.216156 -9.973419
v -6.724270 160.212463 -8.993744
v -6.459858 160.687836 -9.532704
v -7.084185 161.524567 -8.409230
v -6.911251 160.498383 -8.651661
v -7.294944 161.014877 -7.570870
v -7.234237 161.668106 -8.000491
v -7.493193 161.636124 -6.750289
v -7.387028 161.049759 -7.199945
v -7.378188 159.911133 -6.859906
v -7.337448 160.423813 -7.178666
v -7.843651 158.988235 -6.611126
v -7.755836 158.498306 -6.734090
v -7.516750 158.267288 -6.670632
v -7.328171 158.449203 -6.701907
v -7.310813 158.865189 -6.795980
v -7.366077 159.406555 -6.723666
v -8.075234 158.710388 -6.200134
v -8.164249 158.831696 -6.370553
v -8.165047 159.003708 -6.401738
v -8.154235 159.451004 -6.323234
v -8.330597 159.601761 -6.458646
v -8.384047 159.377472 -6.834613
v -8.519285 159.444305 -7.014780
v -8.794017 159.333862 -6.780172
v -8.918034 159.289032 -6.910644
v -8.897789 159.031387 -7.202192
v -8.892451 158.959656 -7.406219
v -8.671881 159.201935 -7.492829
v -8.430936 159.020737 -7.599965
v -8.261827 158.327026 -7.773711
v -8.043352 158.003479 -7.495662
v -7.881973 158.110687 -6.855727
v -7.426571 156.453934 -6.044606
v -7.518682 156.640045 -6.256551
v -7.435113 156.862076 -6.365046
v -7.051634 157.205002 -6.315607
v -7.629768 155.973587 -5.976239
v -7.450288 156.201294 -5.967382
v -7.649434 156.804642 -6.389537
v -7.799656 156.966690 -6.410813
v -7.829923 157.144623 -6.365775
v -7.659562 157.505264 -6.176806
v -7.933780 157.001633 -6.401239
v -8.164586 156.946976 -6.421885
v -8.305751 157.106293 -6.410498
v -8.292722 157.542984 -6.343461
v -8.351112 157.806564 -6.398472
v -8.455202 157.936447 -6.668062
v -8.370042 158.383255 -6.704590
v -8.227932 158.764511 -6.499267
v -5.998977 147.867767 -7.395026
v -5.821667 148.114960 -7.964687
v -5.415954 148.737823 -8.151337
v -4.998438 149.792496 -8.196964
v -5.009587 150.310150 -8.054713
v -5.343096 150.310715 -7.624091
v -5.456181 150.906494 -7.535028
v -5.438596 151.984848 -7.824308
v -5.665315 152.512177 -7.757524
v -6.011105 152.569107 -7.268034
v -6.586225 154.131195 -6.308333
v -6.533479 153.386078 -5.930637
v -6.201505 153.068115 -7.143075
v -6.294507 153.936951 -7.404959
v -6.479332 154.360962 -7.248446
v -6.601065 154.428741 -6.699146
v -6.589955 154.437424 -5.515747
v -6.534997 153.935883 -5.337229
v -6.587282 154.541245 -6.138116
v -6.577857 154.698410 -5.708699
v -6.885972 154.752182 -5.387307
v -7.255146 154.462952 -5.795657
v -7.351830 154.107056 -5.897683
v -7.169799 153.678268 -5.551413
v -7.672281 154.286789 -6.125241
v -8.005739 154.496490 -6.001901
v -7.976256 154.429504 -5.784488
v -7.785942 154.085297 -5.397172
v -8.050521 154.783371 -5.917150
v -7.984936 155.002914 -5.925659
v -7.965251 155.248550 -6.137528
v -8.124462 155.601593 -6.434520
v -8.276841 155.827164 -6.490488
v -8.338379 155.927536 -6.401957
v -8.293440 155.853027 -6.234707
v -8.071786 155.630997 -5.980007
v -8.365011 156.099884 -6.265240
v -8.183255 156.291077 -6.239859
v -7.995998 156.221893 -6.223939
v -7.826144 156.023315 -6.020750
v -10.156755 144.230927 -7.755412
v -10.126467 144.706039 -8.460779
v -9.556398 145.181229 -8.582045
v -8.546240 145.746078 -8.107256
v -7.911485 146.208511 -8.167538
v -7.605409 146.447067 -8.713407
v -6.929886 146.896103 -8.703588
v -6.042877 147.740112 -8.302957
v -11.658800 143.115295 -7.988989
v -10.604226 143.670746 -7.592228
v -11.835997 141.836044 -6.982535
v -12.132671 142.526642 -7.793619
v -6.022492 140.893295 -2.946779
v -6.739723 140.652527 -2.452747
v -7.417072 140.620010 -2.523291
v -7.984702 140.896774 -3.172297
v -8.688507 140.875732 -3.382860
v -9.404987 140.200272 -3.429430
v -10.032664 139.993668 -3.890914
v -10.629032 140.443787 -4.579317
v -11.350034 140.321594 -4.971215
v -12.462950 139.763351 -4.696261
v -13.404929 139.998978 -4.680221
v -14.033380 140.756531 -5.506435
v -13.622320 141.113174 -6.315784
v -12.305710 141.382217 -6.532447
v -3.817034 155.515839 -10.822140
v -3.308817 155.693130 -11.217007
v -4.446377 156.708786 -10.847862
v -4.181110 155.801544 -10.683130
v -3.899238 155.015594 -10.531037
v -3.643989 154.312393 -10.383905
v -3.347292 154.038101 -10.462109
v -2.915951 154.155380 -10.746986
v -3.439608 153.605438 -10.217578
v -3.305841 152.823090 -10.021687
v -4.006975 151.871033 -9.275471
v -4.111940 150.941620 -9.116796
v -3.467341 152.361252 -9.790028
v -3.827277 152.315582 -9.517761
v -5.538701 148.330399 -8.417288
v -5.164035 148.527695 -8.828299
v -4.379634 150.429367 -8.869480
v -4.691584 150.357391 -8.468816
v -6.900576 144.350174 -13.145141
v -7.728993 143.731659 -14.213264
v -7.579510 143.286407 -15.029393
v -6.354048 143.055191 -15.476172
v -6.086720 140.189972 -17.670948
v -4.470765 139.678848 -17.480730
v -5.996335 142.423920 -16.176590
v -6.575992 141.202728 -17.225561
v -7.806287 145.020309 -11.918889
v -6.956699 144.849350 -12.424939
v -6.777315 146.195908 -10.265813
v -7.731337 145.481995 -11.187593
v -7.177930 146.558792 -9.219962
v -6.638239 146.616226 -9.680310
v -4.722290 136.171249 0.936759
v -5.737043 136.441956 0.704415
v -5.985875 137.072571 0.321200
v -5.502044 137.925827 -0.095179
v -5.703172 138.372955 -0.456138
v -6.530357 138.564850 -0.832000
v -6.650589 138.986191 -1.164286
v -6.112656 139.606369 -1.366754
v -6.179627 140.042557 -1.623588
v -6.809042 140.312057 -2.009606
v -5.242190 156.761780 -10.125360
v -4.812313 157.054016 -10.660459
v -5.806623 158.144791 -9.963287
v -5.567060 157.123947 -9.906843
v -6.360629 158.184174 -9.133929
v -6.084556 158.504364 -9.691004
v -6.744085 159.473480 -8.779696
v -6.569265 158.499847 -8.848179
v -7.018229 159.316849 -7.960382
v -6.904834 159.750641 -8.465009
v -7.247373 160.340668 -7.501267
v -7.120862 159.535141 -7.669075
v -7.234615 158.678986 -7.011261
v -7.119896 158.945694 -7.490890
v -7.581716 157.865128 -6.721862
v -7.451552 157.221329 -6.724852
v -7.269579 157.002838 -6.662498
v -7.142794 157.146362 -6.751114
v -7.160253 157.547821 -6.936961
v -7.236340 158.224564 -6.869423
v -8.400243 158.424210 -6.913820
v -8.293811 158.952911 -7.016838
v -8.439741 159.072906 -7.184870
v -8.529104 158.871582 -7.440063
v -8.660373 158.765137 -7.432495
v -8.809926 158.791641 -7.318297
v -8.892201 158.629471 -7.423118
v -8.820876 158.048615 -7.496615
v -8.808829 157.760590 -7.626570
v -8.445599 157.874435 -7.881367
v -8.158387 157.551926 -7.722437
v -8.079433 156.823273 -7.496363
v -7.961817 156.609604 -7.001788
v -7.585884 156.809418 -6.666811
v -7.948739 156.409668 -6.324018
v -7.706110 156.601761 -6.326553
v -8.135667 156.467194 -6.361111
v -8.239496 156.757950 -6.417885
v -8.396327 156.887421 -6.455125
v -8.545074 156.800491 -6.606650
v -8.590164 157.016144 -6.751027
v -8.526489 157.630157 -6.833741
v -4.743646 150.868927 -8.349958
v -4.673334 151.923462 -8.596631
v -4.869167 152.459824 -8.561748
v -5.269188 152.487701 -8.179940
v -5.514820 152.996429 -8.122815
v -5.647253 153.951614 -8.403768
v -5.918166 154.379623 -8.292128
v -6.227900 154.344009 -7.781747
v -6.770197 155.465469 -6.709561
v -6.648676 154.815582 -6.489912
v -6.432117 154.739731 -7.620815
v -6.587166 155.512482 -7.790126
v -6.752216 155.850708 -7.589478
v -6.839972 155.804932 -7.030996
v -6.933655 155.577652 -5.950672
v -6.777389 155.102478 -5.572416
v -6.840673 155.816177 -6.545288
v -6.938596 155.941498 -6.069355
v -7.215592 155.668015 -6.212518
v -7.538359 155.414627 -6.485396
v -7.614878 155.004318 -6.581212
v -7.542552 154.571457 -6.167420
v -7.978672 155.198349 -6.914001
v -8.375336 155.362579 -6.748674
v -8.321718 155.270935 -6.469705
v -8.126551 154.862686 -6.113338
v -8.368113 155.567856 -6.610212
v -8.236733 155.709213 -6.590003
v -8.362094 155.949173 -6.642524
v -8.478588 156.380600 -6.874310
v -8.487987 156.663132 -6.917136
v -8.560082 156.721832 -6.774209
v -8.556700 156.524231 -6.616413
v -8.433590 156.149857 -6.440380
v -12.304205 143.191788 -8.644595
v -12.247118 143.662018 -9.569343
v -11.576827 144.074219 -9.669829
v -10.553584 144.614975 -9.088737
v -9.946387 145.051666 -9.203695
v -9.619575 145.219803 -9.950477
v -8.912293 145.564453 -9.971080
v -7.899693 146.171509 -9.281468
v -14.276177 142.262177 -8.718683
v -12.870846 142.664291 -8.426361
v -14.580000 141.360504 -6.676809
v -14.985510 141.850952 -8.031759
v -7.459965 140.161514 -2.172313
v -8.094765 139.491745 -2.158818
v -8.772601 139.302719 -2.456750
v -9.407020 139.616898 -3.172999
v -10.091760 139.392365 -3.582052
v -11.054437 138.671783 -3.376152
v -11.975901 138.553879 -3.538164
v -12.725343 139.197021 -4.116408
v -5.311082 156.128479 -9.814672
v -5.005751 155.124451 -9.666946
v -4.611393 154.851135 -9.884748
v -4.246435 155.246353 -10.380388
v -3.983325 153.703079 -9.855721
v -3.705569 153.879990 -10.146642
v -4.505213 154.181885 -9.632092
v -4.159352 153.759338 -9.733522
v -4.048542 153.427902 -9.692294
v -4.003034 152.735367 -9.482903
v -4.164963 152.332535 -9.233879
v -4.504258 152.398575 -8.918919
v -8.630398 144.711578 -12.046799
v -9.518957 144.020905 -12.882980
v -9.614035 143.687790 -13.740040
v -8.690960 143.516815 -14.456243
v -8.582047 143.042923 -15.330962
v -9.466628 142.200531 -16.537600
v -9.200234 141.373108 -17.407007
v -7.662020 140.790970 -17.706215
v -9.162024 145.243790 -10.680284
v -8.550300 145.175018 -11.339368
v -6.763361 136.710434 0.339636
v -7.762729 136.978119 -0.146567
v -7.881348 137.553146 -0.615353
v -7.228768 138.325928 -0.922380
v -7.326336 138.778732 -1.289055
v -8.073483 139.020172 -1.835598
v -6.396383 157.564270 -8.878888
v -6.252093 156.651825 -8.890870
v -6.003845 156.292343 -9.120021
v -5.636241 156.503006 -9.614303
v -7.028528 158.706604 -7.765950
v -6.958962 157.908463 -7.835027
v -6.820077 157.618759 -8.105004
v -6.592664 157.878281 -8.604872
v -7.116105 157.275803 -7.135660
v -7.007950 157.415863 -7.617060
v -7.333478 156.598145 -6.608306
v -7.139757 156.014008 -6.388830
v -6.939863 156.131821 -6.863682
v -7.089446 156.853149 -6.917108
v -8.451806 157.945465 -7.018972
v -8.417462 157.821899 -7.311852
v -8.452726 158.089844 -7.538678
v -8.557939 158.628098 -7.571090
v -8.466189 157.734116 -7.564533
v -8.660497 157.733902 -7.408710
v -8.745792 157.419540 -7.425718
v -8.706096 156.776413 -7.268537
v -8.679243 156.422592 -7.317678
v -8.263658 156.394150 -7.518183
v -8.018929 156.176773 -7.132499
v -7.826935 155.548019 -6.928163
v -8.468650 156.888641 -7.097431
v -8.417564 157.476715 -7.329062
v -4.699411 152.932495 -8.898106
v -4.766288 153.916992 -9.272338
v -5.099624 154.499969 -9.259591
v -5.544607 154.441818 -8.774582
v -5.847288 154.858200 -8.653174
v -6.072121 155.750092 -8.824211
v -6.319796 156.113281 -8.620913
v -6.565155 155.961227 -8.109990
v -6.741724 156.291565 -7.892356
v -6.873928 157.104172 -7.888717
v -8.620469 156.203140 -7.043564
v -8.493518 155.696289 -6.795783
v -8.600383 156.528992 -7.099598
v -8.469677 156.587875 -7.054189
v -15.160573 142.177963 -9.420316
v -15.034760 142.371246 -10.681700
v -14.154945 142.881104 -11.044647
v -12.759624 143.527161 -10.398991
v -11.973227 143.893585 -10.466100
v -11.531864 143.978180 -11.307403
v -10.762350 144.275742 -11.342152
v -9.869520 144.922333 -10.657255
v -8.779719 138.815079 -2.085119
v -9.568058 138.069229 -1.884805
v -10.425848 137.797638 -2.079944
v -11.207970 138.114960 -2.825258
v -10.971811 143.932693 -12.129361
v -10.346606 143.808319 -12.942360
v -10.517454 143.465744 -13.828245
v -11.662743 142.766785 -14.798831
v -11.820478 142.172913 -15.796410
v -10.623973 141.832520 -16.729769
v -8.700686 137.233780 -0.731771
v -9.588901 137.517685 -1.371056
v -14.636168 142.433929 -11.784240
v -14.106734 142.498474 -12.766562
v -13.104981 142.964371 -12.895185
v -11.821926 143.651901 -12.112118
v -13.449673 142.539978 -13.713460
v -12.720875 142.432343 -14.744195
v 0.261346 158.831558 6.766362
v 0.517759 158.611343 6.839928
v 0.750292 158.706055 6.558628
v 0.520372 158.982590 6.562673
v 0.270836 158.117645 7.369484
v 0.506342 157.892426 7.463509
v 0.709114 157.978760 7.180214
v 0.499419 158.247772 7.143291
v 0.606727 159.403687 6.040996
v 0.395601 159.614410 6.133187
v 0.211760 159.488754 6.303203
v 0.460359 159.306870 6.307184
v 1.015950 158.367111 6.172421
v 1.127899 158.021988 6.163057
v 1.249460 157.983414 5.823476
v 1.135083 158.318939 5.820543
v 0.541187 157.549271 7.814749
v 0.315314 157.412064 8.049104
v 0.575289 157.191513 8.158823
v 0.793347 157.313232 7.895908
v 1.126604 157.692902 6.483031
v 1.040776 157.698334 6.838398
v 1.200663 157.371582 6.814260
v 1.237081 157.363571 6.440117
v 0.372972 160.204269 5.967555
v 0.175105 160.080383 6.062706
v 0.351337 159.908920 5.988579
v 0.555748 159.985443 5.818759
v 0.971424 159.231216 4.996784
v 0.871685 159.390717 5.192271
v 0.829847 159.272079 5.497117
v 0.974825 159.087906 5.264165
v 1.640442 157.582855 5.208834
v 1.468228 157.622971 5.485802
v 1.548435 157.389282 5.455459
v 1.723417 157.337585 5.177978
v 1.282053 158.636566 5.041273
v 1.130179 158.747009 5.258522
v 1.199570 158.515472 5.419554
v 1.369397 158.416885 5.158544
v 0.099290 153.986099 6.675688
v 0.283095 153.776413 6.694806
v 0.451741 154.004501 6.778883
v 0.271669 154.198746 6.751857
v 0.081439 154.726822 6.780285
v 0.241236 154.556534 6.765574
v 0.368372 154.732651 6.748163
v 0.190830 154.899307 6.775487
v 0.587362 156.766953 8.406482
v 0.335011 156.561569 8.534224
v 0.560868 156.316589 8.453396
v 0.799394 156.506516 8.336959
v 1.262810 157.078705 7.171569
v 1.189168 157.092957 7.561128
v 1.307122 156.804642 7.499236
v 1.346282 156.788483 7.134407
v 1.487382 157.228836 5.697400
v 1.359290 157.184479 5.998403
v 1.418605 157.004929 5.873574
v 1.555766 157.036987 5.601981
v 0.391946 160.836960 6.268585
v 0.181459 160.691574 6.150742
v 0.391017 160.484024 6.076683
v 0.623981 160.582947 6.185251
v 0.866674 159.665680 5.090340
v 0.953969 159.757782 4.784471
v 0.960533 159.947952 4.990421
v 0.823741 159.849457 5.294785
v 1.228410 159.262817 4.524137
v 1.164278 159.349030 4.552659
v 1.067137 159.236221 4.685257
v 1.155845 159.126831 4.609633
v 1.627641 158.052078 4.961272
v 1.724426 157.778137 4.956958
v 1.936134 157.699615 4.721719
v 1.807392 157.953110 4.724939
v 2.293571 156.927200 4.633605
v 2.047170 157.008743 4.885549
v 2.151120 156.737854 4.857409
v 2.421598 156.659210 4.643879
v 1.439324 158.749741 4.537575
v 1.265676 158.856827 4.627793
v 1.321023 158.699692 4.744419
v 1.482044 158.589447 4.610040
v 0.233569 153.381729 6.802061
v 0.042033 153.171448 6.851806
v 0.188811 153.067734 6.797824
v 0.370312 153.268570 6.809580
v 0.938712 154.168594 6.575694
v 0.783717 153.989716 6.710653
v 0.903342 153.748993 6.627569
v 1.070984 153.906250 6.492857
v 0.279967 155.246933 7.021356
v 0.211002 155.242950 7.207653
v 0.109345 155.166168 7.102160
v 0.185979 155.135773 6.937173
v 0.711232 154.731262 6.641675
v 0.896388 154.542038 6.514316
v 1.006721 154.701813 6.348462
v 0.838296 154.881409 6.501985
v 0.260016 155.826721 8.222642
v 0.405325 155.705902 8.055636
v 0.608758 155.838333 8.087625
v 0.485317 155.958130 8.286270
v 1.128904 156.417404 7.971607
v 1.190465 156.211029 7.788244
v 1.342566 156.280899 7.580968
v 1.289633 156.508804 7.720792
v 1.605487 156.389526 6.756002
v 1.623943 156.428452 6.495447
v 1.503775 156.561432 6.492043
v 1.488203 156.559174 6.777454
v 1.431405 156.636597 6.145826
v 1.519292 156.570358 5.972123
v 1.509939 156.658524 5.780181
v 1.408254 156.768753 5.940749
v 1.755642 156.737640 5.250167
v 1.814876 156.466110 5.169011
v 2.063604 156.301987 5.005220
v 1.981157 156.584427 5.031644
v 0.465407 161.804886 6.487850
v 0.212278 161.558395 6.447002
v 0.408108 161.283752 6.451855
v 0.671556 161.523331 6.509999
v 1.401991 160.711639 6.260411
v 1.128550 160.510620 6.108333
v 1.380478 160.335510 5.846446
v 1.664521 160.477325 6.064250
v 1.260009 159.507446 4.438458
v 1.371507 159.556503 4.386707
v 1.367396 159.669556 4.365446
v 1.178480 159.636703 4.424248
v 1.249682 160.173462 4.963761
v 1.517646 160.115433 4.779922
v 1.679045 160.225128 5.019914
v 1.416017 160.251190 5.251022
v 1.441359 159.336258 4.404717
v 1.382502 159.285751 4.437304
v 1.477566 159.249496 4.416472
v 1.515953 159.294846 4.369289
v 2.644759 157.330902 4.309238
v 2.325106 157.382111 4.467892
v 2.453470 157.122787 4.441319
v 2.766518 157.061050 4.255212
v 2.060635 158.269882 4.493313
v 1.789483 158.325851 4.544415
v 1.907886 158.116196 4.553537
v 2.207728 158.065323 4.488733
v 2.806855 156.303131 4.473157
v 2.887270 156.004730 4.516520
v 3.174515 155.934769 4.351705
v 3.095618 156.231628 4.304390
v 1.714204 158.886902 4.454797
v 1.641386 158.794601 4.470065
v 1.814558 158.714066 4.468973
v 1.865135 158.787018 4.459419
v 0.014323 152.685776 6.590127
v 0.112281 152.638672 6.411861
v 0.260270 152.722000 6.511699
v 0.156906 152.812347 6.658998
v 0.674444 153.276627 6.710355
v 0.768324 153.090836 6.595882
v 0.947435 153.172363 6.564596
v 0.852201 153.390686 6.658638
v 1.448098 153.474060 6.268203
v 1.627186 153.541245 6.139204
v 1.548739 153.789825 6.172553
v 1.353687 153.733109 6.309428
v 0.159426 155.433701 7.683407
v 0.232724 155.353271 7.499401
v 0.384724 155.458633 7.600030
v 0.330272 155.513260 7.792108
v 0.447090 155.550323 6.839013
v 0.405131 155.532333 7.006307
v 0.417066 155.393738 6.927579
v 0.498752 155.411972 6.767498
v 1.256520 154.869507 5.902481
v 1.232472 154.727188 6.036589
v 1.421499 154.652283 5.896656
v 1.413984 154.832321 5.757310
v 0.844063 155.240829 6.342850
v 0.750654 155.391541 6.416291
v 0.686933 155.316330 6.555014
v 0.802309 155.162094 6.474169
v 0.880876 155.882538 7.829250
v 0.949447 155.804611 7.640653
v 1.096115 155.875488 7.551678
v 1.050997 155.980209 7.734440
v 1.483851 156.125534 7.200016
v 1.505060 155.952377 7.064960
v 1.643732 155.969025 6.858569
v 1.604150 156.156830 6.956808
v 1.784877 156.153122 6.148612
v 1.743803 156.233826 5.936781
v 1.670004 156.403091 6.032668
v 1.708315 156.331879 6.230449
v 1.631388 156.498917 5.470270
v 1.657358 156.301849 5.398132
v 1.714294 156.172440 5.248640
v 1.711499 156.382904 5.291564
v 2.392965 155.859100 4.862895
v 2.440969 155.536911 4.871764
v 2.696875 155.450455 4.768251
v 2.671326 155.766724 4.732899
v 0.598860 162.856003 6.107210
v 0.269591 162.593735 6.211401
v 0.534644 162.330246 6.330157
v 0.866959 162.605713 6.255815
v 1.554702 161.765915 6.495173
v 1.191554 161.498245 6.485861
v 1.451925 161.217865 6.440081
v 1.827748 161.469696 6.431925
v 2.246110 160.460129 5.981920
v 2.472518 160.363571 5.684583
v 2.814975 160.493439 5.777931
v 2.604699 160.675598 6.040969
v 1.466349 159.486267 4.393554
v 1.486146 159.399338 4.384711
v 1.567252 159.391373 4.325063
v 1.571496 159.482025 4.373324
v 1.557894 159.807816 4.441946
v 1.712214 159.825867 4.447445
v 1.826955 159.943512 4.517162
v 1.645678 159.933975 4.550267
v 2.142058 160.260513 5.068696
v 2.397154 160.214462 4.953476
v 2.639235 160.236542 5.117464
v 2.397366 160.284698 5.271532
v 1.639372 159.173462 4.402786
v 1.728040 159.062576 4.429795
v 1.910223 159.078064 4.391176
v 1.815466 159.174210 4.349435
v 1.689659 159.306335 4.204177
v 1.652914 159.305176 4.147423
v 1.581196 159.323761 4.220388
v 1.591835 159.313782 4.254973
v 2.720614 157.808258 4.402584
v 2.882786 157.558731 4.318870
v 3.298786 157.553040 4.251691
v 3.118008 157.798965 4.355341
v 3.598097 156.702896 3.986711
v 3.229101 156.742386 4.117250
v 3.322162 156.457306 4.120057
v 3.667019 156.408722 3.954888
v 2.270518 158.508438 4.460608
v 2.062114 158.540527 4.466538
v 2.185830 158.399292 4.469605
v 2.440576 158.372528 4.453392
v 3.503997 155.550980 4.200450
v 3.523742 155.229004 4.254985
v 3.796671 155.154343 3.991700
v 3.793807 155.481613 3.963731
v 2.510089 158.634201 4.481483
v 2.325235 158.744659 4.460181
v 2.142295 158.725143 4.462278
v 2.307664 158.619598 4.465890
v -0.000171 152.616669 5.930436
v 0.105512 152.694321 5.740021
v 0.207344 152.609253 5.893240
v 0.101807 152.577805 6.098153
v 0.496521 152.725082 6.427616
v 0.586168 152.630539 6.256868
v 0.750303 152.722107 6.315777
v 0.676753 152.824738 6.479524
v 1.198041 153.066010 6.403347
v 1.265936 152.914169 6.302363
v 1.433118 152.973236 6.246573
v 1.364139 153.143784 6.331665
v 1.913549 153.361710 5.958951
v 1.971632 153.158585 5.898252
v 2.164723 153.184952 5.746579
v 2.116696 153.378555 5.819059
v 1.657185 154.368393 5.894836
v 1.709198 154.093689 5.986330
v 1.928774 154.093628 5.833178
v 1.849474 154.346588 5.727332
v 0.471399 155.621521 7.476545
v 0.348820 155.659683 7.295952
v 0.326847 155.830399 7.389409
v 0.500788 155.791229 7.525890
v 0.552463 155.869324 6.570897
v 0.437375 156.018463 6.602719
v 0.345190 155.921280 6.799819
v 0.450376 155.755157 6.718934
v 1.455221 155.144791 6.215512
v 1.286300 155.084076 6.189892
v 1.315900 155.020981 6.030272
v 1.497646 155.090057 6.035161
v 1.547929 155.232697 5.420580
v 1.543689 155.023941 5.481743
v 1.696358 155.054688 5.341098
v 1.653122 155.287018 5.263342
v 1.076025 155.266296 6.328688
v 0.951020 155.340347 6.227756
v 0.965172 155.225479 6.228317
v 1.101925 155.172333 6.270543
v 0.679682 155.713699 6.098366
v 0.540302 155.867722 5.940831
v 0.671670 155.843140 6.284134
v 0.740750 155.663040 6.322636
v 0.782140 155.877899 7.323932
v 0.891105 155.782227 7.310412
v 0.854430 155.741791 7.478597
v 0.727060 155.790588 7.465841
v 1.269415 155.808487 7.240009
v 1.287210 155.706253 7.066113
v 1.397313 155.668579 6.941885
v 1.392814 155.802902 7.093444
v 1.765257 155.617752 6.429530
v 1.826070 155.655472 6.202391
v 1.830063 155.870712 6.291872
v 1.789189 155.813339 6.534257
v 1.716860 156.097305 5.653863
v 1.750423 155.869965 5.573007
v 1.715987 155.930008 5.418547
v 1.681016 156.139420 5.485510
v 1.768860 155.841202 5.150924
v 1.725851 155.770065 5.236804
v 1.756657 155.562546 5.164362
v 1.871937 155.610764 5.080884
v 2.163659 155.082214 5.054617
v 2.305584 155.027466 4.964275
v 2.266371 155.310501 4.937606
v 2.105595 155.353851 5.009783
v 2.948379 155.054092 4.663091
v 2.950480 154.741562 4.696719
v 3.223299 154.647766 4.536010
v 3.226898 154.972717 4.495909
v 0.703332 164.164536 5.893713
v 0.318524 163.799286 5.910192
v 0.648071 163.460846 5.973406
v 1.027943 163.802948 5.889815
v 1.890218 162.931519 6.121479
v 1.489806 162.646896 6.311650
v 1.735125 162.354599 6.402363
v 2.149203 162.613785 6.208453
v 2.861791 161.631897 6.100070
v 2.487663 161.416748 6.263314
v 2.718998 161.159500 6.106361
v 3.074636 161.374847 5.943978
v 3.328747 160.490662 5.520005
v 3.519315 160.339706 5.324685
v 3.825746 160.392426 5.263479
v 3.656341 160.595444 5.444245
v 1.601707 159.380997 4.204301
v 1.667830 159.423630 4.167794
v 1.717016 159.439194 4.196788
v 1.628445 159.398804 4.230030
v 1.732484 159.607773 4.383409
v 1.892055 159.610382 4.377701
v 1.970895 159.740494 4.429737
v 1.788917 159.734558 4.415638
v 2.169159 160.121521 4.610497
v 2.384805 160.160507 4.616584
v 2.612618 160.157272 4.751383
v 2.400054 160.169907 4.755238
v 3.134576 160.179855 5.121824
v 3.340466 160.079132 5.047822
v 3.604064 160.106995 5.045926
v 3.416875 160.194183 5.177142
v 2.555037 158.881927 4.455678
v 2.388896 158.980286 4.423583
v 2.208111 158.979507 4.420137
v 2.357115 158.876480 4.452655
v 2.035683 159.207001 4.164912
v 1.962636 159.223175 4.068924
v 1.833613 159.264481 4.156329
v 1.896983 159.232834 4.246928
v 1.867993 159.243439 4.050093
v 1.866226 159.246109 4.071922
v 1.769374 159.283005 4.117689
v 1.766819 159.268234 4.078111
v 4.306889 157.282227 3.777527
v 3.854937 157.280411 4.011747
v 3.935084 156.974899 3.920397
v 4.370101 156.957138 3.726249
v 3.541526 158.122879 4.290703
v 3.226979 158.253723 4.376286
v 2.951498 158.214417 4.431238
v 3.232605 158.043671 4.359036
v 4.054688 156.055786 3.723253
v 4.075206 155.740814 3.697535
v 4.367563 155.678055 3.408297
v 4.379483 155.999054 3.460883
v 4.038575 154.738327 3.702539
v 3.989418 154.400436 3.720142
v 4.234660 154.308121 3.382411
v 4.297415 154.653809 3.376535
v 3.443412 158.525604 4.402953
v 3.187295 158.611191 4.475783
v 2.959287 158.555725 4.487955
v 3.209043 158.444656 4.434956
v 0.047956 153.345291 5.449215
v 0.259603 153.691299 5.411423
v 0.328418 153.313477 5.401421
v 0.143486 153.043320 5.462597
v 0.419105 152.595963 5.828911
v 0.528050 152.652832 5.627308
v 0.631754 152.587112 5.757162
v 0.548634 152.589355 5.964559
v 0.978693 152.683975 6.199450
v 1.029899 152.594940 6.046274
v 1.202294 152.600540 6.084663
v 1.161514 152.700272 6.236575
v 1.681861 152.741776 5.952408
v 1.846073 152.757050 5.866177
v 1.810359 152.912003 5.964899
v 1.645846 152.874222 6.068867
v 2.383144 153.018646 5.539996
v 2.389504 152.832748 5.487935
v 2.561386 152.844299 5.350534
v 2.559700 153.013016 5.411479
v 2.192728 153.832474 5.707714
v 2.245853 153.595566 5.693944
v 2.434609 153.581192 5.531300
v 2.377611 153.811874 5.536311
v 1.922961 154.846039 5.351035
v 1.982334 154.598557 5.463531
v 2.160005 154.591522 5.335241
v 2.086494 154.845352 5.237294
v 0.240944 156.033783 7.046166
v 0.252420 156.171097 7.054194
v 0.321559 156.149063 7.218299
v 0.269295 156.016495 7.235295
v 0.620162 156.625244 6.041790
v 0.794249 156.560486 6.372587
v 0.507640 156.646988 6.396795
v 0.404063 156.442078 6.263297
v 1.484876 155.498123 6.668656
v 1.424559 155.382019 6.557925
v 1.518814 155.317551 6.426014
v 1.600752 155.455566 6.516591
v 1.785882 155.549591 5.682667
v 1.802282 155.479645 5.897051
v 1.690957 155.259506 5.840722
v 1.683736 155.330582 5.626210
v 1.162833 155.498474 6.615551
v 1.093714 155.513748 6.486186
v 1.143931 155.363373 6.459807
v 1.243259 155.383072 6.558414
v 0.942540 155.687836 6.057992
v 0.927020 155.653244 5.652814
v 0.745048 155.589630 5.909048
v 0.833375 155.543152 6.090176
v 0.710856 156.465683 5.571541
v 0.519856 156.105362 5.508523
v 0.878034 155.948151 5.411113
v 1.055161 156.235519 5.634665
v 0.559393 156.212143 7.230363
v 0.647119 156.273041 7.075934
v 0.776082 156.132080 7.041395
v 0.726536 156.074905 7.193379
v 1.044555 155.733627 7.068311
v 1.044222 155.743149 6.890684
v 1.137634 155.632507 6.828258
v 1.164700 155.667984 6.997414
v 2.533772 154.660492 4.932178
v 2.628576 154.395691 4.961528
v 2.810222 154.275558 4.836025
v 2.726021 154.548447 4.822114
v 3.483094 154.240387 4.354227
v 3.461689 153.936920 4.365505
v 3.692131 153.840042 4.125508
v 3.720292 154.155411 4.085742
v 0.827224 165.885132 5.586406
v 0.378478 165.434616 5.748862
v 0.765335 164.971222 5.826022
v 1.212353 165.392517 5.681944
v 2.156524 164.147217 5.629431
v 1.725577 163.812851 5.766987
v 2.013551 163.512177 5.817558
v 2.435187 163.816513 5.628612
v 3.192846 162.776245 5.700049
v 2.793606 162.508606 6.019699
v 3.014910 162.135315 5.979196
v 3.413319 162.389755 5.674980
v 3.647117 161.276947 5.594961
v 3.822739 160.979324 5.446939
v 4.195290 161.097412 5.260415
v 4.025681 161.418381 5.375085
v 4.247349 160.277176 4.954373
v 4.336229 160.149429 4.759155
v 4.568016 160.154312 4.592356
v 4.518775 160.293930 4.790373
v 1.738894 159.389755 4.130309
v 1.811254 159.435104 4.088541
v 1.797934 159.462799 4.068554
v 1.720673 159.434219 4.112273
v 1.872342 159.487976 4.193296
v 1.972418 159.503281 4.120461
v 2.084687 159.557602 4.232149
v 1.962044 159.530579 4.270443
v 2.459280 159.831573 4.604193
v 2.605905 159.965866 4.695187
v 2.407828 160.039719 4.584902
v 2.279461 159.864899 4.517138
v 3.032056 160.033264 4.860168
v 3.245844 160.002502 4.850177
v 3.468788 159.943726 4.851820
v 3.272938 159.989960 4.929485
v 4.008601 160.035019 4.838170
v 4.147268 159.928406 4.702936
v 4.334792 159.920334 4.586376
v 4.218152 160.029892 4.731235
v 3.401889 158.791260 4.441280
v 3.174322 158.828278 4.464212
v 2.965776 158.807510 4.489581
v 3.185083 158.737396 4.487670
v 2.587109 159.056595 4.344573
v 2.417975 159.152649 4.235018
v 2.273402 159.167038 4.248699
v 2.414574 159.073090 4.360951
v 2.154273 159.214539 4.066984
v 2.112364 159.208984 4.055998
v 1.997737 159.216919 4.042171
v 2.040489 159.221725 4.054427
v 2.027235 159.224716 4.038515
v 2.017578 159.246277 4.038346
v 1.976155 159.269760 4.075791
v 1.956278 159.237671 4.067851
v 5.033149 157.892563 3.152314
v 4.686816 157.871368 3.489156
v 4.704772 157.590347 3.497627
v 5.121077 157.618713 3.179469
v 5.177962 156.557175 3.102584
v 4.790369 156.589874 3.388656
v 4.759616 156.256180 3.288771
v 5.137589 156.189377 3.036284
v 4.498777 158.338028 3.644104
v 4.218290 158.343491 3.863087
v 4.068496 158.158997 3.979614
v 4.409067 158.122345 3.754106
v 4.670080 155.268631 3.116586
v 4.607051 154.923782 3.068023
v 4.884392 154.832932 2.756251
v 4.987093 155.192474 2.828553
v 4.347992 153.856674 3.009264
v 4.244775 153.493576 3.037394
v 4.445003 153.346100 2.618861
v 4.532447 153.736267 2.611727
v 4.268757 158.688400 3.907920
v 4.077574 158.704956 4.112319
v 3.900862 158.576080 4.186308
v 4.130897 158.538040 3.994010
v 0.296023 147.658798 4.313888
v 0.052970 147.559357 4.026179
v 0.267547 147.487823 3.684502
v 0.507777 147.589188 3.990956
v 0.333565 148.110184 5.225449
v 0.081420 147.945282 5.036335
v 0.320180 147.829910 4.814069
v 0.576037 147.971298 5.009807
v 0.317572 155.589600 1.199869
v 0.898612 155.583893 0.338693
v 1.174887 155.543625 1.593362
v 0.637810 155.495331 2.253297
v 0.226385 155.231766 4.659359
v 0.538661 155.323883 3.929539
v 0.822419 155.129303 4.756872
v 0.469087 154.724182 5.157319
v 0.585110 153.252792 5.325000
v 0.837452 153.495346 5.231809
v 0.819347 153.178558 5.224434
v 0.606106 152.966049 5.341957
v 0.831921 152.571823 5.666931
v 0.935791 152.594955 5.467607
v 1.027856 152.518341 5.572345
v 0.948627 152.550858 5.774126
v 1.400719 152.560440 5.932497
v 1.420299 152.462311 5.788815
v 1.572845 152.488266 5.756449
v 1.555878 152.599838 5.892939
v 2.029113 152.640137 5.653738
v 2.031182 152.525162 5.542305
v 2.177636 152.515640 5.447636
v 2.192769 152.644592 5.540402
v 2.643729 152.477844 5.114955
v 2.811169 152.439178 4.998314
v 2.872419 152.598221 5.039353
v 2.706366 152.646301 5.168290
v 2.693577 153.153824 5.300235
v 2.864237 153.103439 5.141636
v 2.817640 153.290787 5.154256
v 2.654435 153.340683 5.333086
v 2.492999 154.026581 5.340216
v 2.657282 153.967957 5.162542
v 2.572904 154.225403 5.131411
v 2.408775 154.288818 5.281577
v 0.416193 156.546539 6.720283
v 0.497701 156.472580 6.898415
v 0.306907 156.394119 6.872237
v 0.915438 156.066406 6.837542
v 0.945756 156.168091 6.666370
v 1.008429 156.000626 6.627802
v 0.992970 155.929123 6.785983
v 1.070888 155.902664 6.421960
v 1.099951 155.954086 6.230230
v 1.056926 155.790634 6.241156
v 1.058178 155.731964 6.384649
v 3.099046 153.902466 4.695228
v 3.177970 153.674652 4.671764
v 3.328189 153.542267 4.512377
v 3.274186 153.779388 4.538203
v 3.870139 153.417862 3.897211
v 3.805667 153.120789 3.948628
v 3.961885 152.959244 3.641342
v 4.015898 153.282288 3.533840
v 0.952461 167.806763 4.492234
v 0.454277 167.381561 4.891434
v 0.887264 166.837540 5.125214
v 1.379392 167.245102 4.759301
v 2.491649 165.672195 5.147453
v 2.026447 165.320282 5.484718
v 2.336559 164.875626 5.484539
v 2.808802 165.212067 5.199080
v 3.533835 163.973434 5.032292
v 3.112801 163.736984 5.353085
v 3.359836 163.374847 5.356342
v 3.760653 163.581818 5.003757
v 4.357036 162.345535 4.890211
v 4.025365 162.224380 5.285428
v 4.226857 161.869537 5.207948
v 4.539009 161.962585 4.821976
v 4.680785 160.861389 4.900357
v 4.751858 160.541473 4.757019
v 5.028905 160.582428 4.498255
v 4.993875 160.929626 4.599124
v 4.805700 160.023102 4.219435
v 4.817729 159.879227 4.081105
v 4.972747 159.833038 3.850464
v 5.004256 160.002335 3.991602
v 1.937133 159.417801 4.018869
v 1.894655 159.471558 4.021975
v 1.881229 159.421707 4.042765
v 1.943371 159.366531 4.055102
v 1.880277 159.523132 4.028500
v 1.967003 159.562790 4.029305
v 2.073100 159.576126 4.052599
v 1.968898 159.535507 4.040861
v 2.448879 159.719162 4.370530
v 2.623308 159.777634 4.540874
v 2.475344 159.743835 4.517549
v 2.312878 159.662460 4.354471
v 3.017564 159.963303 4.849991
v 3.216593 159.852310 4.860391
v 3.450561 159.887909 4.826772
v 3.241623 160.009933 4.837678
v 3.892902 159.870773 4.691810
v 4.051813 159.878860 4.562221
v 4.219543 159.810257 4.489742
v 4.088822 159.860229 4.648479
v 4.584884 159.805130 4.304626
v 4.635733 159.741135 4.175226
v 4.731616 159.715866 4.042349
v 4.711660 159.788101 4.145084
v 4.175097 158.968994 4.080305
v 3.998120 158.933273 4.194167
v 3.832635 158.846863 4.291241
v 4.030811 158.850159 4.180824
v 3.367681 158.919342 4.330745
v 3.158865 158.941467 4.338524
v 2.954836 158.946671 4.376596
v 3.163617 158.886948 4.408004
v 2.552535 159.066330 4.217947
v 2.384673 159.104950 4.150610
v 2.282969 159.166641 4.119470
v 2.409679 159.144180 4.186403
v 2.164236 159.193756 4.062926
v 2.208622 159.174881 4.056348
v 2.194193 159.188004 4.059556
v 2.139622 159.198380 4.059786
v 2.178108 159.209091 4.062842
v 2.176010 159.226028 4.061094
v 2.112131 159.278351 4.062670
v 2.106027 159.243134 4.061502
v 5.414688 158.575500 2.563596
v 5.191193 158.488327 2.834857
v 5.244522 158.196350 2.821797
v 5.511021 158.298401 2.535271
v 5.880102 157.428314 2.461314
v 5.568834 157.343719 2.851465
v 5.591257 156.966446 2.826923
v 5.909769 157.056778 2.412155
v 5.414418 155.802841 2.628669
v 5.342606 155.468216 2.552710
v 5.614461 155.418381 2.162095
v 5.718191 155.803070 2.232647
v 4.989646 158.854156 3.033047
v 4.804020 158.765686 3.231828
v 4.773916 158.554626 3.287339
v 4.975019 158.643631 3.060932
v 5.010285 154.367950 2.341228
v 4.875671 153.985718 2.288377
v 5.102997 153.860397 1.916916
v 5.225751 154.271347 1.955325
v 4.615887 152.732880 2.288735
v 4.563466 152.283096 2.367254
v 4.820341 152.051941 1.928130
v 4.886272 152.532745 1.896995
v 4.671604 159.062119 3.362278
v 4.555701 159.023087 3.556424
v 4.509384 158.858627 3.609599
v 4.648201 158.892807 3.390907
v 0.260112 147.298477 3.005639
v 0.075492 147.198151 2.688523
v 0.273779 147.148285 2.372361
v 0.454084 147.211716 2.666439
v 1.220277 147.673584 4.158467
v 0.952373 147.587173 3.915323
v 1.125054 147.534348 3.532136
v 1.392072 147.623184 3.797329
v 0.308211 148.977783 5.712696
v 0.079751 148.752167 5.602236
v 0.332291 148.513565 5.530570
v 0.564626 148.737198 5.644598
v 1.320846 148.169785 5.112192
v 1.069598 147.979309 4.958911
v 1.299834 147.847412 4.696578
v 1.561856 148.023743 4.870075
v 0.579737 154.453369 -3.372050
v 1.248996 153.214615 -3.849524
v 2.124763 154.174515 -2.881416
v 1.233554 155.069229 -2.009146
v 1.860429 155.353516 2.413392
v 2.581049 155.102768 2.522409
v 2.341209 154.948364 3.445489
v 1.886229 155.224945 3.430766
v 1.256400 154.786682 4.750985
v 1.585749 154.946793 4.432559
v 1.526505 154.377869 4.691526
v 1.209165 154.197662 4.961732
v 1.043512 153.094009 5.116862
v 1.306885 153.272552 4.967223
v 1.256582 153.006561 4.994896
v 1.033392 152.848694 5.168343
v 1.213050 152.473572 5.458264
v 1.309112 152.511185 5.244706
v 1.386859 152.434067 5.327980
v 1.325048 152.446381 5.543516
v 1.749319 152.340485 5.421889
v 1.898023 152.315643 5.359207
v 1.900490 152.421432 5.508745
v 1.747137 152.412888 5.566088
v 2.296220 152.406494 5.241289
v 2.274802 152.342896 5.131572
v 2.394649 152.311356 5.045582
v 2.433096 152.380768 5.143906
v 2.874679 152.273376 4.819028
v 2.793689 152.196487 4.757047
v 2.901509 152.134796 4.667289
v 2.986779 152.205734 4.711266
v 3.052373 152.852875 4.961488
v 3.051743 152.684265 4.935163
v 3.200714 152.586578 4.796845
v 3.202580 152.756485 4.803192
v 2.904294 153.655167 5.000810
v 2.948556 153.431122 4.988771
v 3.147530 153.346313 4.837998
v 3.084796 153.567215 4.826817
v 3.487499 153.166962 4.312784
v 3.516581 152.943329 4.316610
v 3.612444 152.778961 4.158533
v 3.604480 153.011856 4.152014
v 4.079584 152.430222 3.414911
v 4.036874 152.134323 3.542097
v 4.194315 151.817169 3.158268
v 4.269955 152.141037 2.975421
v 1.028447 169.356781 2.233837
v 0.493632 169.093826 2.941044
v 0.993368 168.663483 3.521148
v 1.516318 168.929901 2.867957
v 2.758010 167.301071 4.001144
v 2.264757 167.027740 4.506981
v 2.613279 166.474655 4.619359
v 3.103487 166.746231 4.146974
v 3.943161 165.238724 4.308112
v 3.515676 165.032196 4.779278
v 3.744490 164.602814 4.732522
v 4.157965 164.781860 4.286162
v 4.723809 163.444305 4.160592
v 4.355523 163.325668 4.589463
v 4.527667 162.872437 4.546658
v 4.868481 162.957352 4.116933
v 5.008260 161.645020 4.372391
v 5.165619 161.292465 4.315674
v 5.397400 161.288544 3.924721
v 5.250769 161.648956 3.964653
v 5.286967 160.343872 4.053544
v 5.240978 160.121216 3.892835
v 5.417487 160.038315 3.583837
v 5.495593 160.306290 3.732324
v 5.026954 159.544693 3.517588
v 4.914692 159.497696 3.499027
v 4.955758 159.396774 3.309359
v 5.089334 159.423462 3.300013
v 2.059522 159.390533 4.049443
v 2.071543 159.455261 4.033497
v 2.041061 159.499435 4.032061
v 2.004310 159.434128 4.040508
v 1.945781 159.540863 4.019803
v 2.038952 159.588562 4.025176
v 2.065470 159.615952 4.022575
v 1.995753 159.574524 4.029731
v 2.218009 159.662231 4.153856
v 2.289395 159.773865 4.191463
v 2.516142 159.826691 4.314554
v 2.377041 159.706970 4.265305
v 3.163947 159.796463 4.667078
v 3.389081 159.759354 4.693259
v 3.193572 159.787582 4.783151
v 2.984823 159.806229 4.709665
v 3.852866 159.805115 4.648250
v 3.997050 159.681442 4.515547
v 4.173244 159.714874 4.423019
v 4.039053 159.850494 4.554000
v 4.467729 159.736359 4.235214
v 4.550500 159.722580 4.064808
v 4.638484 159.670181 4.001659
v 4.587399 159.711700 4.153647
v 4.787340 159.633728 3.850454
v 4.736976 159.618896 3.840133
v 4.770223 159.572250 3.677671
v 4.827563 159.565491 3.683677
v 4.541831 159.274734 3.602215
v 4.447561 159.224701 3.736671
v 4.396180 159.125565 3.838696
v 4.498644 159.154373 3.684768
v 4.072750 159.070282 4.056102
v 3.900793 159.033310 4.121672
v 3.765507 158.967148 4.209235
v 3.949100 158.986984 4.162879
v 3.303112 158.804977 4.219835
v 3.055073 158.753723 4.215639
v 2.911033 158.912170 4.260305
v 3.137877 158.916946 4.293497
v 2.317434 159.074234 4.082570
v 2.274223 159.114670 4.081181
v 2.347305 159.072006 4.111832
v 2.391070 159.020172 4.100117
v 2.215519 159.141769 4.022416
v 2.202270 159.183472 4.043999
v 2.210593 159.172958 4.044976
v 2.230401 159.133133 4.033426
v 2.106083 159.221756 3.963618
v 2.126123 159.277344 4.004587
v 2.166893 159.225174 4.029385
v 2.143980 159.190842 3.986849
v 5.649044 159.181213 2.415936
v 5.474593 159.060120 2.533710
v 5.544969 158.892136 2.436908
v 5.702731 159.014008 2.256437
v 6.053485 158.304779 1.896199
v 5.882486 158.150787 2.211816
v 6.007924 157.858902 2.131075
v 6.175125 158.013809 1.766795
v 6.363520 156.933075 1.383623
v 6.158340 156.778488 1.896601
v 6.101878 156.302582 1.839892
v 6.293481 156.439987 1.283018
v 5.660095 154.993637 1.647184
v 5.526868 154.596298 1.585400
v 5.674277 154.537079 1.140141
v 5.786812 154.961639 1.177315
v 5.267766 159.188873 2.875527
v 5.113796 159.149323 2.967854
v 5.141001 159.053741 2.898301
v 5.301016 159.100616 2.775462
v 5.206372 153.292191 1.470601
v 5.168353 152.826172 1.468554
v 5.367669 152.669769 1.028779
v 5.430546 153.148209 1.061969
v 4.996830 151.352905 1.438565
v 4.935008 150.839355 1.380925
v 5.137226 150.725632 0.845965
v 5.215782 151.206940 0.927047
v 4.893453 159.291779 3.239889
v 4.798032 159.297882 3.333786
v 4.803124 159.214050 3.251501
v 4.934596 159.213058 3.148052
v 0.291024 147.183746 1.809515
v 0.146114 147.107361 1.588334
v 0.340845 146.869965 1.481745
v 0.463606 147.093628 1.552507
v 1.055064 147.339859 2.878071
v 0.835381 147.226196 2.602283
v 0.994709 147.195999 2.239299
v 1.211970 147.283676 2.499471
v 2.097040 147.894852 3.886825
v 1.824648 147.730179 3.661192
v 1.956373 147.720062 3.264870
v 2.229443 147.889771 3.504477
v 0.254183 149.956848 5.740902
v 0.061117 149.718719 5.722538
v 0.282819 149.461319 5.733969
v 0.472663 149.694244 5.724493
v 1.216208 149.023056 5.538157
v 1.044314 148.758499 5.576147
v 1.299368 148.574081 5.409079
v 1.478374 148.840820 5.407781
v 2.207731 148.434235 4.806953
v 2.013513 148.164398 4.727599
v 2.205189 148.104980 4.424992
v 2.409617 148.368790 4.534054
v 0.385214 150.581955 -4.412696
v 0.974921 149.901794 -4.133997
v 1.572674 150.599289 -3.958559
v 1.082213 151.349487 -4.284486
v 3.240148 153.233047 -1.906815
v 3.149283 152.237823 -2.069188
v 3.367847 152.454498 -1.138373
v 3.365887 153.267960 -0.694530
v 3.065280 154.256454 1.845072
v 3.263885 153.760956 0.970752
v 3.122288 153.429306 1.653974
v 2.982275 153.781204 2.356869
v 1.786844 154.116547 4.538564
v 2.123036 154.282486 4.150669
v 2.070947 153.912003 4.265641
v 1.735439 153.765701 4.646779
v 1.440339 152.915863 4.842216
v 1.701208 153.029404 4.610341
v 1.601002 152.817368 4.686467
v 1.404940 152.718643 4.922927
v 1.558873 152.397430 5.178880
v 1.637870 152.427185 4.951252
v 1.719061 152.356461 5.008358
v 1.665547 152.358017 5.228073
v 2.045046 152.255981 5.152946
v 2.040641 152.221329 5.029611
v 2.152946 152.224503 4.990896
v 2.156049 152.277969 5.103917
v 2.449116 152.193481 4.811536
v 2.527532 152.163025 4.753229
v 2.582304 152.183762 4.792495
v 2.477374 152.217239 4.875471
v 2.869684 151.978683 4.626227
v 2.752091 151.957458 4.674529
v 2.793004 151.838425 4.679827
v 2.917363 151.852554 4.606272
v 3.248248 152.332718 4.639439
v 3.168756 152.209259 4.631118
v 3.246238 152.087357 4.522072
v 3.339331 152.203827 4.527704
v 3.318037 153.018341 4.663140
v 3.335024 152.822815 4.666769
v 3.435648 152.689514 4.505540
v 3.436420 152.884079 4.503512
v 3.722448 152.375839 4.050056
v 3.693136 152.172516 4.096827
v 3.793808 151.943054 3.950486
v 3.854579 152.150330 3.888469
v 4.145343 151.209045 3.038335
v 4.012935 151.034637 3.274299
v 4.027311 150.666992 3.068143
v 4.167061 150.795319 2.773493
v 1.142052 170.252945 -0.930119
v 0.529904 170.143158 -0.066590
v 1.077582 169.878571 0.726694
v 1.679753 169.982483 -0.105780
v 3.046128 168.740082 1.983873
v 2.492375 168.617889 2.716140
v 2.894161 168.071442 3.149080
v 3.428715 168.200104 2.472621
v 4.332061 166.499283 3.153472
v 3.869775 166.391708 3.705951
v 4.123697 165.873276 3.762205
v 4.559994 165.968369 3.223795
v 5.144730 164.499710 3.261881
v 4.757570 164.444962 3.777134
v 4.936091 163.982330 3.745378
v 5.306319 164.013367 3.239877
v 5.473180 162.519241 3.094448
v 5.245270 162.510376 3.597910
v 5.322896 162.046066 3.557369
v 5.512098 162.031219 3.074919
v 5.672682 160.901337 3.473436
v 5.697904 160.556061 3.438390
v 5.804240 160.458908 3.049338
v 5.780962 160.816116 3.058819
v 5.411179 159.669464 3.154819
v 5.295313 159.444321 3.115607
v 5.353367 159.362320 2.935227
v 5.491942 159.547394 2.933624
v 2.015171 159.471573 3.911173
v 2.029880 159.517776 3.939000
v 2.072587 159.463898 3.994097
v 2.072723 159.407257 3.980445
v 2.057818 159.577988 4.015195
v 2.057983 159.623169 3.984427
v 2.062669 159.650223 3.993552
v 2.062686 159.599869 4.012522
v 2.120714 159.716736 4.060538
v 2.131408 159.764648 4.065343
v 2.216252 159.841476 4.116785
v 2.195683 159.786469 4.115945
v 3.063631 160.046021 4.486000
v 3.315532 159.936508 4.520577
v 3.125077 159.838257 4.583915
v 2.887757 159.911270 4.497279
v 3.939029 159.623642 4.434625
v 3.756673 159.666733 4.510514
v 3.893126 159.636124 4.336275
v 4.059129 159.581116 4.261568
v 4.533674 159.663849 4.050807
v 4.412689 159.628616 4.166901
v 4.469359 159.503937 3.996612
v 4.584339 159.527115 3.903040
v 4.743209 159.485992 3.606828
v 4.685829 159.442322 3.675690
v 4.675871 159.347076 3.567538
v 4.739505 159.377350 3.515888
v 4.336986 159.288879 3.740723
v 4.292698 159.210968 3.842532
v 4.406901 159.255386 3.738929
v 4.432123 159.331070 3.653412
v 3.914292 158.762070 3.889452
v 3.725635 158.820740 4.093065
v 3.887628 158.989212 4.069629
v 4.056146 158.960495 3.907091
v 2.923750 158.532257 3.985302
v 2.790252 158.651993 4.060829
v 2.941259 158.636017 4.103162
v 2.330257 159.009796 4.030408
v 2.281592 159.071625 4.041260
v 2.314713 159.059341 4.061305
v 2.360994 159.004822 4.055721
v 2.573207 158.811905 4.058673
v 2.489673 158.840820 4.030700
v 2.444288 158.929825 4.062038
v 2.483633 158.915955 4.081822
v 2.133348 159.060349 3.899881
v 2.165806 159.123047 3.967779
v 2.203165 159.100143 3.982908
v 2.199092 159.025940 3.930299
v 1.933448 159.214157 3.705201
v 1.932892 159.304688 3.763124
v 1.999681 159.208115 3.839444
v 2.008927 159.134552 3.799360
v 5.836098 159.977356 2.702518
v 5.718116 159.674393 2.725056
v 5.765409 159.541351 2.496917
v 5.890728 159.826843 2.412987
v 6.065032 159.236420 1.685504
v 5.950477 158.991272 1.910578
v 6.065212 158.759705 1.746140
v 6.160855 159.000015 1.471823
v 6.517210 158.182983 0.788526
v 6.393261 157.906799 1.212924
v 6.480854 157.562759 1.006181
v 6.605651 157.854141 0.489961
v 6.033611 155.435791 0.681864
v 6.158026 155.402756 0.154771
v 6.267960 155.936981 0.057364
v 6.190694 155.974731 0.650956
v 5.683863 153.502823 0.665852
v 5.838954 153.379272 0.214292
v 5.917943 153.876633 0.245540
v 5.772076 153.986603 0.693493
v 5.462318 151.548615 0.474360
v 5.622202 151.404388 -0.030523
v 5.671238 151.884171 0.037930
v 5.499474 152.033905 0.520330
v 4.436568 149.953384 2.058339
v 4.605711 149.949249 1.608654
v 4.679368 150.398758 1.771816
v 4.435677 150.405945 2.210473
v 4.912038 149.800171 -0.066006
v 4.937878 149.810104 -0.614867
v 5.204248 150.122971 -0.440461
v 5.145103 150.173508 0.143807
v 0.407370 146.342758 1.324106
v 0.233633 146.005920 1.252660
v 0.441988 145.652695 1.038036
v 0.611770 146.050186 1.128455
v 0.939191 147.194016 1.654018
v 0.779299 147.105179 1.457017
v 0.969613 146.884338 1.269491
v 1.074273 147.114975 1.339636
v 1.825407 147.523041 2.613744
v 1.577164 147.380127 2.364870
v 1.690034 147.372375 1.969948
v 1.925982 147.527695 2.203882
v 2.812748 148.362244 3.503776
v 2.579775 148.124176 3.318168
v 2.669448 148.146439 2.912133
v 2.908861 148.379654 3.116673
v 0.209386 150.754395 5.816489
v 0.041559 150.610779 5.731144
v 0.227975 150.418976 5.682563
v 0.387674 150.575592 5.712588
v 0.985440 149.880997 5.519152
v 0.861832 149.674805 5.616518
v 1.109801 149.458038 5.564995
v 1.218516 149.672348 5.446695
v 1.956356 149.207489 5.140291
v 1.858986 148.949265 5.198230
v 2.106508 148.824814 5.033539
v 2.199619 149.105057 4.989039
v 2.848206 148.908676 4.315663
v 2.730736 148.626282 4.294370
v 2.869772 148.625397 3.986969
v 3.000101 148.901978 4.045387
v 0.561563 147.613342 -3.742244
v 1.039198 147.750549 -2.494512
v 1.431485 148.543213 -2.773036
v 1.100005 148.664398 -3.703538
v 2.249281 150.711044 -3.028183
v 2.357754 150.363953 -2.491053
v 2.814258 150.880234 -2.151311
v 2.740815 151.247818 -2.564025
v 3.379779 151.869125 -0.721344
v 3.314031 151.250687 -1.183841
v 3.459318 151.146347 -0.396729
v 3.353154 151.846512 0.081502
v 3.054416 152.822952 1.725184
v 3.122563 152.363464 1.300915
v 2.908135 152.324692 1.952631
v 2.859308 152.707047 2.309305
v 2.302368 153.661667 3.976980
v 2.599805 153.641846 3.439347
v 2.429244 153.347549 3.756079
v 2.156164 153.352966 4.175241
v 1.730805 152.702835 4.539527
v 1.938850 152.742783 4.316555
v 1.835972 152.597855 4.418002
v 1.688707 152.562668 4.637057
v 1.849190 152.349854 4.662935
v 1.920797 152.297073 4.710718
v 1.931617 152.260193 4.877244
v 1.841694 152.327454 4.844638
v 2.245260 152.213654 4.844639
v 2.218250 152.202621 4.758019
v 2.288836 152.186539 4.744967
v 2.333044 152.195435 4.807023
v 2.542611 152.109528 4.729007
v 2.481198 152.121048 4.743854
v 2.516923 152.068924 4.767500
v 2.602777 152.052368 4.723281
v 2.687812 151.717590 4.782127
v 2.553206 151.761337 4.888592
v 2.562991 151.598999 4.917055
v 2.705945 151.549576 4.792714
v 3.182473 151.837448 4.466613
v 3.064200 151.758194 4.515843
v 3.083418 151.594543 4.473417
v 3.201622 151.675598 4.405469
v 3.509504 152.360275 4.369382
v 3.467479 152.199524 4.398864
v 3.521234 152.033524 4.289496
v 3.569981 152.190765 4.251464
v 3.793225 151.503174 3.865882
v 3.672994 151.361343 3.961659
v 3.710075 151.071793 3.810227
v 3.849311 151.204361 3.671446
v 3.708136 150.141861 3.419241
v 3.707037 149.824371 3.342168
v 3.873366 149.871567 3.064365
v 3.874408 150.213974 3.159733
v 1.277432 170.565796 -4.634932
v 0.618718 170.619766 -3.657596
v 1.210057 170.486343 -2.719898
v 1.861066 170.438095 -3.670873
v 3.420546 169.559906 -1.042805
v 2.789309 169.651917 -0.169735
v 3.230070 169.251053 0.560885
v 3.850266 169.166718 -0.289977
v 4.784714 167.608765 1.379187
v 4.276654 167.660889 2.126924
v 4.540392 167.078568 2.390162
v 5.007470 167.028580 1.703533
v 5.507730 165.377930 2.128066
v 5.151761 165.462524 2.702911
v 5.322681 164.967300 2.719162
v 5.640963 164.863861 2.153246
v 5.910851 163.356476 2.097522
v 5.669146 163.467499 2.641756
v 5.688118 162.969284 2.598580
v 5.944248 162.860474 2.080444
v 5.765489 161.509109 2.600752
v 5.829340 161.087341 2.623185
v 5.949065 160.946121 2.195826
v 5.945883 161.384125 2.146910
v 1.961794 159.652740 3.815896
v 1.968532 159.528976 3.826804
v 1.930403 159.504608 3.774519
v 1.901077 159.663406 3.738964
v 2.027097 159.657822 3.925832
v 2.016287 159.615891 3.904641
v 1.999124 159.694809 3.873368
v 2.012563 159.756058 3.905334
v 2.078273 159.731674 4.007025
v 2.083373 159.788437 4.017841
v 2.117132 159.813751 4.047268
v 2.101913 159.761230 4.037442
v 2.349159 159.972656 4.172032
v 2.257199 159.945206 4.116574
v 2.361367 160.090179 4.144531
v 2.484993 160.120529 4.212868
v 2.938242 160.261597 4.321239
v 2.755812 160.276230 4.262515
v 2.932274 160.414154 4.210519
v 3.889930 159.689896 4.272526
v 3.755596 159.881943 4.339010
v 3.992247 160.017731 4.117268
v 4.090515 159.762695 4.089922
v 4.385212 159.455231 3.918856
v 4.274385 159.508652 4.018222
v 4.335482 159.471863 3.850501
v 4.421951 159.419235 3.746288
v 4.392210 159.330551 3.598456
v 4.374092 159.200470 3.584352
v 4.276423 159.145142 3.738086
v 4.323129 159.279984 3.708944
v 4.142350 158.644653 3.293248
v 3.980140 158.466049 3.082981
v 3.764036 158.363846 3.339185
v 3.956677 158.559067 3.545336
v 3.049485 158.163681 3.016165
v 2.793516 158.246201 3.359793
v 3.011286 158.301239 3.637945
v 3.291337 158.220169 3.354932
v 2.321713 158.790558 3.828830
v 2.279987 158.915726 3.892178
v 2.344622 158.930145 3.959652
v 2.407067 158.836258 3.936084
v 1.851897 159.188492 3.479667
v 1.871089 159.008514 3.345064
v 1.775601 159.155930 3.128189
v 1.760473 159.345825 3.305644
v 6.072669 160.356247 1.907185
v 6.026049 159.984756 2.022559
v 6.081505 159.771988 1.734571
v 6.141118 160.132233 1.574741
v 6.414863 159.373840 0.655871
v 6.357342 159.039047 0.950613
v 6.487805 158.780640 0.676792
v 6.550345 159.124222 0.330872
v 6.876101 158.330658 -0.867122
v 6.800357 157.891342 -0.404897
v 6.778158 157.591354 -0.895452
v 6.870926 158.054962 -1.343991
v 6.096829 154.271439 -0.208193
v 6.160610 154.151474 -0.666110
v 6.220003 154.650650 -0.729830
v 6.167008 154.780624 -0.256457
v 6.451486 156.329590 -0.725464
v 6.426532 156.132782 -1.263550
v 6.513472 156.618958 -1.562086
v 6.571311 156.845276 -1.033475
v 5.852412 152.232178 -0.376965
v 6.026836 152.088928 -0.829268
v 6.025607 152.610825 -0.757695
v 5.882661 152.745575 -0.309340
v 5.482412 150.460464 -0.802738
v 5.537498 150.464905 -1.266733
v 5.730392 150.803314 -1.130861
v 5.665161 150.846436 -0.636963
v 4.011516 149.547882 2.660476
v 3.875638 149.213684 2.502090
v 4.019693 149.225342 2.119212
v 4.174030 149.559143 2.294226
v 4.567187 149.529480 0.915743
v 4.301267 149.223312 0.691945
v 4.328338 149.220825 0.145098
v 4.623459 149.500595 0.333411
v 4.432984 149.259567 -1.335577
v 4.538754 149.262924 -1.772044
v 4.766973 149.616440 -1.659517
v 4.699995 149.569733 -1.230487
v 0.422656 144.818878 0.439893
v 0.211833 144.334702 0.117730
v 0.416677 143.851364 -0.233488
v 0.619525 144.373215 0.055520
v 1.038897 146.412155 0.997997
v 0.933764 146.108368 0.946300
v 1.090480 145.807587 0.634586
v 1.205012 146.163422 0.732921
v 1.550546 147.275162 1.375927
v 1.351634 147.147385 1.192647
v 1.499282 146.986130 0.908474
v 1.639891 147.227005 1.020738
v 2.505813 147.927643 2.271206
v 2.264371 147.706207 2.035921
v 2.350369 147.716827 1.629570
v 2.593746 147.931564 1.854843
v 3.425736 148.906204 3.059629
v 3.221965 148.647614 2.899651
v 3.326328 148.663666 2.509122
v 3.555807 148.910461 2.697748
v 0.184694 151.450623 6.189512
v 0.029426 151.272369 6.074812
v 0.198556 151.086731 6.002207
v 0.345164 151.266922 6.122145
v 0.868651 150.654694 5.713803
v 0.716996 150.517303 5.643498
v 0.903834 150.289993 5.546916
v 1.042077 150.450150 5.567530
v 1.640886 149.901245 5.187169
v 1.554602 149.701172 5.266121
v 1.794408 149.551773 5.162384
v 1.873651 149.771469 5.087935
v 2.540997 149.550323 4.664837
v 2.501578 149.296432 4.740654
v 2.721351 149.231522 4.534282
v 2.753232 149.501205 4.484491
v 3.325521 149.463303 3.818150
v 3.252195 149.183563 3.796869
v 3.411224 149.192566 3.502364
v 3.505946 149.482895 3.547064
v 0.587063 147.950699 -1.192874
v 0.077034 148.453033 -1.114449
v 0.334586 149.057587 -0.914541
v 0.657739 148.650299 -0.930347
v 2.119929 149.672928 -2.022606
v 1.840418 149.175568 -2.059047
v 1.919736 149.176483 -1.408206
v 2.227921 149.541962 -1.345533
v 3.448175 150.168579 0.024531
v 2.818134 149.649460 -0.399099
v 2.646044 149.614990 0.419958
v 3.186747 150.083496 0.913321
v 2.725105 152.035736 2.374642
v 2.707537 151.774612 2.462080
v 2.505624 151.969940 2.860823
v 2.531988 152.152786 2.829233
v 2.480146 153.033936 3.608624
v 2.623502 152.873489 3.208171
v 2.448101 152.758865 3.552939
v 2.294023 152.870407 3.865179
v 1.907856 152.512985 4.315943
v 2.017791 152.508820 4.115757
v 1.948825 152.429123 4.231971
v 1.870956 152.424744 4.409196
v 1.974996 152.281174 4.599708
v 1.954982 152.284241 4.451750
v 2.006251 152.272171 4.512139
v 2.068174 152.242020 4.636581
v 2.217608 152.199509 4.682637
v 2.266535 152.180298 4.731063
v 2.353713 152.157181 4.734185
v 2.291027 152.179413 4.709653
v 2.431746 152.003769 4.877090
v 2.342299 152.018906 4.940918
v 2.325491 151.953781 5.016586
v 2.426406 151.925674 4.934979
v 2.413387 151.479584 5.069829
v 2.271881 151.557266 5.204873
v 2.243552 151.355774 5.238300
v 2.395007 151.268692 5.090811
v 2.977034 151.366196 4.530335
v 2.850808 151.345856 4.653855
v 2.840112 151.155731 4.631959
v 2.974812 151.171677 4.492110
v 3.485426 151.706879 4.225700
v 3.357643 151.586121 4.285058
v 3.389467 151.374298 4.205089
v 3.513420 151.490585 4.139602
v 3.558126 150.661972 3.861617
v 3.410811 150.580582 4.009508
v 3.367923 150.302109 3.950238
v 3.540090 150.370392 3.759547
v 1.354361 169.752747 -8.519710
v 0.691734 170.155136 -7.584225
v 1.330380 170.353592 -6.606671
v 1.992366 170.010300 -7.568866
v 3.685611 169.823776 -4.626285
v 3.056979 170.076462 -3.682525
v 3.560508 169.762268 -2.774294
v 4.172764 169.524582 -3.700806
v 5.298608 168.291397 -1.314067
v 4.788900 168.524353 -0.476679
v 5.054475 168.009644 0.113477
v 5.523999 167.787704 -0.686996
v 5.963477 166.151047 0.509923
v 5.602772 166.332809 1.237836
v 5.728350 165.773651 1.414378
v 6.060244 165.592728 0.713760
v 6.280814 163.986069 0.986163
v 6.019734 164.185455 1.577346
v 6.070285 163.677551 1.571597
v 6.301773 163.472763 1.013930
v 6.319092 161.952621 1.128084
v 6.158547 162.184235 1.597205
v 6.152546 161.683105 1.655458
v 6.287610 161.449570 1.213229
v 1.808383 159.810699 3.515442
v 1.750380 159.701843 3.321666
v 1.762775 159.943008 3.182704
v 1.833129 160.041321 3.401943
v 2.239283 160.091934 4.052946
v 2.099017 159.891296 4.009290
v 2.070649 159.936188 3.958359
v 2.173146 160.164993 3.947503
v 2.767939 160.881363 3.539804
v 3.076293 161.017868 3.236509
v 3.336781 160.910233 3.558836
v 3.026009 160.771500 3.844565
v 3.901865 160.689178 3.582936
v 4.148198 160.597961 3.274541
v 4.282541 160.343857 3.464061
v 4.076634 160.385178 3.769545
v 4.297948 159.626022 3.845164
v 4.408752 159.630814 3.638802
v 4.401449 159.482925 3.650353
v 4.327634 159.490891 3.794281
v 4.495253 159.277039 3.125237
v 4.444742 159.074234 2.951063
v 4.366074 158.951630 3.207783
v 4.424039 159.145294 3.338913
v 4.242836 159.223633 2.255581
v 3.943835 158.796310 2.199414
v 4.051517 158.620514 2.598485
v 4.290148 158.947327 2.579839
v 3.341948 158.728058 1.944643
v 2.973331 159.195450 1.716629
v 2.646925 158.776932 1.987308
v 3.028076 158.410095 2.269977
v 2.146629 158.562119 3.140989
v 2.069975 158.703690 3.381824
v 2.229595 158.614792 3.563643
v 2.357340 158.436157 3.349576
v 1.885585 159.328674 2.421038
v 1.829277 159.104797 2.712327
v 2.008061 158.793427 2.671705
v 2.097883 158.955338 2.314613
v 6.335966 160.704849 0.926944
v 6.271336 160.274246 1.083817
v 6.357745 160.006866 0.737560
v 6.440285 160.428528 0.540960
v 6.817996 159.646118 -0.756253
v 6.740290 159.247299 -0.405488
v 6.859537 159.006943 -0.839892
v 6.916416 159.409546 -1.227742
v 6.904937 158.209518 -2.262935
v 6.829650 157.919693 -2.697900
v 6.967430 158.306213 -3.099436
v 6.998615 158.601974 -2.688246
v 6.184300 153.006226 -1.137728
v 6.318491 152.889435 -1.566744
v 6.319545 153.390656 -1.542624
v 6.195964 153.518845 -1.110987
v 6.326448 154.981400 -1.313100
v 6.367953 154.802673 -1.751895
v 6.403413 155.252838 -1.938065
v 6.371450 155.454727 -1.501374
v 6.543901 156.819351 -2.374845
v 6.503756 156.519302 -2.735301
v 6.606485 156.889252 -3.030566
v 6.632465 157.216599 -2.702902
v 5.974128 151.133896 -1.471007
v 6.010735 151.125229 -1.907531
v 6.166915 151.485809 -1.798237
v 6.110548 151.524933 -1.362967
v 5.115861 149.949951 -1.936636
v 5.236947 149.933548 -2.367695
v 5.440761 150.262741 -2.222275
v 5.371428 150.223221 -1.801532
v 3.587290 148.706299 1.215606
v 3.684030 148.678101 0.754388
v 3.951668 148.958786 0.976721
v 3.863955 148.968750 1.452825
v 3.880474 148.607315 -0.666060
v 3.924641 148.593277 -1.128830
v 4.148243 148.917496 -0.996049
v 4.108913 148.913574 -0.522885
v 4.749319 148.208664 -2.258386
v 5.120118 147.976486 -2.688733
v 5.110830 148.518738 -2.628276
v 4.744030 148.712128 -2.225911
v 0.414622 142.789154 -0.726310
v 0.163020 142.383865 -0.983487
v 0.440013 141.952271 -1.145152
v 0.671224 142.345642 -0.944479
v 1.129984 144.948151 0.167563
v 0.987071 144.413620 -0.036189
v 1.177840 143.891190 -0.383981
v 1.302849 144.473175 -0.168640
v 1.549022 146.544189 0.577202
v 1.468771 146.219254 0.527164
v 1.628602 145.944519 0.235708
v 1.723913 146.321075 0.304049
v 2.173384 147.544571 1.023818
v 1.944146 147.350998 0.840604
v 2.060996 147.267502 0.497645
v 2.268102 147.506226 0.642852
v 3.145493 148.454224 1.873764
v 2.901683 148.202087 1.651974
v 2.993656 148.192932 1.224030
v 3.230192 148.460983 1.438712
v 0.173757 152.012299 6.486264
v 0.014674 151.861282 6.500439
v 0.180653 151.725739 6.436498
v 0.343990 151.869247 6.491166
v 0.835585 151.394653 6.159606
v 0.676552 151.232849 6.112003
v 0.857626 150.998337 5.961594
v 1.006379 151.181427 6.029888
v 1.476429 150.588394 5.484337
v 1.348390 150.413513 5.437754
v 1.532546 150.230515 5.282478
v 1.645577 150.418381 5.303479
v 2.203463 150.109222 4.817585
v 2.151408 149.884354 4.877265
v 2.364464 149.834503 4.740880
v 2.404173 150.059402 4.669282
v 2.992118 150.010330 4.249680
v 2.969745 149.746445 4.258543
v 3.166715 149.743958 4.071927
v 3.174300 150.013931 4.084639
v 0.317059 149.383072 0.690505
v 0.191901 149.279541 0.072437
v -0.017050 149.380905 0.613478
v 0.139575 149.698853 1.159222
v 0.963609 149.050735 -0.754560
v 0.955457 149.288803 -0.470329
v 1.123524 149.125793 -0.682162
v 1.666790 149.103790 -0.764451
v 1.412596 149.160980 -0.637560
v 1.429780 149.314804 -0.203639
v 1.618966 149.311630 -0.307134
v 2.050581 149.589951 0.692607
v 1.804884 149.433105 0.370435
v 1.746697 149.675323 0.981878
v 1.959450 149.891113 1.346285
v 2.806406 151.271149 2.337788
v 3.008690 150.766144 1.985955
v 2.800487 150.710281 2.507800
v 2.644845 151.166656 2.753621
v 2.220979 152.197845 3.525743
v 2.301332 152.029861 3.299342
v 2.222066 151.975800 3.488078
v 2.138104 152.145157 3.684846
v 2.337448 152.554321 3.523772
v 2.376189 152.401550 3.297395
v 2.257620 152.385391 3.543873
v 2.206154 152.501160 3.747031
v 2.003872 152.244537 4.009489
v 1.945492 152.221909 4.136870
v 1.921389 152.286499 4.278504
v 1.955395 152.328323 4.172078
v 2.006340 152.273849 4.483734
v 1.942934 152.272934 4.424458
v 1.977965 152.293533 4.500989
v 2.073500 152.252945 4.573598
v 2.192644 152.184311 4.800868
v 2.071943 152.231033 4.812428
v 2.086903 152.178131 4.924327
v 2.227965 152.124313 4.908139
v 2.192797 151.908585 5.187531
v 2.076837 151.972382 5.286637
v 2.046282 151.870682 5.387760
v 2.169299 151.796722 5.275157
v 2.040421 151.253326 5.414697
v 1.884121 151.392776 5.569583
v 1.801976 151.192535 5.581932
v 1.965397 151.041061 5.412119
v 2.673047 150.956863 4.766170
v 2.512624 150.992493 4.930131
v 2.447667 150.778305 4.900571
v 2.623476 150.739563 4.738150
v 3.280980 151.040604 4.220219
v 3.128006 150.988174 4.320426
v 3.133392 150.747101 4.294058
v 3.292501 150.790375 4.177405
v 1.320342 167.336975 -11.581071
v 0.700734 168.128494 -10.987855
v 1.349527 168.734818 -10.232114
v 1.966964 167.978729 -10.904238
v 3.860665 169.008423 -8.337331
v 3.235233 169.649933 -7.509677
v 3.794621 169.634094 -6.530523
v 4.410592 169.045563 -7.386695
v 5.667918 168.372330 -4.584693
v 5.159678 168.820312 -3.724223
v 5.487416 168.431213 -2.899265
v 5.934441 167.998459 -3.752676
v 6.407915 166.657242 -1.801891
v 6.079987 166.993881 -0.976661
v 6.183788 166.457672 -0.562937
v 6.491085 166.150757 -1.363311
v 6.667179 164.563461 -0.546272
v 6.424855 164.820786 0.151491
v 6.479270 164.284164 0.279329
v 6.706751 164.031815 -0.379621
v 6.693625 162.442108 -0.033982
v 6.517277 162.720261 0.508314
v 6.499189 162.200302 0.577747
v 6.647099 161.913956 0.073754
v 1.816670 160.110321 2.831900
v 1.873574 159.948288 2.486730
v 2.076095 160.330475 2.454129
v 1.984879 160.413879 2.828509
v 2.003890 160.346802 3.466503
v 2.107142 160.541077 3.260108
v 2.300196 160.650848 3.500125
v 2.148161 160.405838 3.689626
v 2.614079 160.544998 2.146089
v 2.965539 160.170822 1.797248
v 3.367673 160.568054 2.075462
v 3.018437 160.881134 2.436091
v 4.023265 160.399414 2.303599
v 4.284925 159.934891 2.291689
v 4.401764 160.095398 2.638243
v 4.198443 160.488846 2.714187
v 4.471976 159.997665 3.304960
v 4.509387 159.890167 3.022159
v 4.522989 159.621628 3.157082
v 4.492682 159.749588 3.389799
v 6.841585 160.810013 -0.798963
v 6.715085 161.103088 -0.286385
v 6.638257 160.615753 -0.091873
v 6.759830 160.338760 -0.568122
v 7.148201 159.713913 -2.923401
v 7.096309 159.989532 -2.399701
v 7.031555 159.568436 -2.088249
v 7.076257 159.295609 -2.616433
v 7.311401 158.597000 -3.959455
v 7.106771 158.357635 -3.714646
v 7.073305 158.132782 -3.911514
v 7.282133 158.364365 -4.050403
v 6.355836 151.850525 -2.115837
v 6.345723 151.809662 -2.532311
v 6.431909 152.221619 -2.483572
v 6.386694 152.300903 -2.056638
v 6.438126 153.743790 -1.959104
v 6.482399 153.608932 -2.366580
v 6.503554 154.035950 -2.421411
v 6.436524 154.189896 -2.032891
v 6.479886 155.453568 -2.555800
v 6.558167 155.214523 -2.851329
v 6.591954 155.588516 -3.044635
v 6.502466 155.847122 -2.786211
v 7.323073 156.825150 -3.940391
v 7.043725 157.111969 -3.798198
v 6.908015 156.886154 -3.540533
v 7.172204 156.553940 -3.686063
v 5.717574 150.552261 -2.509141
v 5.826446 150.512741 -2.926482
v 5.970163 150.841202 -2.781472
v 5.877404 150.855560 -2.393059
v 5.401254 148.849121 -3.015351
v 5.664739 148.645950 -3.502640
v 5.620596 149.195938 -3.396844
v 5.370886 149.377121 -2.925123
v 3.526059 148.350311 0.099239
v 3.298594 148.061493 -0.077579
v 3.372897 148.036118 -0.527231
v 3.602204 148.320251 -0.357824
v 4.015284 147.684830 -1.642269
v 4.396879 147.459976 -1.977301
v 4.382097 147.933365 -1.922717
v 3.996807 148.119888 -1.633236
v 5.342173 146.581757 -3.383185
v 5.538868 146.303711 -3.920917
v 5.580539 146.894821 -3.828436
v 5.367790 147.157852 -3.291853
v 0.476689 141.120651 -1.364544
v 0.172506 140.683319 -1.464744
v 0.511182 140.264633 -1.354009
v 0.799038 140.714340 -1.306544
v 1.143334 142.352371 -0.903851
v 1.430000 141.965714 -0.967671
v 1.582439 142.406036 -0.865076
v 1.301181 142.819107 -0.740843
v 1.600688 144.560272 -0.318071
v 1.836242 144.101120 -0.612242
v 1.912823 144.698181 -0.499609
v 1.698612 145.128281 -0.170769
v 1.998399 146.462769 0.061012
v 2.195578 146.219406 -0.274490
v 2.295859 146.633041 -0.222583
v 2.080134 146.839035 0.101067
v 2.613637 147.668594 0.425732
v 2.732844 147.595764 0.027652
v 2.969171 147.843689 0.186950
v 2.863228 147.897629 0.605452
v 0.308748 152.377869 6.269744
v 0.150294 152.483170 6.176756
v -0.002338 152.362701 6.291053
v 0.158843 152.260864 6.374162
v 0.965765 151.855530 6.309083
v 0.799573 152.008698 6.367629
v 0.666125 151.865723 6.425018
v 0.826533 151.713013 6.326811
v 1.545293 151.158401 5.744352
v 1.396896 151.347855 5.914877
v 1.281909 151.161087 5.904625
v 1.430228 150.964844 5.705450
v 2.198550 150.627533 5.034664
v 2.034916 150.712585 5.207916
v 1.930671 150.501480 5.168961
v 2.099436 150.414993 4.993941
v 2.918670 150.492767 4.401219
v 2.730274 150.502945 4.541990
v 2.663841 150.265167 4.518881
v 2.859561 150.251678 4.382220
v 0.831390 149.267212 0.356954
v 0.634978 149.413116 0.797181
v 0.746391 149.752396 1.295659
v 0.933027 149.480164 0.892217
v 0.269798 150.522217 2.967569
v 0.136056 150.355362 2.290482
v -0.008061 150.523346 2.949703
v 0.126233 150.514786 3.551518
v 1.370052 149.403671 0.590077
v 1.213112 149.582657 0.988965
v 1.320006 149.937668 1.498907
v 1.479330 149.689240 1.075762
v 2.109302 150.216156 2.353477
v 2.062278 150.325378 2.990454
v 2.328713 150.493958 3.228870
v 2.453260 150.336914 2.712456
v 2.368863 151.466278 3.350451
v 2.231033 151.474274 3.639416
v 2.140437 151.713226 3.762637
v 2.234379 151.720551 3.516434
v 1.934059 152.122406 4.139953
v 1.966875 151.958023 4.043747
v 1.894275 152.038483 4.209666
v 1.902586 152.175858 4.290100
v 1.818132 152.334549 4.578990
v 1.827663 152.377304 4.709511
v 1.941812 152.328461 4.717134
v 1.913835 152.336670 4.599155
v 1.981716 152.210724 5.088402
v 1.848358 152.303116 5.127917
v 1.846113 152.251740 5.275592
v 1.974767 152.138016 5.217430
v 1.874438 151.846924 5.593906
v 1.726866 151.963928 5.684927
v 1.665697 151.836349 5.780032
v 1.818001 151.702957 5.677557
v 1.223605 164.235352 -13.166333
v 0.661689 165.054367 -12.933406
v 1.277313 165.782623 -12.538135
v 1.835622 164.926895 -12.804576
v 3.703214 166.689758 -11.070594
v 3.192125 167.627853 -10.683048
v 3.830389 167.997986 -9.874769
v 4.317744 167.076202 -10.324366
v 5.819530 167.526047 -7.849261
v 5.412926 168.267685 -7.192403
v 5.806111 168.102081 -6.268159
v 6.177845 167.430756 -6.960104
v 6.725726 166.601685 -4.554656
v 6.471869 167.113937 -3.806270
v 6.585947 166.696533 -3.148914
v 6.820708 166.220444 -3.899345
v 6.999050 164.915863 -2.487578
v 6.793070 165.289734 -1.773677
v 6.842093 164.788834 -1.475651
v 7.041250 164.446915 -2.167092
v 7.075743 162.956680 -1.496040
v 6.918551 163.233139 -0.869748
v 6.905396 162.694611 -0.725702
v 7.041971 162.407120 -1.335589
v 7.186707 161.191910 -2.346777
v 7.106325 161.522369 -1.778148
v 7.028965 161.008774 -1.570398
v 7.109298 160.712585 -2.123709
v 7.344995 159.960892 -4.150247
v 7.297330 160.250458 -3.771088
v 7.262280 159.850586 -3.615521
v 7.345221 159.629822 -4.023068
v 7.534701 159.293610 -4.196542
v 7.545100 159.013748 -4.139544
v 7.757952 159.114746 -4.312521
v 7.728873 159.362091 -4.386961
v 6.978380 157.341476 -4.195209
v 6.917412 157.558777 -4.245306
v 6.892342 157.701843 -4.031946
v 6.941436 157.429672 -3.968995
v 7.477262 158.324234 -4.250153
v 7.463336 158.098816 -4.399690
v 7.660325 158.248138 -4.554196
v 7.701021 158.453766 -4.397660
v 6.172142 151.167633 -3.033528
v 6.209139 151.203812 -3.431297
v 6.334584 151.548004 -3.279130
v 6.281434 151.498001 -2.925292
v 6.532181 152.597733 -2.829115
v 6.532216 152.571121 -3.177238
v 6.574965 152.957855 -3.131115
v 6.558626 153.041611 -2.770973
v 6.558188 154.253708 -2.872857
v 6.601804 154.063660 -3.106784
v 6.590421 154.394073 -3.203666
v 6.576438 154.614380 -2.971864
v 6.728783 155.696625 -3.495942
v 6.846965 155.498337 -3.675745
v 6.905044 155.769760 -3.852986
v 6.976573 155.980255 -3.675599
v 7.085881 156.973480 -4.312848
v 7.185558 156.745926 -4.244215
v 7.008265 156.483566 -4.286469
v 6.875361 156.732101 -4.293807
v 5.815726 149.568481 -3.745456
v 5.953691 149.459991 -4.268279
v 5.976874 149.977432 -4.066552
v 5.783996 150.069016 -3.575600
v 5.757507 147.273972 -4.270578
v 5.870718 147.100281 -4.788269
v 5.881815 147.715607 -4.701451
v 5.783907 147.880051 -4.160767
v 3.251183 147.259933 -1.145521
v 3.637230 147.019348 -1.409911
v 3.633921 147.467041 -1.393290
v 3.302720 147.650375 -1.111149
v 4.764700 146.098206 -2.533208
v 5.068647 145.742401 -3.019056
v 5.071474 146.322327 -2.950453
v 4.765875 146.651627 -2.461935
v 5.743637 144.842651 -4.527805
v 5.917453 144.634811 -4.956839
v 5.899317 145.247635 -4.935739
v 5.730987 145.449158 -4.486852
v 0.307989 149.852692 -10.686852
v -0.001268 150.302963 -10.682277
v 0.293979 150.721512 -10.588061
v 0.593160 150.279129 -10.558123
v 0.024036 148.289291 -11.017662
v 0.342106 148.863983 -10.850317
v 0.699220 148.270691 -10.937449
v 0.392407 147.660721 -11.171682
v 0.533574 139.463058 -1.146471
v 0.166222 139.049622 -1.043770
v 0.541394 138.737595 -0.822630
v 0.898734 139.164841 -0.923110
v 1.564795 141.205673 -1.131070
v 1.367480 140.783051 -1.162223
v 1.715046 140.453659 -1.077924
v 1.896255 140.869247 -1.129475
v 2.100042 143.067474 -0.790551
v 2.003403 142.515396 -0.886873
v 2.306012 142.163773 -1.067891
v 2.412911 142.682495 -0.980131
v 2.334977 145.424866 -0.659455
v 2.260153 144.864639 -0.714414
v 2.594565 144.462097 -0.956473
v 2.650088 145.056305 -0.944533
v 2.667415 147.230972 -0.495304
v 2.578634 146.849808 -0.531089
v 2.834030 146.639389 -0.863098
v 2.887119 147.063400 -0.851596
v 0.248884 152.692520 5.726216
v 0.118997 152.674652 5.592863
v 0.004916 152.692184 5.758441
v 0.137609 152.651672 5.907533
v 0.842394 152.402451 6.113834
v 0.683545 152.505249 6.052325
v 0.586240 152.385986 6.216053
v 0.748481 152.263000 6.267797
v 1.450341 151.834732 5.967034
v 1.297806 151.973572 6.042184
v 1.226819 151.843063 6.152588
v 1.359778 151.686478 6.033932
v 0.809561 150.481445 3.044858
v 0.701116 150.367828 2.381915
v 0.547226 150.495300 3.002661
v 0.667938 150.475571 3.590042
v 0.315825 150.689575 5.093547
v 0.148025 150.281586 4.733261
v 0.011078 150.665466 5.127048
v 0.151164 151.189026 5.261485
v 1.267377 150.358505 2.619905
v 1.083028 150.459702 3.110604
v 1.202225 150.404083 3.702116
v 1.349780 150.421646 3.271995
v 1.847491 150.349564 3.521218
v 1.634774 150.364059 3.618068
v 1.688578 150.443848 4.122184
v 1.830875 150.525131 4.018972
v 2.153510 151.303406 3.831890
v 2.187219 151.034393 3.754938
v 2.005029 151.209396 4.069623
v 1.971359 151.417511 4.076280
v 1.810069 151.980896 4.334486
v 1.816887 151.796585 4.345993
v 1.713033 151.983749 4.464812
v 1.754041 152.150269 4.444316
v 1.709633 152.404877 4.840008
v 1.589464 152.408371 4.822447
v 1.571685 152.447433 4.982334
v 1.704451 152.415512 4.995685
v 1.666027 152.286636 5.488852
v 1.517044 152.383224 5.501385
v 1.485399 152.315750 5.660652
v 1.626181 152.190445 5.624336
v 1.087444 161.291397 -13.585047
v 0.588117 162.040726 -13.599940
v 1.156956 162.721176 -13.486486
v 1.646046 161.922165 -13.475258
v 3.398198 163.740631 -12.561439
v 2.958271 164.664810 -12.500877
v 3.558516 165.228027 -11.951765
v 3.972363 164.280640 -12.052135
v 5.482671 165.491638 -10.162778
v 5.224998 166.412186 -9.902659
v 5.693051 166.617157 -9.152092
v 5.907736 165.728424 -9.462706
v 6.807720 165.881622 -7.229949
v 6.656512 166.567596 -6.718039
v 6.824617 166.363083 -5.943963
v 6.975884 165.744766 -6.497296
v 7.233951 164.890961 -4.634030
v 7.079163 165.359451 -4.024239
v 7.129601 164.950836 -3.551482
v 7.275227 164.513474 -4.160970
v 7.331147 163.237015 -3.126621
v 7.222475 163.619080 -2.537923
v 7.222824 163.142624 -2.307979
v 7.317805 162.757324 -2.890243
v 7.361697 161.484650 -3.678934
v 7.331374 161.840118 -3.226325
v 7.289913 161.348022 -3.056173
v 7.313445 161.029358 -3.508480
v 7.381904 159.698044 -4.881837
v 7.376202 159.881790 -4.996474
v 7.384186 160.276642 -4.729019
v 7.359373 159.981201 -4.603688
v 7.962028 158.970886 -4.437805
v 7.929647 158.764389 -4.476117
v 8.086599 158.860855 -4.661782
v 8.154622 159.044571 -4.613288
v 8.038257 159.668091 -4.901280
v 7.889308 159.735626 -5.088734
v 7.663178 159.639236 -4.931161
v 7.820572 159.613892 -4.722381
v 7.058526 157.562286 -4.477809
v 7.023500 157.385117 -4.658612
v 7.155032 157.560974 -4.711231
v 7.249179 157.702164 -4.502491
v 7.508206 158.379913 -4.764513
v 7.198146 158.324310 -4.647885
v 7.186349 158.560547 -4.657339
v 7.536159 158.631744 -4.717969
v 6.093408 150.442261 -4.361005
v 6.112810 150.502823 -4.900692
v 6.164077 150.969482 -4.633512
v 6.087906 150.888855 -4.114708
v 6.428776 151.977493 -3.519744
v 6.423694 152.084122 -3.884728
v 6.484279 152.396713 -3.766650
v 6.484263 152.314865 -3.451217
v 6.618243 153.272949 -3.326702
v 6.581559 153.228561 -3.573147
v 6.659136 153.449814 -3.513214
v 6.631949 153.576050 -3.266075
v 6.594486 154.737885 -3.728604
v 6.620989 154.474823 -3.547863
v 6.704415 154.287262 -3.739864
v 6.622287 154.546768 -3.942287
v 6.748707 155.096909 -3.783339
v 6.836698 155.246216 -3.972836
v 6.727377 155.338257 -3.960029
v 6.763485 155.285355 -3.787535
v 6.819090 155.856979 -4.077675
v 6.591139 155.748016 -3.983471
v 6.500526 155.970840 -3.984462
v 6.840549 156.067001 -4.212523
v 6.130547 157.060883 -4.529745
v 6.361188 157.026474 -4.108110
v 5.772964 156.760971 -3.980594
v 5.719753 156.795837 -4.520355
v 5.938717 148.230591 -5.113662
v 5.848829 148.228302 -5.574842
v 5.913047 148.838608 -5.484483
v 5.986949 148.824234 -4.995729
v 5.965788 145.724915 -5.335369
v 6.036685 145.613327 -5.754751
v 5.919003 146.264496 -5.735251
v 5.924158 146.358459 -5.300629
v 4.006600 145.679428 -1.767576
v 4.369112 145.319397 -2.179240
v 4.420113 145.887512 -2.127347
v 4.049150 146.223007 -1.726492
v 5.316391 144.222412 -3.583180
v 5.584306 143.929398 -4.048741
v 5.553792 144.509445 -4.062791
v 5.333321 144.810715 -3.563334
v 6.449113 143.336258 -5.118742
v 6.819758 143.237778 -5.382236
v 6.591326 143.777618 -5.569271
v 6.259498 143.884872 -5.258790
v 0.596564 151.906128 -10.620358
v 0.303523 151.537048 -10.607480
v 0.031708 151.945694 -10.694166
v 0.335198 152.315445 -10.749558
v 1.484570 149.751175 -10.350683
v 1.159952 150.232483 -10.380979
v 1.394386 150.606567 -10.236250
v 1.700611 150.134842 -10.168188
v 0.653644 144.988892 -12.918575
v 0.150085 145.724533 -12.415318
v 0.500894 146.386810 -11.884107
v 0.987988 145.665970 -12.295889
v 1.367389 148.227142 -10.804761
v 1.613138 148.763275 -10.559228
v 2.021615 148.149139 -10.608581
v 1.805386 147.583984 -10.933889
v 0.555982 138.121399 -0.325921
v 0.168310 137.798645 -0.076330
v 0.613639 137.517700 0.184457
v 0.986652 137.894547 -0.040128
v 1.866827 139.757858 -0.871885
v 1.590520 139.348984 -0.767550
v 1.982798 139.118546 -0.583570
v 2.252382 139.506470 -0.778324
v 2.490377 141.402939 -1.297812
v 2.383413 140.969482 -1.243946
v 2.724200 140.658325 -1.355692
v 2.813389 141.092285 -1.465513
v 2.822892 142.883743 -1.143832
v 3.119271 142.549149 -1.436245
v 3.239766 143.114410 -1.398521
v 2.920160 143.474854 -1.109289
v 3.084405 145.274384 -1.175783
v 3.475177 144.899948 -1.459482
v 3.548389 145.479324 -1.445106
v 3.142200 145.846344 -1.158461
v 0.228712 152.167664 5.331473
v 0.127725 151.921509 5.399289
v -0.006196 152.182037 5.353141
v 0.103813 152.415161 5.346505
v 0.695816 152.663544 5.581891
v 0.565157 152.635330 5.478073
v 0.482553 152.682556 5.664993
v 0.623286 152.651367 5.785356
v 1.278467 152.337891 5.828022
v 1.127089 152.460709 5.809243
v 1.067675 152.375473 5.974827
v 1.216989 152.224930 5.966539
v 0.857370 150.805557 4.922181
v 0.816906 150.311066 4.722204
v 0.620487 150.746643 5.018523
v 0.673746 151.222733 5.125243
v 1.194450 150.968964 4.747045
v 1.222528 150.533600 4.579778
v 1.041458 150.875977 4.827640
v 1.044030 151.271332 4.944868
v 1.467453 150.886230 4.497938
v 1.323287 151.077652 4.683134
v 1.332928 151.371933 4.781761
v 1.450160 151.173965 4.616379
v 1.807035 151.184158 4.307143
v 1.754045 150.976883 4.283119
v 1.607108 151.201035 4.496381
v 1.661214 151.408005 4.519733
v 1.583747 151.840683 4.652364
v 1.467496 152.053284 4.733280
v 1.527321 152.210587 4.688509
v 1.607773 152.020706 4.604496
v 1.417796 152.492630 5.126237
v 1.286850 152.480270 5.089649
v 1.257510 152.539276 5.258418
v 1.397198 152.498871 5.301856
v 0.954942 158.448990 -13.173080
v 0.506565 159.204208 -13.450526
v 1.027568 159.894318 -13.505679
v 1.473006 159.106995 -13.275358
v 3.061475 160.873932 -13.022997
v 2.663331 161.704193 -13.191347
v 3.228395 162.269028 -12.906122
v 3.596930 161.400345 -12.748256
v 5.070923 162.862717 -11.473717
v 4.823350 163.805832 -11.518209
v 5.280794 164.222504 -10.933290
v 5.494733 163.281982 -10.942255
v 6.501354 164.183670 -9.175569
v 6.393936 165.038879 -9.001936
v 6.678276 165.146515 -8.321939
v 6.762870 164.337692 -8.555908
v 7.259310 164.269485 -6.696914
v 7.193747 164.915131 -6.298190
v 7.280483 164.676971 -5.701037
v 7.338695 164.082245 -6.131491
v 7.462142 163.198563 -4.758502
v 7.404690 163.669006 -4.292218
v 7.414654 163.269241 -3.948306
v 7.471917 162.830292 -4.417363
v 7.468820 161.547943 -4.873525
v 7.467596 161.981491 -4.530231
v 7.435880 161.566345 -4.283706
v 7.444531 161.163574 -4.634258
v 7.378152 159.366989 -5.439206
v 7.326132 159.450684 -5.555168
v 7.372881 159.972153 -5.475223
v 7.363876 159.671738 -5.298930
v 7.983066 158.942200 -4.851733
v 7.797239 158.946457 -4.767690
v 7.810009 159.154648 -4.856541
v 8.032189 159.149338 -4.922345
v 8.369488 159.568268 -4.955482
v 8.362815 159.335983 -4.862100
v 8.547561 159.357132 -5.103541
v 8.614286 159.575104 -5.214324
v 8.199183 159.842468 -5.762590
v 7.973976 159.671997 -5.853704
v 7.728663 159.545090 -5.559804
v 7.937593 159.752487 -5.473731
v 6.825522 156.959000 -5.064188
v 6.800739 157.084457 -4.812235
v 6.587948 156.942688 -4.877775
v 6.720506 156.737579 -5.137753
v 6.985116 157.715363 -4.820335
v 6.748358 157.582855 -4.927311
v 6.725856 157.825745 -4.956591
v 6.952813 157.940582 -4.714019
v 7.161492 158.401947 -5.024013
v 7.205563 158.013855 -5.273102
v 7.326864 158.081192 -5.462912
v 7.284951 158.409607 -5.306807
v 5.989165 150.107925 -5.657442
v 5.859226 149.544922 -5.808348
v 5.690049 149.762802 -6.216495
v 5.836030 150.339310 -6.094311
v 6.222438 151.587387 -4.826765
v 6.186288 151.854919 -5.307559
v 6.283463 152.218506 -4.947792
v 6.282423 151.952194 -4.522716
v 6.504519 152.771698 -3.975036
v 6.470772 152.875458 -4.254646
v 6.476616 153.058151 -4.204304
v 6.537899 153.004395 -3.912176
v 6.888041 153.411636 -3.969883
v 6.970438 153.701294 -3.995954
v 6.875441 153.822571 -3.777784
v 6.829807 153.489197 -3.675908
v 7.022198 154.673126 -4.272465
v 7.203963 154.581238 -4.508543
v 7.452829 154.823318 -4.599959
v 7.386592 154.873825 -4.339507
v 7.100554 155.198929 -4.253702
v 7.337549 155.174393 -4.355228
v 7.357628 155.302475 -4.590266
v 7.175604 155.258362 -4.525777
v 6.586976 155.377853 -4.040274
v 6.534195 155.335022 -4.168039
v 6.366476 155.382004 -4.052066
v 6.461137 155.414429 -3.955903
v 5.983282 155.950562 -3.865645
v 6.129396 155.720566 -4.109309
v 5.970540 155.880875 -4.229505
v 5.735057 156.011169 -3.881099
v 6.399252 155.892929 -4.957849
v 6.279311 156.076523 -4.709136
v 6.284752 155.890289 -4.586854
v 6.416709 155.678268 -4.762229
v 5.699329 147.610901 -6.057738
v 5.807136 146.903549 -6.121499
v 5.767499 146.913574 -6.542315
v 5.530324 147.691177 -6.466085
v 6.696674 144.284531 -6.028685
v 7.049549 144.241348 -6.372071
v 6.724602 144.841125 -6.481037
v 6.435835 144.894592 -6.115357
v 4.589050 143.784286 -2.556743
v 4.933377 143.424164 -3.010708
v 4.995251 143.978149 -3.081540
v 4.653414 144.348129 -2.615360
v 6.016784 142.647598 -4.209618
v 6.394382 142.498779 -4.473549
v 6.266938 142.963943 -4.684668
v 5.946420 143.147934 -4.371303
v 7.515717 142.704758 -5.383887
v 7.831908 142.249878 -5.158777
v 8.415827 142.241837 -5.433865
v 8.053637 142.717178 -5.663102
v 0.726814 156.142670 -12.165909
v 0.355247 156.646225 -12.434007
v 0.849425 157.182846 -12.632764
v 1.205552 156.639374 -12.322488
v 0.518638 154.419678 -11.374399
v 0.206385 154.798279 -11.568002
v 0.616608 155.212234 -11.732928
v 0.918585 154.798660 -11.496672
v 0.381508 153.078156 -10.943048
v 0.091448 153.441391 -11.062716
v 0.432110 153.753494 -11.135648
v 0.714763 153.412766 -11.001131
v 1.379536 151.406754 -10.291990
v 1.137413 151.839325 -10.468420
v 1.427591 152.187286 -10.464997
v 1.649388 151.751968 -10.259502
v 2.713297 149.832504 -9.652135
v 2.562922 149.468597 -9.861041
v 2.216396 149.997314 -9.918626
v 2.400510 150.352173 -9.749133
v 0.344935 143.167496 -14.721201
v 0.844931 143.770798 -14.157908
v 1.528530 143.307632 -14.762195
v 1.011392 142.684814 -15.281011
v 2.531332 144.885132 -12.607664
v 1.839119 145.593384 -12.119571
v 2.094619 146.279572 -11.595505
v 2.720408 145.585052 -11.948472
v 3.251059 147.865341 -10.045079
v 3.162409 147.386139 -10.437816
v 2.648153 148.020523 -10.350161
v 2.802315 148.491730 -10.061060
v 1.197316 136.437943 0.864508
v 0.683743 136.783630 0.619514
v 0.239318 136.364624 0.839220
v 0.764198 135.978333 1.081442
v 2.111291 138.497009 -0.163777
v 1.794824 138.055923 0.003258
v 2.296630 137.801132 0.210562
v 2.605374 138.253937 0.016312
v 3.017349 140.003860 -1.153864
v 2.870716 139.656113 -0.882096
v 3.319438 139.498901 -0.677952
v 3.460075 139.814789 -1.017684
v 3.300498 141.741013 -1.762039
v 3.230763 141.254654 -1.706098
v 3.642300 140.970306 -1.798609
v 3.680452 141.447357 -1.935533
v 3.686421 143.352081 -1.715726
v 4.017834 143.026917 -2.059141
v 4.141350 143.580414 -2.099513
v 3.785253 143.930252 -1.740900
v 0.641434 152.131058 5.210249
v 0.585881 151.878876 5.274989
v 0.446642 152.150131 5.283973
v 0.528130 152.376007 5.247577
v 1.081944 152.580795 5.375690
v 0.948225 152.570129 5.306447
v 0.898284 152.628387 5.484456
v 1.039372 152.591583 5.571723
v 0.983463 152.096710 5.056356
v 0.943678 151.855286 5.100815
v 0.817993 152.110703 5.138815
v 0.882910 152.323959 5.104588
v 1.311730 152.071793 4.862487
v 1.262427 151.856888 4.904438
v 1.144265 152.082169 4.961264
v 1.216029 152.261047 4.929857
v 2.712939 158.253357 -12.609484
v 2.380905 158.966248 -12.981295
v 2.892941 159.530762 -12.923601
v 3.214601 158.785538 -12.564275
v 4.629363 160.194214 -11.895327
v 4.391219 161.038116 -12.173818
v 4.845171 161.497299 -11.782126
v 5.047362 160.624008 -11.535414
v 6.131873 161.825516 -10.258966
v 6.014235 162.727432 -10.359696
v 6.326862 163.056976 -9.825068
v 6.424508 162.171616 -9.789371
v 7.073884 162.842102 -8.270476
v 7.029396 163.625870 -8.135375
v 7.184671 163.650436 -7.564622
v 7.210828 162.907547 -7.746974
v 7.430099 162.672913 -6.284972
v 7.424853 163.258652 -5.988595
v 7.470272 163.008957 -5.548312
v 7.468924 162.472458 -5.868106
v 7.437276 160.869049 -5.611740
v 7.431784 161.121475 -5.923150
v 7.470367 161.669907 -5.743686
v 7.466431 161.392334 -5.421825
v 7.346788 159.008606 -5.881891
v 7.266808 159.032852 -6.022633
v 7.283715 159.419769 -6.007611
v 7.295280 159.253616 -5.775573
v 7.611612 158.991638 -5.536862
v 7.502733 159.098236 -5.240180
v 7.347833 158.752289 -5.430790
v 7.476124 158.611740 -5.685861
v 8.486447 159.289581 -5.331344
v 8.303335 159.334320 -5.207458
v 8.293994 159.547943 -5.481158
v 8.545380 159.411957 -5.624105
v 8.734880 159.850296 -5.907856
v 8.802289 159.693069 -5.699162
v 8.954374 159.521347 -6.001956
v 8.925559 159.675690 -6.227894
v 7.946192 159.212463 -6.597403
v 7.756492 159.216766 -6.185646
v 7.991301 159.521576 -6.242705
v 8.194273 159.499619 -6.641083
v 6.780304 157.106094 -5.280528
v 6.741507 157.096710 -5.575150
v 6.687645 157.367065 -5.497994
v 6.700411 157.327087 -5.216476
v 6.672362 156.378708 -5.478479
v 6.517932 156.079987 -5.410609
v 6.722901 156.001450 -5.641614
v 6.787599 156.324158 -5.712482
v 6.783512 157.825699 -5.348872
v 6.759761 157.648285 -5.598049
v 6.869515 157.682770 -5.837587
v 6.926053 157.811920 -5.474319
v 7.708117 157.729431 -5.890810
v 7.783922 157.965973 -5.934173
v 7.608957 158.136307 -5.804255
v 7.556449 157.945145 -5.732584
v 5.263033 148.707932 -6.744712
v 5.022391 149.110107 -7.078986
v 5.125020 149.812576 -6.987130
v 5.349538 149.428741 -6.658362
v 5.826312 151.209366 -6.323644
v 5.659643 151.591202 -6.706833
v 5.869627 152.130463 -6.523641
v 6.004166 151.737747 -6.101070
v 6.324258 152.777542 -4.915365
v 6.275778 153.100845 -5.130663
v 6.316018 153.085281 -4.859678
v 6.368565 152.880066 -4.644680
v 6.345916 153.247330 -4.788737
v 6.368151 153.540695 -4.845746
v 6.397251 153.464066 -4.639999
v 6.408218 153.216095 -4.541785
v 6.828922 153.236633 -4.372253
v 6.684192 153.229950 -4.631315
v 7.063248 153.373779 -4.842154
v 7.048207 153.473099 -4.587954
v 6.965940 153.908707 -4.354133
v 7.129696 153.847717 -4.547344
v 7.297340 154.157669 -4.766080
v 7.140398 154.226395 -4.575305
v 7.631258 155.022018 -4.945615
v 7.614813 154.997467 -5.169581
v 7.689493 155.225784 -5.309384
v 7.682326 155.256454 -5.089219
v 7.480081 155.449707 -4.942523
v 7.583869 155.454086 -5.104018
v 7.558998 155.573578 -5.389570
v 7.455096 155.551071 -5.230946
v 6.954836 155.201904 -4.664785
v 6.894458 155.282730 -4.906981
v 6.634181 155.315201 -4.756702
v 6.695858 155.227448 -4.523844
v 6.197130 146.110733 -6.980264
v 6.646752 145.429733 -6.925095
v 7.010271 145.419601 -7.249328
v 6.425346 146.010818 -7.370706
v 8.856877 143.352280 -6.467057
v 8.426386 143.845901 -6.709927
v 7.882384 143.749725 -6.449068
v 8.266043 143.262054 -6.190467
v 5.243333 142.575226 -3.347834
v 5.185670 142.103912 -3.154065
v 5.648559 141.883545 -3.460394
v 5.654469 142.348404 -3.703833
v 7.024205 141.922638 -4.464445
v 7.276099 141.448181 -4.169065
v 7.888762 141.368332 -4.371970
v 7.584738 141.835495 -4.689072
v 10.466162 141.202942 -5.417653
v 10.051101 141.648438 -5.825268
v 9.398862 141.686462 -5.498763
v 9.773473 141.227905 -5.119443
v 2.223755 156.120972 -11.804667
v 1.981574 156.624512 -12.131399
v 2.469443 157.119339 -12.198474
v 2.689554 156.578110 -11.841846
v 1.815107 154.420197 -11.138722
v 1.593137 154.804596 -11.373199
v 2.008626 155.213150 -11.444457
v 2.204714 154.796234 -11.167161
v 1.846263 153.302078 -10.676694
v 1.521721 152.961349 -10.674969
v 1.306391 153.365051 -10.871259
v 1.652893 153.696762 -10.893040
v 2.350246 151.187759 -9.798421
v 2.130170 151.651062 -10.008930
v 2.378460 151.999832 -9.957577
v 2.571068 151.536774 -9.724327
v 3.591817 149.479019 -9.036087
v 3.542765 149.095123 -9.269595
v 3.170782 149.654251 -9.352671
v 3.270163 150.026886 -9.167089
v 2.752582 143.452438 -14.700941
v 3.109752 143.877808 -13.982876
v 3.979095 143.559097 -14.478087
v 3.624820 143.128036 -15.224823
v 2.049687 140.888046 -16.639683
v 1.355366 140.028107 -16.971794
v 0.503078 140.693542 -16.543447
v 1.188955 141.453171 -16.172802
v 3.713941 146.208710 -11.134873
v 4.469515 145.640930 -11.453011
v 4.429071 145.054749 -12.167171
v 3.605416 145.618591 -11.743616
v 4.410349 147.456039 -9.359916
v 4.429057 147.064453 -9.749747
v 3.839201 147.675491 -9.713039
v 3.896231 148.088455 -9.417602
v 3.094420 136.786057 0.876714
v 2.505420 137.079391 0.662951
v 2.142089 136.611176 0.921810
v 2.738085 136.303543 1.166592
v 3.638821 138.868088 -0.287732
v 3.408084 138.435776 -0.065227
v 3.966753 138.161240 0.023358
v 4.185086 138.583710 -0.248582
v 4.084342 140.300842 -1.557450
v 4.043262 139.977585 -1.201642
v 4.586485 139.785599 -1.097444
v 4.625819 140.138016 -1.458151
v 4.240274 142.189011 -2.340651
v 4.167529 141.661255 -2.212531
v 4.628559 141.363998 -2.411487
v 4.672580 141.885727 -2.622448
v 4.102729 157.847809 -11.593836
v 3.942823 158.540070 -12.020332
v 4.403014 158.961655 -11.819154
v 4.549886 158.230682 -11.407122
v 5.687386 159.402557 -10.578481
v 5.582789 160.193817 -10.885395
v 5.919801 160.583466 -10.499803
v 6.005053 159.778442 -10.236633
v 6.749442 160.807678 -9.111979
v 6.728938 161.624878 -9.238380
v 6.925124 161.877380 -8.787757
v 6.928504 161.082794 -8.717302
v 7.267903 161.523315 -7.465921
v 7.305862 162.205811 -7.383946
v 7.366284 162.174072 -6.929883
v 7.333818 161.525421 -7.048829
v 7.359420 160.728333 -6.342322
v 7.323302 160.183731 -6.369740
v 7.274755 160.243484 -6.693965
v 7.322568 160.828354 -6.697720
v 7.303172 158.517029 -6.373065
v 7.168235 158.396378 -6.561831
v 7.146311 158.747070 -6.552689
v 7.228303 158.772293 -6.292063
v 8.034478 158.925797 -5.925320
v 8.147834 159.236038 -5.978201
v 8.108555 159.363693 -5.703754
v 7.933824 159.142197 -5.676002
v 8.849441 159.289062 -6.150604
v 8.705765 159.416443 -6.076767
v 8.653841 159.510361 -6.386977
v 8.763476 159.305466 -6.460742
v 8.707776 159.558609 -6.938062
v 8.909908 159.523712 -6.709762
v 8.949917 159.205933 -6.891510
v 8.834083 159.238068 -7.149066
v 7.692830 158.497894 -6.695019
v 7.881119 158.783981 -6.880266
v 7.961378 158.520523 -7.210010
v 7.797822 158.192947 -6.988978
v 6.815450 156.818573 -5.891686
v 6.896080 156.561157 -5.902463
v 7.042522 156.519028 -6.082472
v 6.934537 156.774094 -6.124628
v 7.026125 155.454758 -5.292882
v 7.263694 155.552139 -5.411408
v 7.154178 155.695236 -5.720804
v 6.915202 155.627411 -5.580832
v 7.068678 156.994400 -6.273579
v 7.306713 156.890274 -6.324957
v 7.284239 157.126907 -6.252701
v 7.009862 157.285965 -6.215029
v 7.725377 157.341263 -6.119250
v 7.588791 157.168991 -6.221407
v 7.759171 156.995087 -6.331828
v 7.896247 157.157196 -6.261330
v 8.009581 158.093781 -6.100098
v 8.150873 157.935623 -6.252161
v 8.192866 158.280502 -6.274592
v 8.070312 158.400818 -6.114283
v 4.767197 148.949234 -7.516939
v 4.819018 148.313293 -7.717463
v 4.525794 149.000412 -7.922087
v 4.508468 149.568344 -7.746848
v 5.271974 151.459167 -7.167467
v 5.076638 150.881622 -7.239683
v 4.893406 151.358582 -7.541232
v 5.104095 151.918091 -7.484242
v 6.142383 153.555740 -6.516763
v 5.959539 153.050537 -6.748538
v 5.825702 153.433578 -7.158667
v 6.036037 153.893646 -6.965077
v 6.262321 154.149338 -5.344003
v 6.209044 153.637726 -5.490530
v 6.175350 153.852295 -5.838989
v 6.205538 154.411057 -5.626155
v 6.501452 154.231171 -5.061722
v 6.734947 154.396545 -5.208011
v 6.812970 154.000763 -5.296203
v 6.564826 153.933075 -5.024310
v 7.195908 153.778702 -5.526465
v 7.503174 153.980713 -5.700650
v 7.548096 153.966904 -5.411973
v 7.289008 153.643280 -5.296419
v 7.509704 154.410675 -5.105114
v 7.600887 154.365433 -5.296374
v 7.635811 154.676941 -5.451474
v 7.563662 154.712341 -5.251389
v 7.792708 155.437881 -5.653402
v 7.850632 155.435165 -5.834978
v 7.957782 155.663391 -5.940249
v 7.869491 155.664856 -5.790493
v 7.672942 155.774063 -5.784286
v 7.779617 155.821472 -5.875453
v 7.802584 155.964142 -6.043665
v 7.689232 155.907394 -6.009286
v 7.989193 144.924301 -7.423837
v 8.505978 144.426041 -7.240066
v 9.034045 144.462158 -7.638956
v 8.457804 144.926544 -7.829982
v 6.508094 146.308792 -8.206943
v 5.808726 146.811783 -8.265787
v 5.466352 147.105865 -7.894362
v 6.130794 146.493698 -7.828454
v 10.592632 142.814331 -7.084160
v 9.916710 142.830292 -6.631476
v 10.334891 142.205307 -6.458594
v 11.058672 142.168167 -6.919951
v 6.236763 141.216568 -3.363213
v 6.352574 140.784714 -2.893051
v 7.029878 140.692291 -3.029724
v 6.864805 141.084732 -3.557741
v 9.440405 140.882538 -4.365839
v 8.797482 140.915604 -4.128275
v 9.004528 140.480423 -3.637223
v 9.630301 140.356659 -3.950623
v 11.558585 140.612885 -5.341896
v 11.836104 140.079544 -4.848255
v 12.775454 140.229462 -4.965957
v 12.447629 140.632431 -5.636961
v 3.442975 155.900909 -11.076775
v 3.323589 156.451355 -11.440248
v 3.772886 156.829361 -11.336939
v 3.873085 156.231949 -10.965694
v 3.184863 154.619141 -10.497160
v 2.845821 154.310135 -10.580301
v 2.737888 154.742203 -10.866540
v 3.118339 155.076065 -10.811251
v 2.473624 152.792450 -10.164525
v 2.328491 153.223419 -10.419476
v 2.635695 153.556152 -10.381077
v 2.751772 153.127258 -10.124707
v 3.315537 151.321213 -9.136934
v 3.159797 150.923172 -9.221715
v 2.966482 151.417999 -9.432636
v 3.150371 151.799500 -9.367008
v 4.261250 149.138016 -8.305907
v 4.308558 148.687851 -8.535974
v 3.954232 149.304108 -8.679887
v 3.961900 149.740067 -8.484232
v 5.310331 144.102859 -13.344407
v 6.267283 143.797409 -13.642000
v 6.131753 143.373459 -14.439808
v 5.170865 143.663651 -14.118769
v 4.639023 140.638474 -17.065557
v 3.622374 141.183136 -16.663465
v 4.142952 142.040192 -16.236288
v 5.157148 141.542801 -16.570307
v 6.205853 145.238998 -11.385614
v 5.303012 145.666306 -11.083047
v 5.234788 146.106354 -10.424706
v 6.093781 145.662354 -10.648821
v 5.620209 146.712463 -9.052860
v 4.939007 147.241333 -9.011654
v 4.809750 147.617340 -8.675259
v 5.407231 147.033951 -8.651555
v 4.033939 136.950745 0.727859
v 4.689348 136.625732 0.834775
v 4.952607 137.114975 0.476663
v 4.310848 137.425903 0.406942
v 5.048684 139.108780 -0.822384
v 4.919177 138.708160 -0.526113
v 5.518440 138.448624 -0.540734
v 5.640633 138.851318 -0.859068
v 5.174567 140.671387 -2.228464
v 5.214855 140.326294 -1.808346
v 5.830371 140.189713 -1.817310
v 5.786931 140.533798 -2.288580
v 5.087039 157.239838 -10.413275
v 5.040658 157.912994 -10.783619
v 5.405735 158.289719 -10.523634
v 5.437141 157.604828 -10.166474
v 6.277215 158.670074 -9.317123
v 6.298101 159.372757 -9.605118
v 6.536696 159.706131 -9.268751
v 6.503421 158.986481 -9.003520
v 6.981186 159.797119 -8.013448
v 7.045682 160.530853 -8.193844
v 7.146196 160.703476 -7.815907
v 7.077924 159.989624 -7.677534
v 7.159838 159.658279 -6.953644
v 7.105011 159.124649 -6.871505
v 7.031519 158.987289 -7.123690
v 7.086085 159.528900 -7.222572
v 7.035254 157.442917 -6.678972
v 6.935004 157.220444 -6.838156
v 6.970156 157.617386 -6.939410
v 7.057997 157.837784 -6.754545
v 8.294184 158.706360 -6.463088
v 8.359993 158.847931 -6.687149
v 8.370718 159.303421 -6.523130
v 8.278158 159.166489 -6.335389
v 8.876524 158.908600 -6.868703
v 8.763552 159.072372 -6.812600
v 8.663613 158.953140 -7.126009
v 8.724781 158.781418 -7.135887
v 8.366189 158.457428 -7.609112
v 8.667562 158.699570 -7.535797
v 8.711282 158.256973 -7.548986
v 8.498114 158.000061 -7.627667
v 7.401478 157.261734 -6.690579
v 7.637317 157.523285 -7.010695
v 7.708909 157.096176 -7.271103
v 7.555311 156.873764 -6.854846
v 7.280741 156.209595 -6.144789
v 7.317088 155.984436 -6.022133
v 7.503639 156.021317 -6.110618
v 7.451844 156.193375 -6.236203
v 7.517045 156.613327 -6.382640
v 7.560540 156.397766 -6.358580
v 7.722978 156.454239 -6.374749
v 7.678381 156.678116 -6.398001
v 8.223279 157.423477 -6.317956
v 8.136586 157.150879 -6.269086
v 8.196012 156.918961 -6.329607
v 8.303238 157.177673 -6.400403
v 4.540074 151.292313 -7.864789
v 4.370581 150.717270 -7.895240
v 4.219215 151.256500 -8.182651
v 4.402718 151.811142 -8.160959
v 5.491384 153.382767 -7.665621
v 5.232692 152.904480 -7.752097
v 5.148022 153.370865 -8.090693
v 5.418702 153.825897 -8.015246
v 6.253918 155.058685 -6.907516
v 6.112110 154.659149 -7.140422
v 6.096480 155.006424 -7.488404
v 6.295455 155.357819 -7.271582
v 6.442155 155.332260 -5.787383
v 6.292047 155.032333 -5.883137
v 6.315794 155.211136 -6.324719
v 6.438727 155.536179 -6.204577
v 6.957732 154.863388 -5.341797
v 6.779305 155.223953 -5.519350
v 7.058019 155.247818 -5.791417
v 7.151240 154.856262 -5.902913
v 7.497871 154.553635 -6.365649
v 7.828328 154.803131 -6.491274
v 7.899847 154.705612 -6.166802
v 7.681920 154.347519 -6.110759
v 7.820126 155.004990 -6.010638
v 7.823419 155.293030 -6.144168
v 7.756212 155.231064 -5.940845
v 7.695672 154.954895 -5.822323
v 8.179152 156.021347 -6.408747
v 8.258850 156.290527 -6.479091
v 8.150669 156.163116 -6.293535
v 8.088638 155.924896 -6.224785
v 7.926681 156.165131 -6.212815
v 8.056067 156.272034 -6.267163
v 8.068203 156.488922 -6.340896
v 7.921088 156.342575 -6.328177
v 10.168483 143.972092 -7.924314
v 10.755331 143.427322 -7.746154
v 11.432314 143.443893 -8.320916
v 10.759219 143.955276 -8.494016
v 8.680031 145.163834 -9.012882
v 7.920155 145.488098 -9.097802
v 7.558724 145.681992 -8.569205
v 8.270424 145.304626 -8.462121
v 13.335905 141.832733 -7.479868
v 12.418578 141.653931 -7.062075
v 12.943972 141.242065 -6.514877
v 13.876004 141.426804 -6.898122
v 7.808226 140.204803 -2.674548
v 7.769623 139.648849 -2.305538
v 8.385919 139.463516 -2.592845
v 8.428453 140.039749 -2.957061
v 10.364057 139.572891 -3.945048
v 10.457474 139.015381 -3.425760
v 11.304564 138.945969 -3.619461
v 11.158503 139.505447 -4.176932
v 4.711445 155.644577 -9.940827
v 4.304531 155.365097 -10.112399
v 4.332011 155.947388 -10.458549
v 4.734811 156.251770 -10.275793
v 3.537149 153.942566 -9.872677
v 3.540774 154.406830 -10.103834
v 3.859628 154.592514 -9.955694
v 3.788519 154.057800 -9.724203
v 3.210979 152.616623 -9.570374
v 3.108868 153.029404 -9.816125
v 3.334198 153.328339 -9.755594
v 3.409244 152.963364 -9.535531
v 3.922427 151.246170 -8.506499
v 3.800403 150.753464 -8.578437
v 3.628357 151.264603 -8.827345
v 3.776532 151.740341 -8.776610
v 7.262533 143.943390 -13.079026
v 7.230150 144.415482 -12.339685
v 8.162916 144.109131 -12.457613
v 8.207911 143.658417 -13.224852
v 7.956318 142.255554 -15.850723
v 7.687058 141.571350 -16.695433
v 6.605830 141.929443 -16.317501
v 6.911664 142.568375 -15.544050
v 7.738297 145.286636 -10.340626
v 6.830736 145.625977 -10.196411
v 6.598836 145.926590 -9.598455
v 7.443768 145.562241 -9.680256
v 5.840771 137.285614 0.131066
v 6.546511 136.978546 0.114185
v 6.694807 137.483429 -0.267858
v 6.011323 137.763596 -0.225705
v 6.429739 139.534485 -1.558875
v 6.355932 139.056381 -1.243405
v 6.985553 138.845230 -1.369900
v 7.061489 139.323029 -1.724441
v 6.016371 157.068634 -9.031481
v 5.753268 156.714188 -9.288436
v 5.758672 157.323807 -9.583234
v 6.023834 157.680099 -9.313298
v 6.760985 158.296585 -7.914348
v 6.617535 158.015137 -8.190223
v 6.645732 158.618515 -8.427299
v 6.796527 158.890091 -8.118647
v 6.923355 157.805695 -7.206103
v 6.838103 157.545990 -7.408385
v 6.852324 158.024887 -7.501842
v 6.936249 158.274048 -7.270598
v 6.703577 156.301147 -6.450143
v 6.591859 156.031158 -6.525269
v 6.671627 156.312576 -6.869992
v 6.758934 156.597946 -6.788886
v 8.437779 158.581482 -7.108758
v 8.331546 158.446350 -6.968429
v 8.158042 158.028244 -7.058298
v 8.308572 158.216568 -7.184366
v 8.618795 158.132843 -7.360972
v 8.606872 158.394089 -7.368048
v 8.404799 158.129776 -7.357954
v 8.439531 157.833740 -7.358234
v 8.169698 156.919708 -7.550108
v 8.428116 157.250427 -7.560303
v 8.504846 156.857178 -7.340467
v 8.329353 156.495270 -7.408944
v 7.025377 156.115601 -6.355903
v 7.427976 156.281540 -6.518178
v 7.533787 155.868195 -6.507883
v 7.226669 155.711792 -6.210939
v 8.232025 156.993057 -6.906398
v 8.185969 157.372681 -6.886605
v 8.328028 157.130005 -6.666976
v 8.326049 156.759033 -6.712461
v 4.795021 153.369949 -8.461168
v 4.521425 152.851257 -8.469952
v 4.416982 153.334259 -8.799151
v 4.723227 153.866608 -8.801446
v 5.888285 155.051834 -8.008066
v 5.634175 154.682755 -8.198902
v 5.653674 155.136444 -8.495921
v 5.924261 155.493225 -8.281023
v 6.643333 156.385376 -7.241424
v 6.508057 156.066467 -7.390181
v 6.552234 156.491196 -7.626863
v 6.688691 156.806351 -7.454804
v 7.983931 155.259369 -6.835631
v 7.835739 155.545242 -7.047252
v 8.164657 155.801727 -7.132720
v 8.214446 155.576202 -6.842484
v 8.076821 155.794220 -6.665104
v 8.176095 156.077484 -6.775663
v 8.162683 155.896866 -6.538367
v 8.038359 155.636292 -6.446259
v 12.840653 142.913956 -8.787884
v 13.560254 142.386734 -8.477914
v 14.233967 142.271500 -9.180807
v 13.441008 142.751984 -9.545094
v 10.977643 144.051285 -10.021694
v 10.180735 144.410919 -10.167821
v 9.822209 144.660675 -9.488885
v 10.565720 144.293045 -9.318969
v 9.708450 138.589355 -2.647786
v 8.991984 138.765701 -2.413020
v 8.968523 138.264389 -1.899910
v 9.741359 138.074860 -2.069233
v 5.387197 155.248123 -8.960711
v 5.035900 154.853119 -9.092430
v 5.067518 155.397995 -9.434470
v 5.425918 155.774811 -9.247442
v 4.023185 153.188705 -9.081972
v 3.818963 152.668549 -9.043432
v 3.690389 153.012787 -9.304889
v 3.863996 153.473251 -9.362377
v 8.969799 144.248932 -11.765492
v 8.811480 144.644989 -11.062086
v 9.636030 144.372360 -10.993977
v 9.839146 143.980148 -11.727930
v 10.242606 142.717178 -14.299406
v 10.279744 142.259689 -15.313186
v 9.177541 142.502686 -15.160288
v 9.202293 142.947311 -14.204414
v 8.245650 137.985504 -1.252100
v 7.557018 138.199844 -1.122785
v 7.495848 137.722778 -0.715355
v 8.226254 137.481171 -0.800885
v 6.418470 156.645004 -8.033684
v 6.212789 156.314651 -8.274576
v 6.228113 156.838974 -8.505090
v 6.430998 157.164948 -8.247135
v 8.249698 156.595856 -7.028985
v 8.419512 156.882996 -7.071084
v 8.369596 157.204681 -7.158117
v 8.213453 156.906296 -7.080602
v 12.218324 143.337021 -10.642394
v 13.088413 142.899307 -10.511436
v 13.490895 142.499603 -11.237001
v 12.578316 142.942764 -11.406824
v 12.183949 142.543549 -13.229638
v 11.151793 142.855530 -13.328028
v 10.947391 143.247467 -12.442889
v 11.912902 142.923325 -12.342578
v -0.542409 158.973999 6.581312
v -0.753105 158.687744 6.568893
v -0.513734 158.593109 6.851274
v -0.271590 158.824570 6.775502
v -0.461819 158.206360 7.128927
v -0.659636 157.917374 7.145278
v -0.441387 157.843979 7.446891
v -0.206254 158.100296 7.373319
v -0.494106 159.307495 6.330914
v -0.236243 159.479996 6.309886
v -0.412158 159.593292 6.142531
v -0.623330 159.400208 6.068900
v -1.178259 158.291214 5.833169
v -1.290529 157.961853 5.834714
v -1.142559 157.999405 6.153310
v -1.019874 158.345093 6.169053
v -0.697776 157.232346 7.820755
v -0.456196 157.130249 8.103843
v -0.178511 157.356979 8.007876
v -0.435428 157.489044 7.772821
v -1.238185 157.358414 6.399628
v -1.105166 157.323380 6.755472
v -0.971552 157.638779 6.792995
v -1.123686 157.669846 6.455906
v -0.529287 159.957504 5.897433
v -0.369506 159.868881 6.032019
v -0.196127 160.044922 6.094127
v -0.388708 160.116302 6.075395
v -0.944259 159.126694 5.420207
v -0.820001 159.306564 5.633492
v -0.835723 159.439056 5.380926
v -0.941708 159.268967 5.175869
v -1.826344 157.302368 5.224910
v -1.671797 157.358047 5.480219
v -1.560734 157.617966 5.528255
v -1.732978 157.564301 5.277880
v -1.442128 158.397980 5.222345
v -1.250938 158.512390 5.473830
v -1.159367 158.773605 5.355621
v -1.338105 158.636047 5.118985
v -0.391019 154.280029 6.852013
v -0.606845 154.102173 6.874048
v -0.445272 153.867020 6.823545
v -0.255361 154.040817 6.759518
v -0.263534 154.909943 6.828956
v -0.461343 154.759109 6.830897
v -0.344454 154.586197 6.843259
v -0.174553 154.731537 6.828089
v -0.685359 156.487823 8.254437
v -0.447642 156.318619 8.453702
v -0.196301 156.556717 8.521073
v -0.462899 156.739838 8.346946
v -1.270566 156.772156 7.085193
v -1.172017 156.758362 7.432646
v -1.047830 157.014587 7.471810
v -1.149344 157.027191 7.106485
v -1.731447 156.948212 5.531495
v -1.614477 156.979767 5.804147
v -1.495905 157.167297 5.962874
v -1.633909 157.162918 5.664578
v -0.605828 160.538269 6.317220
v -0.402323 160.401199 6.240392
v -0.188670 160.625137 6.325554
v -0.389764 160.785431 6.431457
v -0.794917 159.872391 5.498922
v -0.958522 159.959686 5.190860
v -0.945530 159.789734 4.977376
v -0.827196 159.706329 5.293044
v -1.196333 159.134689 4.679969
v -1.090999 159.244751 4.778076
v -1.167679 159.355484 4.626685
v -1.254207 159.263443 4.580367
v -1.905358 157.934082 4.846312
v -2.005772 157.676788 4.846941
v -1.817191 157.762817 5.068066
v -1.730876 158.033585 5.058573
v -2.492833 156.608063 4.748265
v -2.243465 156.696228 4.913254
v -2.130428 156.971283 4.956228
v -2.362165 156.885910 4.758934
v -1.575480 158.586243 4.656936
v -1.387875 158.697601 4.798266
v -1.331635 158.869003 4.682279
v -1.526646 158.751755 4.569571
v -0.611056 153.324768 6.812848
v -0.436897 153.124023 6.782431
v -0.291860 153.195831 6.857959
v -0.462640 153.454666 6.862446
v -1.289338 153.911469 6.540245
v -1.114347 153.781830 6.663314
v -0.965124 154.053497 6.743093
v -1.119571 154.200989 6.608170
v -0.215390 155.149994 6.936211
v -0.097461 155.174789 7.108738
v -0.195705 155.251785 7.234237
v -0.287918 155.261230 7.031538
v -0.971218 154.933090 6.504435
v -1.149098 154.755463 6.345919
v -1.051455 154.581390 6.541366
v -0.845322 154.773209 6.692689
v -0.383610 155.942184 8.314201
v -0.542198 155.824417 8.100726
v -0.307751 155.703812 8.069376
v -0.137681 155.816437 8.234543
v -1.166854 156.483658 7.660256
v -1.254996 156.283691 7.543075
v -1.099888 156.202652 7.744993
v -1.021865 156.400314 7.902653
v -1.563899 156.625397 6.788355
v -1.646502 156.642960 6.481472
v -1.765141 156.474365 6.529011
v -1.672558 156.429123 6.791655
v -1.646999 156.801743 5.857249
v -1.751385 156.629074 5.671589
v -1.746923 156.606384 5.883502
v -1.641745 156.734314 6.072622
v -2.114535 156.516327 5.012598
v -2.195791 156.215088 4.993335
v -2.000794 156.356522 5.116127
v -1.940387 156.633423 5.188322
v -0.694611 161.524857 6.594471
v -0.411735 161.267044 6.563146
v -0.215065 161.550751 6.527362
v -0.485437 161.820419 6.554250
v -1.733767 160.497452 6.195216
v -1.428734 160.309601 6.015421
v -1.135432 160.517288 6.222224
v -1.442729 160.711624 6.372372
v -1.167976 159.648956 4.549884
v -1.347743 159.692184 4.407845
v -1.345640 159.556610 4.422849
v -1.214713 159.517517 4.535821
v -1.492708 160.162048 5.435740
v -1.795691 160.170502 5.145796
v -1.622154 160.131821 4.882626
v -1.321170 160.146912 5.132154
v -1.649706 159.301956 4.375744
v -1.593958 159.254059 4.407109
v -1.447472 159.285034 4.460908
v -1.555168 159.316681 4.415155
v -2.825012 157.021271 4.414213
v -2.515731 157.085495 4.609340
v -2.374715 157.346725 4.629250
v -2.688376 157.292328 4.450654
v -2.282249 158.034637 4.522949
v -2.003433 158.086594 4.635685
v -1.887426 158.312027 4.603283
v -2.155749 158.255692 4.527421
v -3.214325 156.170258 4.448583
v -3.327274 155.875107 4.472709
v -3.003484 155.940262 4.638853
v -2.894063 156.238434 4.605792
v -2.022388 158.811966 4.473456
v -1.943583 158.722488 4.489947
v -1.757983 158.812546 4.481554
v -1.858698 158.921524 4.466680
v -0.410713 152.841324 6.655986
v -0.525361 152.750198 6.509683
v -0.378639 152.624146 6.422109
v -0.244780 152.692871 6.590630
v -1.070729 153.435654 6.673918
v -1.182667 153.233582 6.595948
v -1.000578 153.135178 6.611733
v -0.900513 153.320282 6.724346
v -1.620870 153.752457 6.373592
v -1.837682 153.846863 6.235138
v -1.924047 153.569336 6.218006
v -1.716598 153.490646 6.330659
v -0.233762 155.534424 7.806221
v -0.317292 155.469452 7.617762
v -0.198006 155.373627 7.533420
v -0.086553 155.460587 7.682219
v -0.525498 155.463242 6.742333
v -0.390362 155.415009 6.908157
v -0.315359 155.549866 6.958313
v -0.452285 155.599762 6.781159
v -1.607301 154.909927 5.805614
v -1.639106 154.741943 5.941189
v -1.411205 154.797974 6.051587
v -1.428391 154.946594 5.911905
v -0.926124 155.237930 6.470662
v -0.784817 155.398346 6.539469
v -0.863860 155.485977 6.378242
v -0.956796 155.340668 6.314358
v -1.009304 155.949036 7.711981
v -1.069181 155.842133 7.524082
v -0.910518 155.753281 7.608524
v -0.843870 155.840103 7.808981
v -1.639703 156.195282 6.991780
v -1.702734 156.010544 6.900232
v -1.546932 155.984741 7.093565
v -1.489918 156.155899 7.214840
v -1.897601 156.342377 6.249308
v -1.878376 156.397995 5.992691
v -1.957740 156.186050 5.923377
v -1.978645 156.129990 6.188258
v -1.912530 156.246933 5.217688
v -1.922758 156.038895 5.219153
v -1.869794 156.160553 5.330340
v -1.833011 156.371185 5.363064
v -2.803161 155.697357 4.802098
v -2.874381 155.374802 4.822553
v -2.624510 155.464294 4.913661
v -2.534171 155.787933 4.907035
v -0.941756 162.667435 6.287513
v -0.590340 162.358749 6.346235
v -0.330930 162.603729 6.191223
v -0.668149 162.914627 6.133252
v -1.975163 161.502228 6.501519
v -1.551218 161.225113 6.533926
v -1.288760 161.503311 6.586967
v -1.719121 161.787537 6.571289
v -2.686158 160.812622 6.072239
v -2.914907 160.611206 5.845970
v -2.590944 160.379333 5.830838
v -2.336676 160.542099 6.076240
v -1.661257 159.489471 4.383082
v -1.668099 159.390915 4.357103
v -1.583342 159.386200 4.405092
v -1.520665 159.490707 4.411579
v -1.748127 159.963333 4.564309
v -1.955911 159.997177 4.516753
v -1.808649 159.880127 4.435121
v -1.617454 159.849213 4.446401
v -2.532947 160.189407 5.420967
v -2.773991 160.178452 5.190398
v -2.535778 160.178009 5.009014
v -2.279531 160.165955 5.204942
v -1.934844 159.182083 4.378243
v -2.055247 159.095123 4.389886
v -1.879455 159.082275 4.423469
v -1.765480 159.174805 4.405741
v -1.705769 159.325867 4.328050
v -1.689909 159.332336 4.290051
v -1.717785 159.314713 4.247712
v -1.748885 159.316818 4.278497
v -3.210781 157.795532 4.339659
v -3.380570 157.532883 4.279848
v -2.916727 157.521072 4.381972
v -2.773185 157.777893 4.426383
v -3.820868 156.373398 4.091790
v -3.447210 156.408478 4.251451
v -3.317751 156.693924 4.228301
v -3.709761 156.667618 4.084652
v -2.586346 158.382904 4.461485
v -2.316245 158.398651 4.479417
v -2.188399 158.548401 4.484511
v -2.414357 158.516495 4.463257
v -4.068115 155.443558 4.056096
v -4.105461 155.120132 4.054915
v -3.814600 155.180878 4.350633
v -3.759732 155.513031 4.292583
v -2.478847 158.653809 4.465720
v -2.328143 158.778320 4.456461
v -2.514606 158.815903 4.447837
v -2.683940 158.681946 4.452173
v -0.369427 152.595230 6.087709
v -0.440215 152.626907 5.878570
v -0.326615 152.692169 5.722484
v -0.220162 152.607559 5.914771
v -0.920746 152.830856 6.492299
v -1.003189 152.730362 6.340857
v -0.852400 152.693146 6.253843
v -0.763850 152.745453 6.432347
v -1.621196 153.198715 6.392765
v -1.684327 153.025177 6.306633
v -1.512085 152.975464 6.356995
v -1.445401 153.133270 6.458973
v -2.377143 153.414124 5.885611
v -2.415970 153.197708 5.833249
v -2.227255 153.167511 5.968185
v -2.187681 153.382538 6.037042
v -2.109348 154.432907 5.813381
v -2.166066 154.168961 5.899056
v -1.947904 154.171066 6.024854
v -1.904207 154.465179 5.949883
v -0.414438 155.835007 7.514055
v -0.167448 156.004333 7.374923
v -0.170283 155.747452 7.266722
v -0.347957 155.663544 7.471781
v -0.512036 155.861267 6.663093
v -0.364248 156.053253 6.705835
v -0.380760 156.161423 6.509187
v -0.582550 155.974182 6.485037
v -1.648306 155.180603 6.074896
v -1.497023 155.095566 6.064162
v -1.438807 155.176346 6.199091
v -1.586792 155.237320 6.231040
v -1.825893 155.243286 5.373107
v -1.903961 155.068283 5.458460
v -1.727445 155.051468 5.570251
v -1.720116 155.217529 5.522611
v -1.251912 155.297607 6.260606
v -1.109432 155.362610 6.243711
v -1.138355 155.486694 6.219461
v -1.232649 155.431488 6.297576
v -0.756394 155.648941 6.208838
v -0.676218 155.852478 6.244011
v -0.657967 155.877533 5.981467
v -0.774988 155.665436 5.998331
v -0.683196 155.822983 7.453138
v -0.811925 155.711792 7.436139
v -0.888972 155.788239 7.267371
v -0.781570 155.887817 7.300552
v -1.416437 155.827515 7.105311
v -1.433212 155.711411 6.948763
v -1.291346 155.722427 7.062073
v -1.265618 155.808578 7.234801
v -1.884173 155.829086 6.600672
v -1.975708 155.851776 6.365710
v -1.961829 155.632538 6.272091
v -1.873742 155.635498 6.490623
v -1.900761 156.008392 5.453835
v -1.910691 155.804916 5.441657
v -1.952144 155.754166 5.604611
v -1.940842 155.987686 5.635802
v -2.064924 155.517700 5.160051
v -1.927572 155.479767 5.237424
v -1.904950 155.670029 5.282462
v -1.967852 155.729309 5.196729
v -2.337839 155.281326 5.087708
v -2.518099 155.234497 5.003857
v -2.622449 154.959091 5.056936
v -2.450063 155.026535 5.155240
v -3.482086 154.910812 4.567708
v -3.494461 154.611313 4.591899
v -3.239465 154.701599 4.757604
v -3.192683 154.987549 4.725301
v -1.098143 163.844269 5.907933
v -0.718921 163.505753 5.975511
v -0.390932 163.818039 5.910179
v -0.771657 164.195740 5.905197
v -2.300590 162.646072 6.239912
v -1.885180 162.389069 6.432848
v -1.605173 162.691818 6.319946
v -2.014745 162.962158 6.151014
v -3.207367 161.448608 5.890347
v -2.846843 161.276016 6.125723
v -2.624187 161.502640 6.264154
v -3.004389 161.695251 6.050644
v -3.846030 160.736588 5.424441
v -4.054404 160.522980 5.269537
v -3.716299 160.441711 5.361447
v -3.496526 160.618393 5.545614
v -1.713117 159.389038 4.303772
v -1.769107 159.427078 4.282029
v -1.714452 159.397156 4.256290
v -1.689860 159.368469 4.277613
v -1.890523 159.770081 4.387546
v -2.068333 159.765457 4.406899
v -1.987540 159.618195 4.384479
v -1.831459 159.618546 4.380863
v -2.567467 160.211624 4.714503
v -2.798141 160.222794 4.727700
v -2.559281 160.245346 4.625025
v -2.348006 160.174210 4.581650
v -3.591488 160.237167 5.188455
v -3.790236 160.134903 5.024837
v -3.511220 160.114197 5.002716
v -3.284368 160.196411 5.128550
v -2.535709 158.938156 4.431558
v -2.372025 159.021927 4.394887
v -2.546254 159.024567 4.397956
v -2.719244 158.938095 4.429807
v -1.995499 159.247070 4.295066
v -1.908224 159.270966 4.216897
v -2.016180 159.228348 4.085445
v -2.118809 159.236816 4.188253
v -1.776875 159.298065 4.214690
v -1.778401 159.314941 4.229584
v -1.926907 159.265686 4.144039
v -1.929106 159.253769 4.126834
v -4.589426 156.976471 3.781003
v -4.065253 156.965881 3.997692
v -3.999614 157.282516 4.058030
v -4.531535 157.316406 3.787733
v -3.374352 158.069489 4.334608
v -3.097563 158.238968 4.413635
v -3.386102 158.291641 4.368685
v -3.696959 158.164688 4.260642
v -4.632313 155.998596 3.593345
v -4.666064 155.659393 3.560479
v -4.324431 155.701538 3.822810
v -4.263132 156.025909 3.849614
v -4.600325 154.633255 3.421617
v -4.546798 154.289948 3.407201
v -4.310320 154.374191 3.751831
v -4.352009 154.706879 3.747897
v -3.358864 158.472504 4.389112
v -3.115847 158.584625 4.430356
v -3.343947 158.620834 4.395628
v -3.594615 158.544052 4.325508
v -0.349260 153.045029 5.453013
v -0.526448 153.315689 5.398123
v -0.450996 153.717300 5.403444
v -0.242867 153.347794 5.447505
v -0.766078 152.620483 5.971751
v -0.863742 152.617889 5.755546
v -0.752849 152.675186 5.622807
v -0.652086 152.606323 5.821204
v -1.388577 152.769913 6.244936
v -1.438843 152.654602 6.122629
v -1.299899 152.665436 6.047847
v -1.230160 152.706497 6.216818
v -1.909662 152.903381 6.132512
v -2.087405 152.941589 6.029907
v -2.121232 152.799454 5.921310
v -1.949638 152.768784 6.015124
v -2.751668 152.996155 5.499507
v -2.739628 152.816040 5.430904
v -2.594060 152.824570 5.561597
v -2.595654 153.001190 5.634400
v -2.623162 153.873199 5.609218
v -2.671246 153.643616 5.604098
v -2.496374 153.654236 5.770469
v -2.431736 153.895035 5.774107
v -2.354699 154.829437 5.338823
v -2.436568 154.594284 5.443187
v -2.245613 154.637222 5.569918
v -2.170623 154.864578 5.452929
v -0.176413 156.305923 7.257942
v -0.343882 156.409286 7.245773
v -0.292050 156.466156 7.108194
v -0.194027 156.292618 7.024327
v -0.422824 156.593094 6.480156
v -0.630496 156.595184 6.674336
v -0.867066 156.527878 6.601869
v -0.675305 156.657150 6.344717
v -1.701306 155.511017 6.547459
v -1.624942 155.390900 6.442799
v -1.521175 155.469513 6.558102
v -1.566990 155.567154 6.683325
v -1.836247 155.315887 5.723210
v -1.827902 155.283920 5.918483
v -1.938621 155.447800 5.967852
v -1.935371 155.486710 5.756654
v -1.366018 155.503174 6.536896
v -1.292732 155.514587 6.429418
v -1.279771 155.638016 6.480767
v -1.294821 155.602692 6.614650
v -1.119537 155.610077 6.049709
v -1.024152 155.604950 5.893304
v -1.159833 155.736298 5.764921
v -1.230194 155.750229 6.005971
v -1.123799 156.489288 5.877430
v -1.041893 156.224854 5.461425
v -0.667134 156.252808 5.542655
v -0.747504 156.646057 5.754999
v -0.756185 156.118500 7.186974
v -0.841935 156.173462 7.040963
v -0.703242 156.338684 7.086438
v -0.611618 156.307053 7.205554
v -1.182275 155.695801 6.986235
v -1.211001 155.699478 6.829065
v -1.134889 155.806961 6.900986
v -1.076925 155.771866 7.056072
v -3.063557 154.523376 4.894266
v -3.135612 154.278137 4.907414
v -2.959479 154.376068 5.043700
v -2.869241 154.610764 4.999377
v -3.997409 154.133499 4.104663
v -3.968183 153.836105 4.127892
v -3.754885 153.946426 4.410226
v -3.747111 154.226486 4.384689
v -1.275852 165.422455 5.687266
v -0.833999 164.998856 5.820923
v -0.452794 165.448090 5.745079
v -0.890988 165.904037 5.566452
v -2.561743 163.760849 5.625388
v -2.132011 163.505081 5.827811
v -1.828419 163.836899 5.801987
v -2.275710 164.142715 5.668338
v -3.562313 162.346085 5.624799
v -3.191580 162.176544 5.934171
v -2.965502 162.524002 6.000911
v -3.354595 162.711014 5.696740
v -4.179540 161.393326 5.294278
v -4.376400 161.113724 5.177342
v -4.006253 161.064148 5.399905
v -3.798681 161.319138 5.524453
v -4.778210 160.397263 4.718793
v -4.839213 160.237106 4.527693
v -4.610893 160.228714 4.718438
v -4.513635 160.383545 4.921363
v -1.739054 159.421066 4.229394
v -1.822250 159.453690 4.179576
v -1.840640 159.427322 4.214132
v -1.744976 159.388885 4.239377
v -2.040432 159.549973 4.321717
v -2.149745 159.593353 4.277398
v -2.052258 159.540359 4.224380
v -1.939401 159.495956 4.286622
v -2.376064 159.912842 4.509291
v -2.551224 160.087845 4.592909
v -2.753409 160.011658 4.670198
v -2.545024 159.889481 4.574860
v -3.473218 160.043030 4.866267
v -3.665899 159.998230 4.792753
v -3.456510 160.107269 4.808512
v -3.246831 160.114670 4.812438
v -4.458715 160.081146 4.667312
v -4.534847 159.957413 4.478119
v -4.323553 159.950638 4.598102
v -4.214855 160.058563 4.785512
v -3.320421 158.740433 4.398695
v -3.107365 158.822021 4.427217
v -3.301160 158.842560 4.415095
v -3.529874 158.779114 4.361622
v -2.541918 159.100540 4.337745
v -2.375861 159.174423 4.242780
v -2.491216 159.183517 4.214437
v -2.680707 159.098755 4.318519
v -2.075718 159.221909 4.035666
v -2.045746 159.218750 4.033973
v -2.139862 159.212814 4.024573
v -2.196639 159.213257 4.027512
v -2.023676 159.254898 4.064305
v -2.020508 159.300491 4.058585
v -2.059236 159.267731 4.029219
v -2.067024 159.235336 4.025251
v -5.586990 157.696777 3.026334
v -5.045804 157.654068 3.405788
v -5.005922 157.950714 3.366688
v -5.469002 157.996719 2.969568
v -5.558135 156.262604 2.961730
v -5.059930 156.297745 3.334627
v -5.105646 156.628815 3.386897
v -5.618011 156.622208 2.981672
v -4.621315 158.202438 3.664819
v -4.257054 158.229080 3.943677
v -4.385109 158.409790 3.800233
v -4.687156 158.423737 3.554531
v -5.315877 155.204025 2.883749
v -5.224241 154.838135 2.827327
v -4.928464 154.909439 3.151073
v -4.982570 155.263184 3.205048
v -4.914364 153.732025 2.702747
v -4.790067 153.355392 2.702480
v -4.600133 153.489182 3.087087
v -4.696524 153.843262 3.070608
v -4.276182 158.584595 3.920992
v -4.034910 158.603760 4.088856
v -4.211257 158.721436 4.004060
v -4.407579 158.741562 3.824078
v -0.850263 147.537415 3.951519
v -0.599481 147.457474 3.658897
v -0.399717 147.552261 4.008865
v -0.648965 147.614883 4.284939
v -0.916473 147.919052 4.984728
v -0.666991 147.795914 4.788713
v -0.416531 147.933044 5.028250
v -0.661473 148.092270 5.214727
v -0.828348 155.536682 2.263385
v -1.340654 155.595078 1.602380
v -1.094523 155.626755 0.352408
v -0.515988 155.614929 1.204587
v -0.636421 154.745087 5.153080
v -1.001930 155.161942 4.758260
v -0.721493 155.346222 3.944421
v -0.388517 155.247635 4.654675
v -0.819339 152.984695 5.338912
v -1.025621 153.194946 5.231018
v -1.034881 153.513290 5.238999
v -0.787141 153.260315 5.322464
v -1.210046 152.615402 5.785377
v -1.274392 152.602386 5.590837
v -1.168326 152.657593 5.472178
v -1.074521 152.615540 5.673681
v -1.826569 152.608124 5.957452
v -1.845293 152.492249 5.815260
v -1.672849 152.487656 5.807510
v -1.660080 152.565552 5.991870
v -2.445609 152.691528 5.596429
v -2.438617 152.573334 5.501177
v -2.319572 152.574417 5.600349
v -2.311229 152.687592 5.711512
v -2.869636 152.648331 5.239840
v -3.036964 152.632614 5.108444
v -2.983246 152.509735 5.050188
v -2.821317 152.526169 5.171061
v -2.887157 153.406357 5.419584
v -3.069326 153.365005 5.258663
v -3.088517 153.160110 5.243223
v -2.905032 153.191254 5.393166
v -2.699035 154.302155 5.381846
v -2.868673 154.230362 5.220528
v -2.934529 154.003281 5.240253
v -2.761925 154.066605 5.420010
v -0.460276 156.540970 6.999546
v -0.605186 156.491974 7.003020
v -0.558474 156.560013 6.903003
v -1.142606 156.011429 6.820055
v -1.189714 156.093384 6.659595
v -1.083400 156.231064 6.713706
v -1.041685 156.124619 6.863206
v -1.288347 155.847198 6.377827
v -1.292044 155.902466 6.213137
v -1.275789 156.089340 6.249325
v -1.269248 156.017853 6.428929
v -3.556111 153.803406 4.626934
v -3.590614 153.564514 4.631570
v -3.444033 153.706955 4.784660
v -3.381670 153.932526 4.778243
v -4.333084 153.283920 3.482509
v -4.286429 152.958572 3.543783
v -4.108899 153.114410 3.888958
v -4.147874 153.417862 3.841738
v -1.416190 167.307938 4.805260
v -0.936919 166.880035 5.149134
v -0.491257 167.411331 4.913664
v -0.979420 167.846863 4.515382
v -2.892800 165.202118 5.241795
v -2.419046 164.887543 5.516849
v -2.096216 165.347565 5.512827
v -2.573843 165.691650 5.219865
v -3.854649 163.418396 5.006624
v -3.493010 163.244034 5.363294
v -3.249006 163.620911 5.368060
v -3.641990 163.832626 5.051194
v -4.644304 161.880569 4.765558
v -4.324431 161.786011 5.111588
v -4.113021 162.129929 5.199268
v -4.439348 162.247391 4.840016
v -5.166095 160.864105 4.487026
v -5.218310 160.583847 4.363136
v -4.967316 160.597412 4.644470
v -4.871230 160.857590 4.780960
v -5.182256 160.035736 3.901301
v -5.157688 159.870972 3.762816
v -5.042881 159.941284 3.976335
v -5.042814 160.084930 4.132373
v -1.975860 159.395752 4.100974
v -1.915480 159.422806 4.139549
v -1.949515 159.464096 4.099217
v -1.988442 159.442490 4.081840
v -2.051311 159.547256 4.110265
v -2.168329 159.581299 4.103165
v -2.040524 159.566696 4.090853
v -1.915342 159.499649 4.104191
v -2.357547 159.688675 4.317125
v -2.522036 159.795120 4.459372
v -2.670143 159.817291 4.466049
v -2.477650 159.721542 4.320926
v -3.431219 160.035080 4.821989
v -3.640492 159.930908 4.777390
v -3.392040 159.915298 4.792746
v -3.169604 159.998428 4.803126
v -4.227235 159.896210 4.511307
v -4.351462 159.879898 4.347273
v -4.208904 159.943741 4.449381
v -4.049088 159.946442 4.598794
v -4.909935 159.825714 4.025489
v -4.872558 159.730179 3.904003
v -4.760287 159.759125 4.034732
v -4.759060 159.837631 4.177015
v -4.153477 158.833603 4.049961
v -3.954387 158.829590 4.184308
v -4.114340 158.939560 4.100952
v -4.294881 158.952957 3.966369
v -3.282140 158.933212 4.380977
v -3.062860 159.004654 4.352392
v -3.265218 158.996521 4.309562
v -3.481094 158.958496 4.304147
v -2.468175 159.189651 4.147144
v -2.351102 159.199921 4.073054
v -2.453885 159.156967 4.122759
v -2.606557 159.123459 4.192475
v -2.181221 159.206131 4.021356
v -2.285298 159.212204 4.029924
v -2.299234 159.205460 4.032312
v -2.228346 159.206558 4.024206
v -2.150625 159.257538 4.036042
v -2.175859 159.298569 4.041219
v -2.252577 159.258453 4.030179
v -2.257988 159.237000 4.030099
v -5.965301 158.476044 2.255661
v -5.696967 158.347977 2.578645
v -5.565784 158.607239 2.617853
v -5.817451 158.732742 2.331385
v -6.326027 157.165298 2.101827
v -6.040268 157.054321 2.562759
v -6.020057 157.424347 2.587330
v -6.286429 157.539734 2.139838
v -6.157965 155.952713 2.070193
v -6.009500 155.547333 2.080716
v -5.760148 155.535416 2.534318
v -5.869106 155.914322 2.535082
v -5.221838 158.746445 2.943336
v -4.955740 158.668961 3.187070
v -4.940456 158.866959 3.149503
v -5.160944 158.943329 2.945500
v -5.576661 154.329407 1.998393
v -5.462043 153.916428 1.967062
v -5.267515 154.004684 2.356925
v -5.387166 154.391754 2.399275
v -5.150179 152.636551 1.976106
v -5.068980 152.190109 2.001101
v -4.849954 152.383560 2.430715
v -4.938813 152.796432 2.390135
v -4.768992 158.986038 3.317093
v -4.643221 158.937759 3.527632
v -4.694083 159.087875 3.452633
v -4.782743 159.146317 3.277011
v -0.710941 147.231110 2.635245
v -0.477078 147.144485 2.355015
v -0.315417 147.212250 2.676333
v -0.546447 147.306122 2.982528
v -1.742841 147.626556 3.731746
v -1.466556 147.536575 3.472643
v -1.300762 147.569397 3.850726
v -1.576555 147.639511 4.099441
v -0.875112 148.766113 5.614804
v -0.643171 148.523514 5.509694
v -0.393382 148.757690 5.590016
v -0.610746 149.010574 5.676986
v -1.881927 148.005768 4.752008
v -1.637090 147.817505 4.602298
v -1.410657 147.941467 4.888141
v -1.652638 148.148560 5.026862
v -1.586277 155.086105 -1.978926
v -2.492829 154.097107 -2.734625
v -1.655000 153.162521 -3.802007
v -0.981744 154.415787 -3.299795
v -2.144114 155.275574 3.499863
v -2.524176 154.949844 3.455859
v -2.712934 155.128937 2.508734
v -2.084579 155.419998 2.456912
v -1.384647 154.200912 4.980319
v -1.718127 154.389740 4.712896
v -1.802277 154.919739 4.449714
v -1.435779 154.779037 4.767483
v -1.254468 152.882614 5.174245
v -1.500957 153.046051 5.027198
v -1.564685 153.317261 5.013061
v -1.262406 153.117477 5.131335
v -1.574829 152.516785 5.568688
v -1.634212 152.506760 5.351088
v -1.545786 152.581116 5.263304
v -1.457578 152.553497 5.483478
v -2.016134 152.396515 5.628289
v -2.187991 152.446579 5.577727
v -2.168602 152.355453 5.439797
v -2.035649 152.359375 5.470066
v -2.627604 152.446320 5.200864
v -2.589028 152.383194 5.111935
v -2.503181 152.395294 5.203152
v -2.524380 152.461136 5.302268
v -3.209548 152.305649 4.764602
v -3.127138 152.225861 4.737869
v -3.005804 152.297318 4.827253
v -3.075917 152.372437 4.876701
v -3.425194 152.828400 4.900492
v -3.398838 152.665085 4.871354
v -3.243136 152.741821 5.015365
v -3.264548 152.911835 5.052953
v -3.346683 153.614426 4.939570
v -3.390254 153.403778 4.945163
v -3.214432 153.499786 5.094491
v -3.181512 153.714264 5.096728
v -3.923035 153.003418 4.214747
v -3.903495 152.770493 4.215012
v -3.774386 152.952927 4.416224
v -3.760783 153.175110 4.434101
v -4.583687 152.232162 2.918218
v -4.502908 151.921066 3.078712
v -4.357307 152.191650 3.430876
v -4.408731 152.467697 3.277987
v -1.561095 168.949493 2.932916
v -1.028354 168.691818 3.556388
v -0.547006 169.101181 2.964106
v -1.097335 169.356354 2.289206
v -3.171514 166.833740 4.244044
v -2.682086 166.533508 4.720403
v -2.307452 167.112686 4.599569
v -2.792098 167.405228 4.109344
v -4.242205 164.696655 4.345140
v -3.832978 164.498215 4.769442
v -3.626420 164.993179 4.858933
v -4.071097 165.220520 4.415298
v -4.907715 162.838425 4.102477
v -4.586562 162.748764 4.530487
v -4.407810 163.167923 4.595114
v -4.781664 163.295212 4.196035
v -5.337227 161.594269 3.880161
v -5.481247 161.209030 3.832350
v -5.280657 161.199432 4.227036
v -5.116788 161.573578 4.301522
v -5.549258 160.277374 3.615885
v -5.486168 160.053650 3.498544
v -5.347238 160.134171 3.790400
v -5.390103 160.326462 3.929770
v -5.258179 159.535065 3.275882
v -5.136504 159.511734 3.265866
v -5.089805 159.575439 3.428129
v -5.185840 159.630875 3.463533
v -2.067463 159.445465 4.076183
v -2.107460 159.500229 4.063678
v -2.144070 159.461075 4.041962
v -2.121400 159.402023 4.061161
v -2.060584 159.576004 4.081721
v -2.134165 159.600632 4.081475
v -2.095308 159.577194 4.076258
v -2.008678 159.541458 4.081454
v -2.432796 159.696426 4.248068
v -2.588918 159.807175 4.321892
v -2.378187 159.718979 4.205898
v -2.298427 159.648590 4.156893
v -3.109671 159.890610 4.606290
v -3.358804 159.892471 4.685912
v -3.561873 159.873077 4.593003
v -3.313771 159.906494 4.571604
v -4.202714 159.879059 4.432569
v -4.331242 159.782974 4.294027
v -4.162624 159.769440 4.392609
v -4.039947 159.854752 4.550448
v -4.682702 159.747070 4.009108
v -4.739349 159.729126 3.860108
v -4.663936 159.791504 3.945710
v -4.581226 159.793518 4.100267
v -4.967711 159.619583 3.566970
v -4.899904 159.629669 3.558478
v -4.856835 159.669067 3.693201
v -4.912929 159.663651 3.706673
v -4.634689 159.170807 3.550420
v -4.527236 159.125824 3.721062
v -4.563385 159.270218 3.642613
v -4.663123 159.314392 3.493208
v -4.063104 159.023621 4.088773
v -3.880400 158.996887 4.160508
v -4.022518 159.078232 4.053995
v -4.173543 159.118958 3.976260
v -3.241923 158.971710 4.275451
v -2.989858 158.979797 4.258859
v -3.175494 158.839218 4.197201
v -3.428787 158.875702 4.204113
v -2.455908 159.108047 4.095204
v -2.419328 159.140518 4.088206
v -2.359357 159.167282 4.051490
v -2.393246 159.139343 4.059006
v -2.321188 159.181168 4.021860
v -2.303080 159.206879 4.026083
v -2.296648 159.213852 4.023187
v -2.306983 159.186050 4.013082
v -2.216954 159.223495 3.952723
v -2.250584 159.258118 4.003669
v -2.185191 159.304626 3.968476
v -2.164767 159.266769 3.913365
v -6.040576 159.296219 2.056633
v -5.873449 159.115662 2.229642
v -5.775740 159.287582 2.404763
v -5.951536 159.447708 2.282063
v -6.529067 158.262527 1.380147
v -6.391111 158.052856 1.781419
v -6.282964 158.364456 1.866485
v -6.418897 158.571594 1.520947
v -6.613209 156.563751 0.993092
v -6.485686 156.449463 1.556637
v -6.539101 156.893433 1.576187
v -6.691113 157.053436 1.027527
v -6.142436 155.126144 1.146193
v -5.986404 154.667953 1.151786
v -5.879544 154.698792 1.598521
v -6.048700 155.127243 1.618802
v -5.529593 159.288803 2.701816
v -5.320940 159.200836 2.824195
v -5.289026 159.316147 2.930772
v -5.476646 159.373871 2.847464
v -5.679547 153.306961 1.124260
v -5.593553 152.846298 1.113276
v -5.428353 152.954010 1.537163
v -5.510498 153.401108 1.531883
v -5.440167 151.408768 1.013332
v -5.383028 150.917603 0.911026
v -5.190079 151.021591 1.397973
v -5.228315 151.538940 1.493808
v -5.084633 159.381516 3.089438
v -4.916461 159.351715 3.152649
v -4.934804 159.438507 3.236692
v -5.058865 159.456589 3.175670
v -0.548122 147.123993 1.524889
v -0.370591 146.897369 1.478982
v -0.199464 147.124130 1.566112
v -0.407702 147.151428 1.792811
v -1.500386 147.278107 2.453717
v -1.244552 147.182663 2.202037
v -1.104110 147.242767 2.561932
v -1.360657 147.338013 2.829966
v -2.552793 147.931900 3.411001
v -2.283832 147.751434 3.184982
v -2.166155 147.739227 3.586073
v -2.434140 147.907150 3.810107
v -0.757491 149.730408 5.678156
v -0.572652 149.491730 5.698088
v -0.350100 149.732025 5.666985
v -0.535906 149.973038 5.688258
v -1.781943 148.858139 5.336094
v -1.617773 148.578934 5.347007
v -1.359509 148.786240 5.544577
v -1.518137 149.064362 5.500900
v -2.706694 148.359375 4.387043
v -2.520016 148.110931 4.310998
v -2.320477 148.145569 4.595504
v -2.509851 148.405746 4.661150
v -1.501907 151.318893 -4.137378
v -1.874428 150.664398 -3.708620
v -1.367996 149.981888 -3.911777
v -0.875558 150.594559 -4.294563
v -3.467228 153.254166 -0.637747
v -3.484988 152.523804 -1.108388
v -3.318841 152.301651 -1.958733
v -3.383118 153.154633 -1.781691
v -3.098130 153.852234 2.359133
v -3.235382 153.519928 1.659928
v -3.364271 153.799774 0.982922
v -3.143700 154.282089 1.845177
v -1.937502 153.809753 4.683435
v -2.270107 153.958496 4.285736
v -2.311192 154.318283 4.151659
v -1.980925 154.151871 4.561090
v -1.648131 152.758652 4.950281
v -1.874134 152.869873 4.749687
v -1.987838 153.090683 4.683865
v -1.709591 152.966202 4.893466
v -1.915791 152.400894 5.261942
v -1.945868 152.399872 5.066041
v -1.859027 152.468307 5.003273
v -1.801030 152.450653 5.212231
v -2.401738 152.338928 5.185488
v -2.393133 152.292130 5.077373
v -2.294824 152.296066 5.124494
v -2.296102 152.313492 5.255985
v -2.655836 152.298584 4.938436
v -2.778853 152.277985 4.860300
v -2.723881 152.245178 4.816103
v -2.621705 152.268051 4.868310
v -3.155908 151.941483 4.650499
v -3.023309 151.927399 4.724856
v -2.980545 152.041504 4.727458
v -3.101941 152.067154 4.684803
v -3.557298 152.280624 4.585574
v -3.473839 152.165390 4.585597
v -3.392357 152.299332 4.684527
v -3.467417 152.416122 4.704847
v -3.686539 152.923309 4.588123
v -3.686968 152.735779 4.575768
v -3.575711 152.885605 4.756284
v -3.561295 153.074661 4.768480
v -4.158571 152.187469 3.825258
v -4.118003 152.004227 3.915086
v -3.995662 152.204239 4.093961
v -4.025355 152.379898 4.038029
v -4.482649 150.952469 2.658062
v -4.340332 150.838150 2.950483
v -4.353122 151.189377 3.188629
v -4.481174 151.345139 2.937013
v -1.783205 169.956192 -0.014664
v -1.175321 169.855042 0.790446
v -0.636282 170.131607 -0.035609
v -1.251059 170.236633 -0.876526
v -3.434779 168.277802 2.539316
v -2.895620 168.157211 3.235482
v -2.513725 168.653473 2.807413
v -3.060275 168.756058 2.097444
v -4.665867 166.049744 3.216162
v -4.249044 165.927490 3.833617
v -3.970835 166.479355 3.761028
v -4.416924 166.613678 3.135077
v -5.284934 163.936081 3.204396
v -4.988850 163.877670 3.784728
v -4.828216 164.352112 3.822341
v -5.193296 164.438461 3.248913
v -5.569962 161.991150 2.956869
v -5.372181 161.994583 3.452776
v -5.277723 162.431534 3.527113
v -5.493261 162.437546 3.009570
v -5.840491 160.828537 2.935992
v -5.883863 160.482208 2.946079
v -5.756260 160.511093 3.340510
v -5.738815 160.848495 3.370365
v -5.682199 159.679520 2.905761
v -5.549407 159.528320 2.929990
v -5.449963 159.587845 3.105873
v -5.549958 159.752258 3.125087
v -2.129160 159.425812 3.959634
v -2.135369 159.476669 3.988663
v -2.091446 159.536911 3.940982
v -2.077639 159.500961 3.904057
v -2.131150 159.582779 4.061264
v -2.145518 159.613342 4.049655
v -2.132957 159.604385 4.026706
v -2.130279 159.569916 4.050260
v -2.297750 159.718597 4.143514
v -2.315150 159.762436 4.155889
v -2.233336 159.683823 4.117793
v -2.219311 159.654861 4.110403
v -3.016003 159.961349 4.451020
v -3.272182 159.928024 4.507015
v -3.477774 160.020355 4.455636
v -3.195944 160.123978 4.445701
v -4.211794 159.709183 4.133446
v -4.060550 159.764664 4.191517
v -3.948271 159.792068 4.357085
v -4.112191 159.740311 4.299467
v -4.706338 159.631622 3.751823
v -4.608141 159.627045 3.856501
v -4.559747 159.710327 4.020344
v -4.657776 159.720398 3.903768
v -4.840486 159.495041 3.379549
v -4.753772 159.481705 3.427038
v -4.782083 159.557068 3.530529
v -4.849985 159.567474 3.470978
v -4.566371 159.451324 3.543505
v -4.500565 159.328613 3.670647
v -4.386658 159.270737 3.771688
v -4.445852 159.361176 3.662412
v -4.147817 159.052246 3.832125
v -4.008032 159.035629 3.990739
v -3.846000 158.905304 4.039103
v -4.024347 158.893265 3.862491
v -3.052468 158.699036 4.068314
v -2.879810 158.725037 4.055156
v -3.055334 158.580185 3.939945
v -2.415906 159.081085 4.051398
v -2.388024 159.125488 4.045057
v -2.366672 159.135529 4.030342
v -2.390387 159.083710 4.029710
v -2.535029 159.024277 4.103048
v -2.491284 159.019821 4.074255
v -2.539190 158.920975 4.042972
v -2.625708 158.911774 4.090214
v -2.257517 159.088364 3.904291
v -2.289836 159.154404 3.969919
v -2.237548 159.165405 3.928135
v -2.198485 159.124603 3.863497
v -2.111082 159.190704 3.788645
v -2.100611 159.268692 3.818829
v -2.033950 159.346588 3.755463
v -2.035682 159.251358 3.707859
v -6.083425 160.021301 2.277799
v -6.010129 159.754730 2.398418
v -5.925894 159.825653 2.654827
v -5.999152 160.097412 2.596678
v -6.445967 159.360245 1.068902
v -6.387992 159.091949 1.368701
v -6.277431 159.329163 1.603317
v -6.337569 159.592224 1.339815
v -6.949093 158.087082 0.097218
v -6.818573 157.758713 0.595775
v -6.744536 158.161713 0.794393
v -6.842360 158.465683 0.362457
v -6.526869 156.113266 0.472112
v -6.571926 156.075333 -0.093442
v -6.416661 155.535294 0.064980
v -6.349041 155.594986 0.584004
v -5.981915 154.142334 0.720870
v -6.122411 154.057816 0.294457
v -6.053566 153.573990 0.301523
v -5.898016 153.673508 0.718127
v -5.717910 152.256348 0.665264
v -5.906806 152.133255 0.233514
v -5.860420 151.644928 0.164738
v -5.693304 151.768204 0.625411
v -4.717384 150.559998 2.121398
v -4.947216 150.560455 1.718109
v -4.908577 150.068863 1.537448
v -4.727269 150.080688 1.954576
v -5.410128 150.365326 0.279876
v -5.504216 150.305084 -0.213296
v -5.276880 149.928192 -0.376422
v -5.209903 149.960739 0.101175
v -0.610391 145.972244 1.194983
v -0.421785 145.553955 1.096810
v -0.185434 145.976471 1.287803
v -0.383122 146.336380 1.358627
v -1.232566 147.148254 1.296812
v -1.082018 146.909912 1.272814
v -0.894857 147.133774 1.437057
v -1.114860 147.188416 1.620541
v -2.278786 147.496384 2.164274
v -2.014340 147.340836 1.934694
v -1.896083 147.355392 2.323135
v -2.155288 147.528488 2.560011
v -3.213123 148.441650 2.987703
v -2.975998 148.202042 2.799255
v -2.900937 148.169800 3.209549
v -3.142956 148.389252 3.371723
v -0.668860 150.593430 5.691588
v -0.506394 150.437714 5.672503
v -0.315657 150.621140 5.716913
v -0.486346 150.759888 5.800789
v -1.514169 149.722702 5.431997
v -1.404741 149.517471 5.545964
v -1.160336 149.729187 5.609070
v -1.279534 149.928772 5.501071
v -2.496791 149.088211 4.852431
v -2.407968 148.804947 4.892963
v -2.151555 148.952560 5.083578
v -2.246911 149.221573 5.031310
v -3.333434 148.877747 3.813423
v -3.198078 148.611343 3.795588
v -3.034185 148.607040 4.109369
v -3.168260 148.875397 4.110949
v -1.432619 148.972153 -3.423554
v -1.703548 148.865311 -2.691815
v -1.481784 148.208801 -2.447086
v -1.185490 148.098770 -3.395718
v -2.913548 151.304886 -2.495665
v -2.983932 150.964935 -2.129365
v -2.559097 150.480728 -2.410425
v -2.472891 150.802139 -2.880002
v -3.466849 151.973572 0.115460
v -3.583070 151.311951 -0.361585
v -3.463151 151.373795 -1.163015
v -3.502030 151.982819 -0.690131
v -3.009017 152.784042 2.328650
v -3.073403 152.406021 1.985790
v -3.251388 152.445465 1.323189
v -3.182862 152.905029 1.746047
v -2.372219 153.400986 4.194593
v -2.622112 153.402802 3.755132
v -2.757574 153.693634 3.435094
v -2.502264 153.704117 3.982403
v -1.906031 152.597214 4.678676
v -2.052097 152.645508 4.459227
v -2.155259 152.791428 4.355475
v -1.988777 152.756714 4.598984
v -2.062408 152.375793 4.927729
v -2.167511 152.344437 4.967793
v -2.119115 152.351883 4.812509
v -2.044530 152.389420 4.743418
v -2.513027 152.266006 4.886522
v -2.474374 152.267151 4.863763
v -2.410869 152.282272 4.896769
v -2.453345 152.274200 4.945110
v -2.813846 152.133835 4.781891
v -2.721575 152.156540 4.825130
v -2.670450 152.203400 4.816454
v -2.750465 152.194214 4.789837
v -2.947367 151.660126 4.844112
v -2.813122 151.723526 4.976532
v -2.799077 151.877777 4.952495
v -2.915879 151.821808 4.830623
v -3.486821 151.744568 4.455915
v -3.367316 151.673691 4.514366
v -3.317672 151.840408 4.546114
v -3.432121 151.916885 4.511763
v -3.839016 152.228882 4.288032
v -3.781270 152.087219 4.328423
v -3.703122 152.256821 4.452659
v -3.750914 152.402374 4.428547
v -4.196942 151.347000 3.627447
v -4.075250 151.210693 3.784014
v -4.033360 151.462143 3.928933
v -4.143737 151.604874 3.823202
v -4.179886 150.374344 3.038684
v -4.178481 149.996857 2.921232
v -4.025374 149.939041 3.176535
v -4.032315 150.295364 3.277153
v -1.923900 170.388596 -3.665238
v -1.284790 170.459702 -2.703946
v -0.647214 170.603073 -3.657252
v -1.284841 170.538696 -4.638155
v -3.872981 169.218231 -0.178901
v -3.250845 169.240250 0.699882
v -2.874833 169.658035 -0.048764
v -3.528377 169.606857 -0.950290
v -5.039508 167.198486 1.598970
v -4.591920 167.245651 2.327375
v -4.299515 167.800888 2.110690
v -4.792781 167.737885 1.335902
v -5.736225 164.965378 1.944446
v -5.402988 164.996658 2.621441
v -5.254215 165.556229 2.613380
v -5.623538 165.535278 1.927379
v -5.915668 162.887985 1.937079
v -5.672738 162.923859 2.522415
v -5.618587 163.442352 2.554096
v -5.880232 163.392746 1.956044
v -6.008760 161.467834 1.965687
v -6.049886 161.067215 2.007546
v -5.877179 161.142303 2.463331
v -5.823113 161.538956 2.449939
v -1.954762 159.681549 3.715582
v -1.987061 159.529190 3.754457
v -2.015859 159.562607 3.814835
v -1.997812 159.681641 3.794572
v -2.081892 159.765884 3.907375
v -2.044795 159.719849 3.862689
v -2.074527 159.633331 3.922193
v -2.102396 159.654007 3.962938
v -2.214272 159.684769 4.103322
v -2.235016 159.741562 4.108412
v -2.204070 159.737991 4.080992
v -2.191317 159.669159 4.081445
v -2.548934 160.163361 4.226123
v -2.389554 160.051056 4.145816
v -2.332179 159.873199 4.148574
v -2.401686 159.920013 4.189859
v -3.008126 160.494461 4.226207
v -2.845643 160.352463 4.272645
v -3.043978 160.355621 4.314891
v -4.235269 159.870087 3.973821
v -4.136891 160.113998 4.011766
v -3.927570 159.993805 4.224902
v -4.063431 159.814865 4.142123
v -4.549994 159.561615 3.621648
v -4.468747 159.599426 3.723553
v -4.414353 159.633163 3.879128
v -4.527325 159.595642 3.786156
v -4.436479 159.344070 3.602393
v -4.373146 159.230591 3.630616
v -4.479527 159.300293 3.468940
v -4.510231 159.422867 3.470166
v -4.084026 158.662521 3.448349
v -3.911450 158.485397 3.225718
v -4.131712 158.610580 2.936683
v -4.263371 158.754852 3.165700
v -3.423110 158.301819 3.257805
v -3.118118 158.357590 3.562714
v -2.838282 158.326859 3.272813
v -3.095426 158.270493 2.912284
v -2.452441 158.878082 3.947789
v -2.389891 158.990143 3.975976
v -2.323524 158.968475 3.902508
v -2.379878 158.827621 3.836266
v -1.850852 159.382339 3.328867
v -1.868349 159.209518 3.168542
v -1.962170 159.063278 3.360934
v -1.940357 159.224854 3.497494
v -6.309841 160.407166 1.253085
v -6.284144 160.072495 1.433661
v -6.200363 160.223816 1.793609
v -6.194454 160.568817 1.647328
v -6.807115 159.476883 -0.102400
v -6.769922 159.121246 0.234598
v -6.639904 159.406998 0.506812
v -6.686590 159.748215 0.202801
v -7.145016 158.231216 -1.565291
v -7.066335 157.776276 -1.154541
v -7.074031 158.115768 -0.726348
v -7.129725 158.553223 -1.147503
v -6.402917 154.923721 -0.286573
v -6.455151 154.802032 -0.750561
v -6.390643 154.321976 -0.642696
v -6.306994 154.436417 -0.193291
v -6.872059 157.008179 -1.230395
v -6.807092 156.768631 -1.696016
v -6.696274 156.284286 -1.382519
v -6.719679 156.493301 -0.894581
v -6.143490 152.986313 -0.133755
v -6.294653 152.875580 -0.550645
v -6.289281 152.384415 -0.574084
v -6.100351 152.501633 -0.158218
v -5.944791 151.072998 -0.393880
v -6.023393 151.011459 -0.863103
v -5.840437 150.615051 -0.997973
v -5.782469 150.649506 -0.537788
v -4.472441 149.662415 2.163609
v -4.305054 149.310440 1.971885
v -4.185626 149.299286 2.366374
v -4.314836 149.650955 2.518857
v -4.905256 149.618393 0.380490
v -4.686251 149.260895 0.179261
v -4.595637 149.279526 0.629051
v -4.843106 149.632278 0.857972
v -5.084011 149.570328 -0.993699
v -5.097285 149.590286 -1.441405
v -4.875401 149.258926 -1.636678
v -4.848458 149.245300 -1.171937
v -0.672630 144.285187 0.040560
v -0.479733 143.824524 -0.251549
v -0.227870 144.297684 0.123220
v -0.437625 144.710419 0.469770
v -1.331481 146.012100 0.763467
v -1.194378 145.611176 0.679322
v -0.993987 145.986374 1.010531
v -1.137637 146.342468 1.054346
v -1.915587 147.268204 0.985778
v -1.732306 147.016754 0.882108
v -1.579436 147.179947 1.157100
v -1.822868 147.304230 1.338467
v -2.980539 147.904037 1.777932
v -2.734264 147.682724 1.569344
v -2.637097 147.687088 1.976397
v -2.872676 147.924469 2.188251
v -3.848016 149.001495 2.559434
v -3.618125 148.742096 2.386065
v -3.519127 148.723923 2.765079
v -3.727887 148.976379 2.896868
v -0.640682 151.240280 6.069375
v -0.478589 151.079636 5.971976
v -0.310906 151.265701 6.066137
v -0.480974 151.439789 6.169748
v -1.327655 150.494385 5.564781
v -1.186129 150.334290 5.522094
v -1.006510 150.541580 5.648981
v -1.155170 150.680908 5.726667
v -2.124722 149.848221 5.009978
v -2.053374 149.615692 5.080923
v -1.828538 149.756210 5.220296
v -1.908182 149.962357 5.140784
v -3.089358 149.519791 4.323981
v -3.040952 149.215668 4.359022
v -2.799978 149.285812 4.599161
v -2.840502 149.580368 4.539219
v -3.837733 149.543015 3.350567
v -3.740732 149.229065 3.280994
v -3.601286 149.190186 3.556840
v -3.679917 149.503815 3.598314
v -1.087312 148.786484 -1.111839
v -0.706417 149.106949 -1.010590
v -0.616048 148.520874 -1.178638
v -1.181873 148.206421 -1.332324
v -2.509622 149.670212 -1.375575
v -2.194310 149.360016 -1.442290
v -2.067548 149.371857 -2.080224
v -2.334249 149.823715 -2.017498
v -3.397952 150.327988 0.902590
v -2.895569 149.832458 0.420676
v -3.115599 149.795792 -0.386447
v -3.612222 150.415421 0.048732
v -2.742329 152.225388 2.906240
v -2.733083 152.040787 2.937392
v -2.913277 151.851364 2.503882
v -2.925910 152.109116 2.430195
v -2.445353 152.919495 3.875340
v -2.560409 152.817642 3.552372
v -2.760729 152.946808 3.219043
v -2.631401 153.094818 3.617704
v -2.046383 152.462280 4.462196
v -2.106124 152.446121 4.286464
v -2.160196 152.516891 4.158959
v -2.080989 152.545624 4.352084
v -2.244491 152.342255 4.816288
v -2.156349 152.348343 4.670507
v -2.090862 152.347809 4.582307
v -2.143019 152.356415 4.730499
v -2.481358 152.262497 4.843943
v -2.533777 152.241653 4.843472
v -2.464862 152.262955 4.866346
v -2.425113 152.279907 4.851375
v -2.668824 152.051208 4.985029
v -2.555895 152.083908 5.071763
v -2.553328 152.150055 4.998191
v -2.653457 152.126389 4.916677
v -2.675847 151.409561 5.148039
v -2.525571 151.515335 5.289311
v -2.548686 151.712524 5.260646
v -2.683673 151.619812 5.128068
v -3.278688 151.255524 4.543188
v -3.129021 151.247131 4.682587
v -3.122346 151.451004 4.709795
v -3.263378 151.454834 4.574098
v -3.863543 151.560059 4.147046
v -3.727206 151.446381 4.220585
v -3.661705 151.657791 4.319057
v -3.778484 151.772415 4.270505
v -3.912659 150.536896 3.620458
v -3.763148 150.450638 3.804235
v -3.788704 150.726868 3.925571
v -3.937042 150.828201 3.772874
v -1.927918 170.013748 -7.572834
v -1.284957 170.343552 -6.611627
v -0.627103 170.152664 -7.583531
v -1.271674 169.755096 -8.519368
v -4.287815 169.478439 -3.682983
v -3.700011 169.759766 -2.737362
v -3.176415 170.008087 -3.671823
v -3.790715 169.759659 -4.626000
v -5.570874 167.830643 -0.721322
v -5.044250 168.104401 0.136026
v -4.772513 168.609543 -0.400589
v -5.339893 168.334793 -1.305147
v -6.205333 165.766068 0.423200
v -5.843216 165.980087 1.163362
v -5.687998 166.521835 1.053001
v -6.092667 166.290436 0.286326
v -6.401910 163.651733 0.679541
v -6.117823 163.797913 1.317936
v -6.095673 164.322540 1.285574
v -6.387371 164.174103 0.624047
v -6.393667 161.651215 0.866051
v -6.192044 161.797424 1.407073
v -6.174415 162.271729 1.373372
v -6.388200 162.114548 0.816010
v -1.893362 160.055206 3.426145
v -1.829071 159.956894 3.225928
v -1.819066 159.725021 3.353661
v -1.880043 159.834244 3.537868
v -2.218292 160.179779 3.967734
v -2.147607 159.941574 3.960384
v -2.200735 159.880981 4.032044
v -2.276870 160.061081 4.053814
v -3.079918 160.844086 3.904980
v -3.446473 161.025375 3.577414
v -3.063371 161.117905 3.171906
v -2.744139 160.960114 3.565638
v -4.221555 160.465836 3.641778
v -4.369967 160.419266 3.301970
v -4.234278 160.639481 3.108301
v -4.039282 160.745377 3.459940
v -4.470630 159.613556 3.653898
v -4.533932 159.581253 3.490668
v -4.534111 159.719147 3.505310
v -4.438581 159.706833 3.719931
v -4.531049 159.243179 3.196966
v -4.482992 159.055634 3.073937
v -4.536739 159.211212 2.822633
v -4.591607 159.404037 2.980138
v -4.376145 159.161652 2.433339
v -4.194787 158.871918 2.428707
v -4.019951 159.057434 2.078837
v -4.253138 159.410004 2.144914
v -3.015114 158.588211 2.178429
v -2.607646 158.955215 1.999213
v -2.953194 159.352585 1.721013
v -3.369380 158.936188 1.868890
v -2.403563 158.534714 3.316483
v -2.308496 158.684036 3.535864
v -2.143291 158.789154 3.360927
v -2.201596 158.669510 3.124633
v -2.108826 159.064377 2.397955
v -2.055855 158.897003 2.735740
v -1.893954 159.163055 2.805087
v -1.911327 159.388672 2.528540
v -6.653195 160.779816 0.095860
v -6.609240 160.367584 0.300101
v -6.480932 160.578796 0.695835
v -6.517486 160.994858 0.525589
v -7.073859 159.712875 -1.458727
v -7.063535 159.291992 -1.124660
v -6.955832 159.588058 -0.753163
v -6.989468 160.005966 -1.057662
v -7.260228 158.787979 -2.770117
v -7.242972 158.476227 -3.171654
v -7.125424 158.066681 -2.793971
v -7.182032 158.365555 -2.382351
v -6.461552 153.731003 -0.992104
v -6.563078 153.620026 -1.408316
v -6.559188 153.155579 -1.386109
v -6.453237 153.258911 -0.958296
v -6.612293 155.598526 -1.562964
v -6.683826 155.398254 -1.971744
v -6.648979 154.956909 -1.765457
v -6.582172 155.127258 -1.350368
v -6.917518 157.366364 -2.813336
v -6.888131 157.050476 -3.179298
v -6.782195 156.672241 -2.837675
v -6.818268 156.953262 -2.451401
v -6.348645 151.810638 -1.094491
v -6.407866 151.750000 -1.544960
v -6.269486 151.346176 -1.639389
v -6.221725 151.385239 -1.196719
v -5.605941 150.270660 -1.578350
v -5.616815 150.275452 -2.001239
v -5.433237 149.907028 -2.153515
v -5.358192 149.931030 -1.720362
v -4.155993 149.004562 1.313481
v -4.269372 148.966492 0.864185
v -4.062159 148.635956 0.662834
v -3.940587 148.679398 1.099997
v -4.536428 148.911179 -0.461667
v -4.557908 148.940002 -0.914681
v -4.314080 148.639023 -1.130668
v -4.279076 148.618698 -0.666854
v -5.036032 148.727234 -2.177012
v -5.398643 148.554382 -2.479022
v -5.439311 148.051987 -2.556750
v -5.093582 148.242584 -2.222413
v -0.933321 142.457458 -1.088570
v -0.705511 142.035263 -1.276850
v -0.376073 142.431442 -1.037058
v -0.596829 142.844467 -0.797961
v -1.549437 144.263672 -0.238779
v -1.414713 143.776520 -0.434770
v -1.109912 144.280136 -0.090994
v -1.281069 144.730347 0.159836
v -2.035545 146.135132 0.229807
v -1.920503 145.693832 0.153226
v -1.672177 146.053040 0.500311
v -1.787191 146.445877 0.558543
v -2.620109 147.535843 0.555323
v -2.424366 147.263428 0.430078
v -2.256950 147.412994 0.776005
v -2.528253 147.566681 0.959070
v -3.636263 148.394409 1.341445
v -3.412325 148.121658 1.140769
v -3.311334 148.138580 1.565327
v -3.505168 148.442078 1.760982
v -0.645241 151.858719 6.489369
v -0.488125 151.714249 6.438681
v -0.316760 151.854034 6.503990
v -0.473336 152.001205 6.494415
v -1.275871 151.215668 6.026640
v -1.128884 151.031769 5.941168
v -0.957336 151.214493 6.072756
v -1.103689 151.409897 6.151421
v -1.940417 150.514252 5.324893
v -1.810822 150.306763 5.267594
v -1.640113 150.477371 5.452587
v -1.773998 150.676819 5.510422
v -2.691753 150.156387 4.638023
v -2.632567 149.909271 4.659524
v -2.407336 149.984024 4.811769
v -2.486741 150.222382 4.807565
v -3.569339 150.099823 3.915045
v -3.543567 149.796692 3.868900
v -3.343921 149.788849 4.088234
v -3.372362 150.072861 4.112228
v -0.493774 149.739120 1.134933
v -0.359464 149.397858 0.595529
v -0.566488 149.302917 0.024765
v -0.697464 149.444656 0.636237
v -1.411534 149.242508 -0.912786
v -1.262268 149.363434 -0.646462
v -1.270746 149.146286 -0.982019
v -1.945715 149.468414 -0.347283
v -1.756086 149.447830 -0.285751
v -1.689826 149.338669 -0.823107
v -1.931269 149.334381 -0.904790
v -2.276235 150.080978 1.324435
v -2.069252 149.907028 0.939518
v -2.140566 149.670853 0.370142
v -2.367405 149.836288 0.678659
v -2.801586 151.271561 2.733221
v -2.963824 150.867447 2.467460
v -3.158238 150.928192 1.949636
v -2.960724 151.369354 2.326301
v -2.322938 152.177429 3.783761
v -2.438469 152.020828 3.581503
v -2.516653 152.080521 3.387802
v -2.399114 152.229523 3.616001
v -2.337977 152.527756 3.796493
v -2.403883 152.412308 3.608949
v -2.537693 152.445999 3.355701
v -2.474486 152.593491 3.560429
v -2.120899 152.344788 4.242314
v -2.096076 152.324799 4.366897
v -2.128204 152.246780 4.217924
v -2.175816 152.261185 4.092033
v -2.247981 152.328613 4.777840
v -2.145910 152.344452 4.682007
v -2.089826 152.328094 4.568587
v -2.156259 152.338211 4.655185
v -2.430788 152.222641 4.999610
v -2.325605 152.270569 5.043887
v -2.309548 152.315216 4.957529
v -2.411095 152.265945 4.938610
v -2.414844 151.950241 5.307731
v -2.282745 152.011246 5.413755
v -2.305423 152.092682 5.321671
v -2.427688 152.043335 5.230165
v -2.280422 151.178421 5.469408
v -2.120262 151.322281 5.636047
v -2.182304 151.543961 5.608694
v -2.339145 151.409882 5.461728
v -2.917541 150.833328 4.759350
v -2.751132 150.882706 4.939198
v -2.799745 151.106232 4.978136
v -2.966759 151.051743 4.808609
v -3.637943 150.893112 4.171431
v -3.453297 150.840073 4.302877
v -3.449157 151.072769 4.363819
v -3.621292 151.131210 4.242660
v -1.837014 167.999756 -10.873450
v -1.237422 168.741592 -10.215164
v -0.577972 168.128082 -10.967876
v -1.188172 167.351410 -11.557370
v -4.385581 169.179367 -7.431017
v -3.828146 169.674973 -6.550284
v -3.205384 169.709427 -7.522677
v -3.774380 169.139664 -8.364386
v -6.068169 167.936508 -3.795394
v -5.572904 168.400711 -2.920679
v -5.254068 168.773163 -3.732326
v -5.766927 168.321075 -4.619449
v -6.629302 166.145599 -1.471956
v -6.320870 166.492249 -0.717714
v -6.211759 166.977905 -1.086110
v -6.552284 166.595764 -1.884238
v -6.869899 164.238937 -0.723986
v -6.629359 164.490616 -0.092345
v -6.585814 165.000031 -0.177965
v -6.835503 164.728561 -0.835535
v -6.804187 162.199539 -0.371359
v -6.611768 162.421066 0.195636
v -6.644737 162.939621 0.121890
v -6.849165 162.717056 -0.467399
v -1.990036 160.435913 2.857852
v -2.087529 160.355942 2.488621
v -1.891083 159.979919 2.563543
v -1.841094 160.131271 2.878925
v -2.177058 160.437897 3.709951
v -2.293488 160.676514 3.522873
v -2.111556 160.564987 3.277485
v -2.037094 160.370117 3.484098
v -3.010375 160.911133 2.373117
v -3.381470 160.617554 2.022560
v -2.949117 160.248398 1.805838
v -2.591870 160.572113 2.151989
v -4.247642 160.524734 2.559702
v -4.419729 160.206161 2.510115
v -4.269367 160.046204 2.195019
v -4.042123 160.436798 2.198461
v -4.581320 159.873016 3.232422
v -4.622871 159.771210 2.999663
v -4.576570 160.026108 2.873395
v -4.541894 160.108826 3.141279
v -6.949210 160.723892 -0.925083
v -6.829494 160.982346 -0.523356
v -6.888423 161.450546 -0.716810
v -7.005800 161.184967 -1.143799
v -7.281577 159.532639 -2.676216
v -7.192070 159.844086 -2.204421
v -7.237467 160.291428 -2.486381
v -7.331043 159.984573 -2.970835
v -7.518510 158.544006 -4.229906
v -7.319006 158.302200 -4.035008
v -7.371440 158.543121 -3.812382
v -7.566220 158.804077 -4.094271
v -6.634033 152.605698 -1.837740
v -6.680579 152.568771 -2.257852
v -6.593573 152.151154 -2.313836
v -6.571397 152.153381 -1.898610
v -6.701509 154.369812 -1.999691
v -6.764380 154.221863 -2.385670
v -6.755424 153.825043 -2.274601
v -6.681975 153.948380 -1.875014
v -6.802337 155.998779 -2.873485
v -6.895619 155.738510 -3.182738
v -6.838020 155.366028 -2.951450
v -6.761127 155.601669 -2.600279
v -7.306218 156.665115 -3.852159
v -7.156972 157.002487 -3.727431
v -7.254509 157.197281 -3.984232
v -7.439710 156.890182 -4.044436
v -6.076255 150.972504 -2.173238
v -6.125267 150.962143 -2.580728
v -5.968904 150.589493 -2.695971
v -5.871327 150.614044 -2.286418
v -5.599820 149.377228 -2.694982
v -5.894184 149.255585 -3.064191
v -5.932277 148.757233 -3.161425
v -5.655034 148.893417 -2.769947
v -3.981757 148.321289 -0.418281
v -3.713072 148.058334 -0.620960
v -3.673373 148.051239 -0.162799
v -3.944654 148.298416 0.033633
v -4.366777 148.161407 -1.736011
v -4.766555 147.952332 -1.987700
v -4.810434 147.456421 -2.033787
v -4.416886 147.679016 -1.755970
v -5.815356 147.336105 -2.978261
v -6.069737 147.143814 -3.397549
v -6.108539 146.565613 -3.475246
v -5.847394 146.781250 -3.051335
v -1.174463 140.749207 -1.457315
v -0.889130 140.288666 -1.433609
v -0.508406 140.697021 -1.524394
v -0.802767 141.162186 -1.495908
v -1.625976 142.901108 -0.940768
v -1.986005 142.506302 -1.130606
v -1.823794 142.076660 -1.250516
v -1.474749 142.477203 -1.115160
v -2.122440 144.805023 -0.290304
v -2.413978 144.432968 -0.685010
v -2.338534 143.910156 -0.760250
v -1.991125 144.310440 -0.440135
v -2.503794 146.709152 0.010348
v -2.728433 146.458786 -0.386948
v -2.684111 145.975494 -0.430764
v -2.392298 146.279816 -0.071282
v -3.248396 147.881302 0.513611
v -3.331254 147.848816 0.083933
v -3.075931 147.615036 -0.093954
v -2.973742 147.690384 0.323341
v -0.452608 152.258636 6.366737
v -0.286393 152.364609 6.282303
v -0.425593 152.495743 6.185874
v -0.583309 152.390961 6.268069
v -1.111644 151.727554 6.352116
v -0.953103 151.868683 6.444078
v -1.075915 152.024200 6.379549
v -1.245189 151.885513 6.331312
v -1.743965 151.051697 5.750015
v -1.581225 151.229095 5.921011
v -1.697339 151.434753 5.934577
v -1.869767 151.255096 5.800125
v -2.414371 150.519287 5.034150
v -2.233260 150.621628 5.198888
v -2.339223 150.842056 5.252965
v -2.504005 150.741516 5.071202
v -3.200340 150.324219 4.331946
v -2.984709 150.343643 4.497261
v -3.049159 150.577866 4.544447
v -3.247343 150.570526 4.389251
v -1.273013 149.644302 0.777158
v -1.078916 149.896393 1.234545
v -1.001627 149.532761 0.703705
v -1.191055 149.386673 0.238562
v -0.426729 150.509857 3.552629
v -0.288555 150.529221 2.952669
v -0.445334 150.383133 2.290625
v -0.578662 150.529373 2.978318
v -1.799444 149.894501 1.005623
v -1.643818 150.097656 1.468603
v -1.534290 149.774597 0.878760
v -1.696310 149.614639 0.497879
v -2.697675 150.505371 2.689723
v -2.549146 150.656769 3.208280
v -2.357776 150.422958 3.003325
v -2.433496 150.332443 2.365605
v -2.476684 151.790359 3.598370
v -2.399954 151.802872 3.869978
v -2.461209 151.565765 3.702033
v -2.568848 151.541473 3.379550
v -2.080786 152.213394 4.366700
v -2.118556 152.092880 4.296194
v -2.208685 152.027390 4.159185
v -2.133327 152.160721 4.236166
v -2.120292 152.369751 4.732190
v -2.166492 152.379532 4.848063
v -2.060544 152.417007 4.812786
v -2.034740 152.389343 4.676908
v -2.195235 152.219940 5.298241
v -2.066861 152.315002 5.361717
v -2.055220 152.388184 5.213324
v -2.204363 152.291824 5.194323
v -2.076847 151.834457 5.679821
v -1.925029 151.927994 5.779020
v -1.968277 152.043274 5.682655
v -2.118831 151.966675 5.599405
v -1.685165 164.957458 -12.800165
v -1.134800 165.807602 -12.534351
v -0.521831 165.066513 -12.934237
v -1.088420 164.249863 -13.159588
v -4.088495 167.231354 -10.364300
v -3.656291 168.126511 -9.900239
v -3.021747 167.706085 -10.677911
v -3.493313 166.791977 -11.079825
v -6.131516 167.589462 -7.049262
v -5.810399 168.183578 -6.337007
v -5.379134 168.444382 -7.276670
v -5.721102 167.752518 -7.949384
v -6.973252 166.206192 -3.963217
v -6.753431 166.626007 -3.218281
v -6.624475 167.043777 -3.868783
v -6.856526 166.582977 -4.617571
v -7.191618 164.551727 -2.274548
v -7.010520 164.891983 -1.638518
v -6.953428 165.345291 -1.878329
v -7.147813 164.992767 -2.555287
v -7.178581 162.656097 -1.617524
v -7.046911 162.962128 -1.100345
v -7.066487 163.462082 -1.205023
v -7.213512 163.149017 -1.748101
v -7.231243 161.061646 -2.248411
v -7.155233 161.371109 -1.785720
v -7.220380 161.855316 -1.969154
v -7.292191 161.539902 -2.446134
v -7.499604 159.807831 -4.075308
v -7.436690 160.086609 -3.667920
v -7.454837 160.515259 -3.861957
v -7.480087 160.145523 -4.247042
v -7.895788 159.511353 -4.651563
v -7.956030 159.285645 -4.614005
v -7.750351 159.200027 -4.343696
v -7.662976 159.471329 -4.353336
v -7.174152 157.540726 -4.147728
v -7.129993 157.840256 -4.161116
v -7.122775 157.673935 -4.371257
v -7.200123 157.440170 -4.350092
v -7.808289 158.654007 -4.690012
v -7.695453 158.440445 -4.781153
v -7.596330 158.265182 -4.624070
v -7.676210 158.483749 -4.510181
v -6.505287 151.753143 -2.788329
v -6.540343 151.782486 -3.182706
v -6.450099 151.381760 -3.277283
v -6.364409 151.354111 -2.879249
v -6.758397 153.332260 -2.628090
v -6.755479 153.264389 -3.007082
v -6.736884 152.909195 -3.013254
v -6.710893 152.944244 -2.631184
v -6.829826 154.783829 -3.060956
v -6.810571 154.568710 -3.318072
v -6.788062 154.262421 -3.186369
v -6.819718 154.438614 -2.894361
v -7.202393 156.158768 -3.790266
v -7.171367 155.914383 -3.925285
v -7.103885 155.620255 -3.776954
v -7.036668 155.832840 -3.625061
v -7.051618 156.798782 -4.428323
v -7.197387 156.525833 -4.403885
v -7.408007 156.807816 -4.333613
v -7.308893 157.043976 -4.472314
v -6.033026 150.120087 -3.280835
v -6.250513 150.094254 -3.695958
v -6.251669 149.596115 -3.838312
v -6.092257 149.648575 -3.380371
v -6.202428 148.102402 -3.664324
v -6.315555 147.988174 -4.134859
v -6.366495 147.405533 -4.227374
v -6.238008 147.543701 -3.759469
v -3.667897 147.614624 -1.248722
v -4.039188 147.408478 -1.548042
v -4.070835 146.900635 -1.574054
v -3.674808 147.136536 -1.304516
v -5.238877 146.695724 -2.371229
v -5.579890 146.450836 -2.719295
v -5.592251 145.877090 -2.772080
v -5.254002 146.143753 -2.418149
v -6.252587 145.739960 -4.040857
v -6.288226 145.541290 -4.547482
v -6.313282 144.919571 -4.633332
v -6.195270 145.124481 -4.134735
v -1.230051 150.269913 -10.646414
v -0.899467 150.717224 -10.652307
v -0.617624 150.298294 -10.709976
v -0.944199 149.839691 -10.727634
v -1.041084 147.654984 -11.192238
v -1.362177 148.266327 -10.942549
v -0.993163 148.860107 -10.854814
v -0.667225 148.291153 -11.018460
v -1.331974 139.188828 -0.998245
v -0.995612 138.778412 -0.825777
v -0.592028 139.074402 -1.020542
v -0.940512 139.490173 -1.176329
v -2.335597 140.897354 -1.369483
v -2.138154 140.471588 -1.298687
v -1.779286 140.818710 -1.357209
v -1.985330 141.256485 -1.369786
v -2.938999 142.700638 -1.320675
v -2.795825 142.229019 -1.387137
v -2.473819 142.570389 -1.182740
v -2.602672 143.045303 -1.108831
v -3.268427 144.816559 -1.147773
v -3.239746 144.271896 -1.126895
v -2.844523 144.615967 -0.924571
v -2.901487 145.148438 -0.888280
v -3.342666 146.882019 -1.023590
v -3.337425 146.384155 -1.069301
v -3.038995 146.657272 -0.713521
v -3.099311 147.110352 -0.630670
v -0.385047 152.669724 5.912624
v -0.243166 152.698029 5.767860
v -0.362312 152.678680 5.603539
v -0.492826 152.716782 5.735748
v -1.017394 152.300293 6.292892
v -0.851937 152.408951 6.224318
v -0.947498 152.542450 6.101904
v -1.105931 152.419464 6.143374
v -1.657070 151.762817 6.058105
v -1.506937 151.898727 6.171206
v -1.583100 152.034668 6.071179
v -1.735679 151.908539 5.981889
v -0.972490 150.485275 3.566650
v -0.838592 150.522339 2.991734
v -1.009611 150.408218 2.390233
v -1.107595 150.499069 3.026668
v -0.421884 151.195984 5.254435
v -0.296049 150.665985 5.122689
v -0.441929 150.281006 4.728381
v -0.606603 150.683975 5.082913
v -1.626867 150.464859 3.276437
v -1.481726 150.433578 3.697083
v -1.372642 150.485580 3.108307
v -1.562153 150.420822 2.628845
v -2.076624 150.639267 4.030591
v -1.951066 150.549423 4.130423
v -1.886762 150.416748 3.615222
v -2.105762 150.423172 3.524045
v -2.246002 151.528946 4.161469
v -2.235122 151.285934 4.090188
v -2.388715 151.123856 3.755603
v -2.380898 151.387970 3.871677
v -1.969477 152.211349 4.507208
v -1.943162 152.047501 4.504922
v -2.108091 151.900406 4.405520
v -2.047482 152.044205 4.394078
v -1.933782 152.488663 5.066644
v -1.813072 152.525558 5.053738
v -1.835022 152.479660 4.897483
v -1.950459 152.475204 4.923101
v -1.876825 152.244141 5.650625
v -1.744238 152.361023 5.721012
v -1.767765 152.445053 5.573431
v -1.919549 152.347488 5.547039
v -1.549047 161.960861 -13.442827
v -1.045401 162.740936 -13.472449
v -0.488660 162.050827 -13.592918
v -0.995938 161.318649 -13.569867
v -3.778367 164.384598 -12.044418
v -3.358662 165.320450 -11.960137
v -2.786100 164.731537 -12.495753
v -3.237955 163.822845 -12.529246
v -5.733542 165.955750 -9.542191
v -5.506992 166.857712 -9.237364
v -4.994804 166.626984 -9.972325
v -5.268593 165.687439 -10.218598
v -7.017431 165.875183 -6.576028
v -6.883773 166.431381 -6.011322
v -6.661594 166.712921 -6.800867
v -6.805070 166.077637 -7.324041
v -7.372939 164.637970 -4.236012
v -7.254038 165.037872 -3.611517
v -7.208489 165.424347 -4.087776
v -7.325196 165.005264 -4.710112
v -7.429484 162.934845 -3.000910
v -7.341071 163.293320 -2.456738
v -7.341430 163.753342 -2.654105
v -7.436996 163.382797 -3.229220
v -7.452748 161.337631 -3.588320
v -7.410986 161.676376 -3.114874
v -7.459414 162.124603 -3.304129
v -7.492901 161.767700 -3.774693
v -7.499542 160.172165 -4.733610
v -7.507345 160.544464 -4.905094
v -7.510140 160.119034 -5.150492
v -7.534734 159.878204 -4.996938
v -8.255423 159.330475 -4.954017
v -8.150675 159.121155 -4.962194
v -8.027694 158.998611 -4.791379
v -8.098280 159.210693 -4.784753
v -8.017587 159.779907 -4.955057
v -7.851980 159.813293 -5.094781
v -8.130300 159.949005 -5.306642
v -8.260712 159.878860 -5.160279
v -7.394188 157.876099 -4.647141
v -7.289472 157.724319 -4.827308
v -7.184733 157.525635 -4.767493
v -7.243297 157.689362 -4.581306
v -7.426111 158.694473 -4.869101
v -7.042993 158.621140 -4.841888
v -7.210111 158.390533 -4.780215
v -7.536169 158.448608 -4.957623
v -6.349990 151.039963 -3.876476
v -6.419466 151.137680 -4.347807
v -6.476360 150.677490 -4.485480
v -6.365396 150.589310 -4.017694
v -6.699528 152.552353 -3.412570
v -6.664802 152.624893 -3.772734
v -6.623544 152.289902 -3.873688
v -6.636568 152.202438 -3.485778
v -6.795927 153.783829 -3.359450
v -6.784842 153.658295 -3.638248
v -6.763184 153.463043 -3.667768
v -6.792358 153.503906 -3.336259
v -6.842934 154.576813 -4.187757
v -6.881204 154.364716 -3.891579
v -6.800331 154.593307 -3.713438
v -6.763669 154.826416 -3.960881
v -6.998955 155.308685 -3.899833
v -7.004895 155.294083 -4.099096
v -7.125511 155.180023 -4.177909
v -7.001128 155.125793 -3.979188
v -7.036135 156.091110 -4.251289
v -6.797023 155.925369 -4.067883
v -6.874174 155.768387 -4.056568
v -7.065861 155.921448 -4.113661
v -5.739269 156.873505 -4.488655
v -5.973578 156.653656 -4.022289
v -6.520388 156.984970 -4.309804
v -6.439790 157.060257 -4.585730
v -6.432880 149.066635 -4.390524
v -6.439852 149.087250 -4.874922
v -6.391812 148.483383 -4.985776
v -6.410329 148.495987 -4.505432
v -6.379680 146.659058 -4.825785
v -6.325080 146.554993 -5.309571
v -6.425342 145.892685 -5.419597
v -6.331259 146.012741 -4.939013
v -4.513041 146.108276 -1.843354
v -4.905446 145.846710 -2.125490
v -4.910376 145.277802 -2.131882
v -4.519284 145.551208 -1.858027
v -5.836004 145.011017 -3.244709
v -6.044129 144.753571 -3.709930
v -6.024931 144.151596 -3.764699
v -5.795619 144.409241 -3.300746
v -6.758516 144.159454 -5.114429
v -7.104868 144.033951 -5.548685
v -7.408202 143.484665 -5.453798
v -6.960429 143.580658 -5.080838
v -0.829025 152.351517 -10.763253
v -0.548170 151.956390 -10.714784
v -0.849990 151.543381 -10.660468
v -1.118796 151.932678 -10.675501
v -2.393005 150.132523 -10.331358
v -2.044498 150.596420 -10.396561
v -1.821919 150.213837 -10.510636
v -2.176152 149.741608 -10.462353
v -1.593721 145.679092 -12.416120
v -1.100575 146.373840 -11.908770
v -0.705912 145.722153 -12.447054
v -1.194062 144.998566 -12.989482
v -2.508079 147.561111 -10.951185
v -2.752477 148.167206 -10.649533
v -2.320808 148.776062 -10.600429
v -2.057608 148.229187 -10.821842
v -1.432402 138.030884 -0.049680
v -1.066161 137.601547 0.158536
v -0.637802 137.830353 -0.090557
v -1.013294 138.214050 -0.315892
v -2.665878 139.591202 -0.972725
v -2.404088 139.229996 -0.727787
v -2.011026 139.390686 -0.924939
v -2.277128 139.785339 -1.088288
v -3.292540 141.082169 -1.721511
v -3.157097 140.650864 -1.639155
v -2.841321 140.980682 -1.499965
v -2.980160 141.421082 -1.550080
v -3.507119 143.392517 -1.429437
v -3.818345 143.060165 -1.705114
v -3.678529 142.537872 -1.768234
v -3.383816 142.868317 -1.503305
v -3.708426 145.577332 -1.369840
v -4.115418 145.278595 -1.596101
v -4.103267 144.717117 -1.570420
v -3.698800 145.034683 -1.360589
v -0.354219 152.429123 5.357351
v -0.244523 152.195648 5.359676
v -0.378450 151.943939 5.398000
v -0.475999 152.197891 5.324678
v -0.869125 152.682602 5.839155
v -0.722802 152.710861 5.695973
v -0.807918 152.672226 5.514010
v -0.934998 152.701721 5.634248
v -1.498214 152.290237 6.021418
v -1.347516 152.425003 6.036932
v -1.402305 152.520157 5.879880
v -1.546556 152.393478 5.878168
v -0.943051 151.233704 5.109383
v -0.903110 150.742523 4.988143
v -1.101554 150.330017 4.670638
v -1.142016 150.819916 4.886919
v -1.312530 151.313965 4.930511
v -1.318809 150.913788 4.796227
v -1.504915 150.596649 4.553377
v -1.467833 151.023163 4.728398
v -1.719579 151.238541 4.611766
v -1.590932 151.432236 4.774546
v -1.597857 151.139343 4.674946
v -1.735310 150.965698 4.500525
v -1.911763 151.472992 4.534331
v -1.869258 151.268021 4.503093
v -2.000002 151.061523 4.291580
v -2.050280 151.257584 4.316762
v -1.836668 152.093475 4.637176
v -1.755498 152.290024 4.728255
v -1.699419 152.123764 4.758050
v -1.816910 151.909500 4.676911
v -1.649635 152.573456 5.368456
v -1.503618 152.608521 5.311548
v -1.533744 152.557724 5.135460
v -1.668053 152.567505 5.190404
v -1.464553 159.159012 -13.271003
v -0.979808 159.925980 -13.501093
v -0.493644 159.224350 -13.448830
v -0.993635 158.486893 -13.202456
v -3.447486 161.521011 -12.652218
v -3.087147 162.364639 -12.829299
v -2.551946 161.781219 -13.124369
v -2.948146 160.974716 -12.938388
v -5.313881 163.430298 -10.934719
v -5.076225 164.370102 -10.949664
v -4.617123 163.935684 -11.504838
v -4.880654 163.001389 -11.424723
v -6.702684 164.607697 -8.684834
v -6.618775 165.399399 -8.438378
v -6.288183 165.273956 -9.098603
v -6.406877 164.422714 -9.282483
v -7.401299 164.327682 -6.253124
v -7.348422 164.843018 -5.799218
v -7.252792 165.091324 -6.399250
v -7.305573 164.532318 -6.831151
v -7.539342 162.990540 -4.523825
v -7.496048 163.418076 -4.055940
v -7.485472 163.822815 -4.393863
v -7.535819 163.373093 -4.864312
v -7.553719 161.378357 -4.760756
v -7.538249 161.793777 -4.399133
v -7.557702 162.168762 -4.639613
v -7.566819 161.731750 -4.987688
v -7.534715 159.998306 -5.534065
v -7.528764 160.297485 -5.732197
v -7.536795 159.808792 -5.885212
v -7.599113 159.645676 -5.725021
v -7.972314 159.394897 -5.252613
v -7.676336 159.295776 -5.266419
v -7.719388 159.138794 -5.013483
v -7.975988 159.159851 -5.129678
v -8.663301 159.753967 -5.551894
v -8.600451 159.590225 -5.451935
v -8.462312 159.586243 -5.214319
v -8.506066 159.760376 -5.294982
v -8.244017 160.061523 -5.716938
v -8.082647 159.952484 -5.852929
v -8.320699 160.055862 -6.170327
v -8.489500 160.117493 -6.018234
v -6.851290 156.936295 -5.265522
v -6.712695 157.073639 -4.962762
v -6.947514 157.234070 -4.945908
v -6.946486 157.177887 -5.232206
v -6.988214 158.070770 -4.857287
v -6.756117 158.064331 -5.092658
v -6.820869 157.803772 -5.090766
v -7.059933 157.835449 -4.928652
v -7.347324 158.459045 -5.582338
v -7.541173 158.128403 -5.664847
v -7.426066 158.097534 -5.518867
v -7.302256 158.417191 -5.352108
v -6.397847 150.526901 -5.615600
v -6.326560 149.940277 -5.735370
v -6.413557 149.761917 -5.246041
v -6.444920 150.322296 -5.118056
v -6.477450 152.132996 -4.438062
v -6.481562 152.413101 -4.841303
v -6.487671 152.048264 -5.085923
v -6.418243 151.762482 -4.638416
v -6.659385 153.309586 -4.003859
v -6.624203 153.451691 -4.299616
v -6.615175 153.223648 -4.331852
v -6.643223 153.060104 -4.040458
v -6.795522 153.776566 -3.881393
v -6.969605 153.899643 -3.849226
v -7.049326 153.771240 -4.073370
v -6.887500 153.616440 -4.084447
v -7.510978 154.841614 -4.729058
v -7.605360 154.726791 -4.961022
v -7.364921 154.518570 -4.826593
v -7.220296 154.642502 -4.611212
v -7.471729 155.482788 -4.667578
v -7.699812 155.514404 -4.816545
v -7.728298 155.219086 -4.546282
v -7.446214 155.279922 -4.423352
v -6.766182 155.518875 -4.030378
v -6.653087 155.533173 -4.146837
v -6.774554 155.397873 -4.339220
v -6.861569 155.391907 -4.167093
v -6.000038 156.096588 -3.929614
v -6.029875 155.932388 -4.112883
v -6.290037 155.844467 -4.107716
v -6.229055 156.011719 -3.982467
v -6.319258 155.838364 -4.830839
v -6.032144 155.989548 -4.479208
v -5.919035 156.201828 -4.596246
v -6.323534 156.102234 -5.014352
v -6.177675 147.917770 -6.047458
v -6.288119 147.179718 -6.164496
v -6.284940 147.175140 -5.676926
v -6.323732 147.857498 -5.578465
v -6.873665 145.149200 -5.979783
v -7.186276 145.095490 -6.433279
v -7.629846 144.530777 -6.381290
v -7.184261 144.535370 -6.002913
v -5.176419 144.391891 -2.516703
v -5.450179 144.094116 -2.919704
v -5.362621 143.491394 -2.948613
v -5.079514 143.796066 -2.556654
v -6.287564 143.325546 -4.249164
v -6.687095 143.145172 -4.635727
v -6.793097 142.565430 -4.526521
v -6.310832 142.724823 -4.213289
v -8.775253 142.953354 -5.899099
v -9.047518 142.420746 -5.649408
v -8.491493 142.407318 -5.351332
v -8.223706 142.922821 -5.605287
v -1.401943 156.678864 -12.346918
v -0.992247 157.208511 -12.668284
v -0.539791 156.651459 -12.450440
v -0.956931 156.157150 -12.188278
v -1.254581 154.860657 -11.530251
v -0.912508 155.236099 -11.759237
v -0.527602 154.812729 -11.582211
v -0.879805 154.469254 -11.393439
v -1.151845 153.506882 -10.991916
v -0.862850 153.822861 -11.124978
v -0.537786 153.477005 -11.039297
v -0.835495 153.136871 -10.922626
v -2.179770 151.780991 -10.380587
v -1.923878 152.244888 -10.554337
v -1.669939 151.872040 -10.558078
v -1.951500 151.419174 -10.419657
v -3.098606 150.381180 -9.979372
v -2.945578 150.029877 -10.120286
v -3.326352 149.546951 -10.019833
v -3.462276 149.905960 -9.862616
v -1.501387 142.652817 -15.278937
v -2.012965 143.263748 -14.802472
v -1.326154 143.735794 -14.181619
v -0.816682 143.127853 -14.720416
v -3.447521 145.627243 -12.235520
v -2.797460 146.280045 -11.757085
v -2.512810 145.638794 -12.343319
v -3.183570 144.936523 -12.819129
v -3.589449 148.600876 -10.130986
v -3.430761 148.093338 -10.425095
v -3.961600 147.426315 -10.530149
v -4.079084 147.991409 -10.140791
v -1.218899 136.015976 1.043343
v -0.704636 136.395462 0.815611
v -1.129076 136.860992 0.597989
v -1.633543 136.525650 0.810000
v -3.009051 138.443420 -0.206964
v -2.699769 138.001144 0.030394
v -2.229352 138.244141 -0.086172
v -2.542806 138.669159 -0.309724
v -3.844005 139.956268 -1.265470
v -3.694369 139.644928 -0.959120
v -3.255201 139.762115 -1.125201
v -3.411202 140.052475 -1.419532
v -4.160467 141.350601 -2.262363
v -4.095391 140.896683 -2.126761
v -3.732565 141.205627 -1.976067
v -3.846116 141.685974 -2.027023
v -4.376795 143.835190 -1.885095
v -4.660079 143.522049 -2.237003
v -4.529619 142.945251 -2.280448
v -4.246153 143.275543 -1.950236
v -0.778195 152.418839 5.265565
v -0.694541 152.191559 5.276288
v -0.829726 151.936111 5.267542
v -0.890849 152.179352 5.218250
v -1.287421 152.643005 5.642156
v -1.138445 152.677628 5.544810
v -1.193353 152.625168 5.351017
v -1.329706 152.650009 5.434921
v -1.135055 152.372116 5.132051
v -1.065674 152.162903 5.140096
v -1.190197 151.918915 5.112754
v -1.234617 152.147324 5.071126
v -1.460068 152.332382 4.955926
v -1.390500 152.138351 4.975800
v -1.502692 151.920898 4.920929
v -1.551540 152.134842 4.879364
v -3.193929 158.896957 -12.499115
v -2.839192 159.630203 -12.851531
v -2.377841 159.042160 -12.947547
v -2.740102 158.355286 -12.571564
v -4.915559 160.804092 -11.481977
v -4.675026 161.654984 -11.697354
v -4.232606 161.188278 -12.084702
v -4.505911 160.362106 -11.826710
v -6.306027 162.382217 -9.824746
v -6.203015 163.263504 -9.882809
v -5.867404 162.903046 -10.367442
v -5.984576 162.017410 -10.247600
v -7.240602 163.219757 -7.903233
v -7.199813 163.973709 -7.728885
v -7.011983 163.932022 -8.292360
v -7.056106 163.137360 -8.419323
v -7.566892 162.653687 -5.955726
v -7.549289 163.208328 -5.646334
v -7.506798 163.504257 -6.102248
v -7.534162 162.900589 -6.387189
v -7.564405 161.571808 -5.540951
v -7.557328 161.840881 -5.848877
v -7.544056 161.308701 -6.052495
v -7.549160 161.077255 -5.773901
v -7.528595 159.591888 -6.131991
v -7.476175 159.743820 -6.348014
v -7.514584 159.324493 -6.268509
v -7.663053 159.325943 -6.171660
v -7.662582 158.677536 -5.823200
v -7.473473 158.772827 -5.691604
v -7.587244 159.020004 -5.574779
v -7.756803 158.938080 -5.774376
v -8.463324 159.652664 -5.870355
v -8.210750 159.722656 -5.790421
v -8.235460 159.578049 -5.547757
v -8.476952 159.493240 -5.646434
v -8.921828 159.789490 -6.436614
v -8.904833 159.681396 -6.245578
v -8.819500 159.826675 -5.965981
v -8.800761 159.957123 -6.141408
v -8.449127 159.744797 -6.956591
v -8.321871 159.874176 -6.597805
v -8.093155 159.626572 -6.592963
v -8.205470 159.524658 -6.960714
v -6.743165 157.564758 -5.386867
v -6.681164 157.543945 -5.666694
v -6.802636 157.300949 -5.758950
v -6.846662 157.358780 -5.478918
v -7.057611 156.500320 -5.735497
v -6.943990 156.201660 -5.680108
v -6.608058 156.285645 -5.588021
v -6.862736 156.568649 -5.554535
v -7.072256 157.959061 -5.712448
v -6.954597 157.835129 -6.045080
v -6.692913 157.854996 -5.809266
v -6.689438 158.148788 -5.539513
v -7.758409 157.992325 -5.892668
v -7.781687 158.254700 -5.944894
v -7.972684 158.113129 -6.093112
v -7.909087 157.861084 -6.079792
v -6.087273 149.561005 -6.308049
v -5.900765 149.932693 -6.753630
v -5.827080 149.250320 -6.856724
v -6.021226 148.861023 -6.410370
v -6.472823 151.919540 -5.780828
v -6.408870 152.286713 -6.253391
v -6.290740 151.739807 -6.424006
v -6.398870 151.372391 -5.963101
v -6.534562 153.224411 -4.697465
v -6.532138 153.467499 -4.868347
v -6.480672 153.338257 -5.128949
v -6.492169 153.004517 -4.913599
v -6.615629 153.611404 -4.564565
v -6.678554 153.578735 -4.695668
v -6.633232 153.703171 -4.892200
v -6.573280 153.659332 -4.768389
v -7.348799 153.557098 -4.757374
v -7.383054 153.465118 -5.005727
v -7.029895 153.292068 -4.708693
v -7.068402 153.395325 -4.461017
v -7.391189 154.203003 -4.804187
v -7.566434 154.134018 -5.000260
v -7.438116 153.858139 -4.785148
v -7.280254 153.956940 -4.550911
v -7.693622 155.229843 -5.563310
v -7.773739 155.172485 -5.776824
v -7.824755 154.948853 -5.555781
v -7.718204 154.962296 -5.364340
v -7.717343 155.832382 -5.476233
v -7.845892 155.783066 -5.625172
v -7.817971 155.578812 -5.491615
v -7.797190 155.683411 -5.269575
v -6.831651 155.418274 -4.695580
v -6.648281 155.529160 -4.884724
v -6.945766 155.543976 -5.057918
v -7.127739 155.468948 -4.813498
v -6.981970 146.342133 -7.282003
v -7.588148 145.771744 -7.233343
v -7.106669 145.708191 -6.852336
v -6.660123 146.390213 -6.781851
v -8.982401 143.551697 -6.393191
v -8.590775 144.081360 -6.562575
v -9.124193 144.179306 -6.875103
v -9.514076 143.627151 -6.720409
v -5.906823 142.341309 -3.756005
v -5.888808 141.756149 -3.623376
v -5.477969 142.017929 -3.299369
v -5.544985 142.610550 -3.371589
v -8.113385 141.898956 -4.787881
v -8.287808 141.444839 -4.423449
v -7.648116 141.448517 -4.210776
v -7.513988 141.935303 -4.537620
v -10.141196 141.399048 -5.339762
v -9.848151 141.866180 -5.710084
v -10.458184 141.849197 -6.081503
v -10.797069 141.357605 -5.715850
v -2.893291 156.702362 -11.873236
v -2.615589 157.231125 -12.206652
v -2.187155 156.718338 -12.158960
v -2.477088 156.238129 -11.851442
v -2.557867 154.949692 -11.242591
v -2.330004 155.345840 -11.505686
v -1.940289 154.922668 -11.429286
v -2.190327 154.573868 -11.198638
v -2.070517 153.864868 -10.951989
v -1.742514 153.508255 -10.911928
v -1.970263 153.095642 -10.737484
v -2.277072 153.471390 -10.751878
v -3.104224 151.575150 -9.919603
v -2.863503 152.050766 -10.114676
v -2.661699 151.674500 -10.171268
v -2.934501 151.204254 -9.999065
v -3.990533 150.131775 -9.387748
v -3.929729 149.771179 -9.550236
v -4.306689 149.259766 -9.370276
v -4.340478 149.626495 -9.186938
v -4.109238 143.157791 -15.318316
v -4.501921 143.639404 -14.646987
v -3.646755 143.927933 -14.132840
v -3.252652 143.467484 -14.807043
v -1.681599 141.459045 -16.185940
v -1.018643 140.689804 -16.534988
v -1.870561 140.007385 -16.920685
v -2.528565 140.884781 -16.644836
v -4.373993 145.656815 -12.048633
v -5.169237 145.109909 -12.463360
v -5.263882 145.697678 -11.756146
v -4.497514 146.226028 -11.373306
v -4.715530 148.301025 -9.485455
v -4.697587 147.851852 -9.837980
v -5.316551 147.218063 -9.935285
v -5.283428 147.705032 -9.496350
v -3.110022 136.328079 0.903301
v -2.536645 136.704300 0.738535
v -2.870863 137.238907 0.461559
v -3.432445 136.902283 0.622316
v -4.518361 138.834534 -0.538956
v -4.287102 138.427170 -0.244975
v -3.766602 138.649368 -0.346591
v -4.000244 139.055496 -0.599312
v -5.015947 140.281387 -1.738722
v -4.964388 139.983795 -1.372037
v -4.441511 140.122696 -1.472561
v -4.505872 140.383987 -1.833698
v -5.040511 141.753357 -2.897465
v -5.006673 141.246185 -2.737129
v -4.590615 141.525726 -2.567616
v -4.683410 142.059982 -2.623555
v -4.546996 158.394882 -11.390728
v -4.345056 159.127228 -11.766278
v -3.924066 158.681808 -11.968710
v -4.137211 157.994339 -11.577338
v -5.911609 159.978546 -10.239450
v -5.796876 160.783524 -10.483514
v -5.469718 160.391464 -10.858971
v -5.607677 159.595901 -10.569468
v -6.906597 161.296585 -8.796925
v -6.883376 162.123245 -8.889986
v -6.651799 161.848160 -9.303829
v -6.699547 161.011856 -9.170980
v -7.439405 161.716858 -7.153668
v -7.475858 162.407928 -7.048194
v -7.384304 162.470352 -7.516867
v -7.351989 161.729706 -7.576046
v -7.454370 161.023376 -6.839393
v -7.408403 160.447327 -6.870851
v -7.463213 160.411758 -6.585261
v -7.493872 160.937164 -6.506561
v -7.492503 159.035461 -6.412062
v -7.387164 158.976471 -6.591836
v -7.442914 158.626465 -6.579174
v -7.622334 158.783066 -6.529550
v -8.000475 159.098511 -5.959560
v -8.062083 159.383926 -5.985400
v -8.101277 159.218460 -6.220717
v -8.079691 158.973816 -6.192191
v -8.665679 159.521790 -6.699174
v -8.494879 159.704330 -6.606117
v -8.616592 159.604065 -6.291468
v -8.773903 159.477631 -6.394961
v -8.849184 159.300018 -7.319589
v -8.937305 159.302689 -7.111149
v -8.917174 159.606735 -6.944159
v -8.757948 159.613754 -7.165117
v -7.965415 158.407654 -7.253427
v -8.124221 158.729935 -7.529259
v -8.071584 159.035049 -7.198519
v -7.929057 158.754456 -6.958723
v -7.193808 156.904373 -6.249197
v -7.329261 156.679398 -6.140216
v -7.165096 156.733124 -5.972810
v -7.019804 156.979691 -6.034147
v -7.138343 155.936783 -5.723488
v -7.414207 155.950195 -5.864768
v -7.456214 155.776855 -5.633827
v -7.146169 155.696152 -5.533226
v -7.284127 157.434692 -6.347290
v -7.587199 157.272980 -6.328841
v -7.611057 157.042114 -6.409468
v -7.351342 157.141495 -6.425312
v -8.180037 157.330887 -6.349593
v -8.059098 157.146332 -6.373758
v -7.925399 157.341324 -6.292486
v -8.010097 157.532974 -6.242554
v -8.193562 158.574951 -6.376740
v -8.302399 158.463013 -6.526371
v -8.331332 158.123596 -6.488741
v -8.194149 158.277328 -6.320883
v -5.303839 149.729446 -7.751242
v -5.339131 149.201736 -7.930104
v -5.672828 148.571625 -7.659821
v -5.596993 149.130188 -7.420926
v -5.813504 152.043030 -7.372602
v -5.619294 151.488327 -7.457442
v -5.819836 151.010162 -7.075487
v -5.979690 151.591751 -6.976522
v -6.521315 154.008423 -6.866402
v -6.374058 153.551392 -7.007671
v -6.450667 153.183578 -6.558602
v -6.543536 153.685577 -6.443308
v -6.525156 154.294510 -5.853675
v -6.542272 153.877472 -5.915604
v -6.491606 153.700974 -5.579965
v -6.510020 154.087387 -5.596197
v -6.731276 153.914368 -5.333490
v -7.027499 153.975235 -5.646674
v -6.964274 154.314056 -5.583538
v -6.672362 154.189041 -5.376190
v -7.619804 153.771454 -5.483500
v -7.813945 154.107300 -5.632801
v -7.795503 154.171387 -5.898808
v -7.512609 153.894424 -5.726236
v -7.907000 154.685165 -5.551147
v -7.987802 154.717804 -5.736485
v -7.911553 154.405029 -5.572646
v -7.814566 154.403580 -5.378753
v -8.124907 155.646912 -6.184330
v -8.204926 155.717239 -6.342272
v -8.034741 155.506088 -6.271652
v -7.941165 155.435547 -6.112116
v -8.021043 156.101135 -6.039015
v -8.217450 156.107971 -6.116861
v -8.219611 155.878189 -6.013906
v -8.049212 155.951004 -5.851254
v -9.133948 145.263702 -8.022951
v -9.675317 144.763916 -7.897326
v -9.185054 144.769516 -7.417442
v -8.670983 145.292542 -7.533059
v -6.819053 146.847443 -7.768314
v -6.246782 147.455200 -7.837586
v -6.608797 147.169373 -8.240345
v -7.253438 146.671524 -8.208147
v -11.429425 142.459503 -7.230510
v -10.773880 142.451462 -6.734270
v -10.421054 143.067825 -6.929795
v -11.025521 143.077881 -7.422971
v -7.149040 141.130905 -3.586028
v -7.292636 140.901520 -3.047785
v -6.629973 140.857422 -2.996351
v -6.514856 141.158356 -3.474973
v -10.006841 140.611969 -4.120026
v -9.368073 140.770157 -3.706850
v -9.161325 141.146255 -4.183709
v -9.814095 141.089340 -4.514709
v -12.725815 140.925980 -6.000041
v -13.082225 140.493027 -5.359520
v -12.183558 140.304443 -5.231184
v -11.893020 140.859741 -5.673456
v -4.072747 156.375931 -11.010551
v -3.915426 156.971588 -11.357494
v -3.521642 156.587357 -11.475359
v -3.691815 156.040558 -11.136328
v -3.454777 155.216125 -10.917854
v -3.100345 154.895599 -10.972056
v -3.238408 154.468063 -10.710629
v -3.563207 154.757858 -10.639000
v -3.169721 153.285431 -10.261107
v -3.049937 153.729599 -10.506076
v -2.751137 153.391434 -10.524354
v -2.902036 152.925522 -10.288705
v -3.656430 151.900040 -9.566501
v -3.506704 151.492020 -9.643415
v -3.762212 151.011978 -9.448036
v -3.871063 151.429779 -9.345787
v -4.689117 149.893356 -8.620449
v -4.708302 149.478607 -8.794278
v -5.097873 148.917847 -8.585204
v -5.033556 149.329834 -8.373385
v -5.689821 143.811142 -14.345401
v -6.616751 143.539490 -14.701001
v -6.793975 143.957687 -13.918206
v -5.894182 144.222565 -13.598459
v -5.555000 141.622116 -16.752645
v -4.574646 142.050568 -16.302340
v -4.047087 141.209686 -16.750374
v -5.033483 140.703659 -17.210577
v -6.890191 145.808502 -10.949286
v -6.069716 146.183380 -10.676822
v -6.106835 145.741440 -11.382853
v -6.951430 145.360855 -11.688375
v -6.274308 147.393066 -8.688124
v -5.679507 147.947922 -8.727621
v -5.815693 147.554932 -9.107153
v -6.476834 147.024994 -9.154070
v -4.613044 137.711075 0.181285
v -5.268725 137.408768 0.268327
v -5.003676 136.811188 0.614395
v -4.336763 137.150040 0.492578
v -6.011886 139.191025 -1.098149
v -5.872219 138.788681 -0.795216
v -5.264915 139.004471 -0.791902
v -5.416029 139.401352 -1.072305
v -6.103076 140.649399 -2.473206
v -6.168016 140.407471 -1.996635
v -5.564234 140.454239 -2.063943
v -5.519899 140.695618 -2.497613
v -5.500068 157.778900 -10.219398
v -5.414765 158.467300 -10.545125
v -5.067493 158.090454 -10.796548
v -5.165175 157.413132 -10.452242
v -6.548120 159.170944 -9.091525
v -6.511628 159.899796 -9.328460
v -6.272363 159.569702 -9.656488
v -6.327939 158.850937 -9.395504
v -7.152211 160.195953 -7.825655
v -7.188255 160.911407 -7.941492
v -7.061963 160.736160 -8.302576
v -7.040761 159.996429 -8.145363
v -7.215699 159.719345 -7.386170
v -7.201195 159.161621 -7.228632
v -7.281083 159.322708 -6.980608
v -7.301958 159.847565 -7.117114
v -7.325828 158.037949 -6.665125
v -7.193043 157.803375 -6.738932
v -7.222366 157.394379 -6.674542
v -7.360529 157.633652 -6.728344
v -8.168015 159.125443 -6.523348
v -8.204226 159.251007 -6.686520
v -8.288461 158.851593 -6.819880
v -8.281542 158.787247 -6.639021
v -8.723866 158.926590 -7.236281
v -8.625308 159.082504 -7.276306
v -8.687303 159.219467 -7.035172
v -8.810802 159.100754 -7.078719
v -8.719304 158.175140 -7.775382
v -8.886888 158.431198 -7.600022
v -8.790037 158.843094 -7.597661
v -8.572301 158.631424 -7.760482
v -7.854542 157.043106 -6.861414
v -7.970506 157.272522 -7.308500
v -7.892685 157.707962 -7.084433
v -7.697155 157.450653 -6.800919
v -7.763936 156.408051 -6.252211
v -7.795087 156.192734 -6.187041
v -7.630000 156.205994 -6.092785
v -7.592520 156.431427 -6.167250
v -8.007743 156.830460 -6.423936
v -8.075098 156.654739 -6.415670
v -7.894925 156.599747 -6.372573
v -7.837327 156.773682 -6.411468
v -8.583237 157.316681 -6.670325
v -8.518365 157.065277 -6.536736
v -8.435804 157.310516 -6.446974
v -8.501686 157.585632 -6.546594
v -5.047460 151.953476 -8.225429
v -4.861946 151.408630 -8.271100
v -5.085504 150.866531 -7.949451
v -5.235881 151.432449 -7.881186
v -6.005659 153.920761 -7.925229
v -5.768604 153.471939 -8.039774
v -5.894273 153.010422 -7.667922
v -6.102691 153.483215 -7.546489
v -6.725140 155.460495 -7.251583
v -6.593606 155.111023 -7.440722
v -6.608358 154.754898 -7.072097
v -6.694752 155.118225 -6.884140
v -6.743017 155.583908 -6.158236
v -6.678782 155.184738 -6.327051
v -6.612112 154.954071 -5.962903
v -6.735004 155.370850 -5.816366
v -7.401848 154.978729 -6.067459
v -7.338526 155.354965 -6.046509
v -7.034921 155.240494 -5.784914
v -7.179122 154.914307 -5.620040
v -7.990447 154.566849 -6.265513
v -8.207163 154.940735 -6.356952
v -8.158589 155.014893 -6.676229
v -7.818418 154.721786 -6.507713
v -8.069540 155.079193 -6.098894
v -8.076177 155.342056 -6.295420
v -8.211584 155.447998 -6.446749
v -8.187826 155.174637 -6.268608
v -8.408216 156.043335 -6.546205
v -8.507415 156.273499 -6.589430
v -8.529879 156.448578 -6.752400
v -8.467674 156.191376 -6.704966
v -8.302010 156.554276 -6.395971
v -8.451695 156.656357 -6.478209
v -8.476141 156.400635 -6.460535
v -8.349562 156.337509 -6.323349
v -11.134716 144.149414 -8.952051
v -11.713516 143.681931 -8.811029
v -11.164252 143.667984 -8.159297
v -10.653144 144.194290 -8.323382
v -8.946105 145.635132 -8.663670
v -8.291006 146.051773 -8.707809
v -8.618540 145.838882 -9.312366
v -9.303690 145.462463 -9.283149
v -14.036004 141.716721 -7.452101
v -13.147497 141.522736 -6.967947
v -12.623137 141.966980 -7.484423
v -13.439068 142.149902 -8.049429
v -8.770013 140.377869 -3.019968
v -8.765122 139.819778 -2.763667
v -8.110897 139.991653 -2.435592
v -8.101892 140.515640 -2.712684
v -11.562449 139.730682 -4.564490
v -11.779660 139.153107 -4.072762
v -10.889611 139.226440 -3.887967
v -10.730510 139.807632 -4.305342
v -4.903421 156.408875 -10.328832
v -4.543844 156.091019 -10.513898
v -4.602647 155.481445 -10.195151
v -4.959844 155.775253 -10.001426
v -4.226143 154.199356 -9.874518
v -4.263493 154.709335 -10.101842
v -3.945088 154.539993 -10.263653
v -3.963599 154.090897 -10.034275
v -3.872736 153.103241 -9.714178
v -3.774585 153.475082 -9.926748
v -3.542915 153.171219 -9.979816
v -3.670550 152.744415 -9.748932
v -4.337065 151.886520 -8.952937
v -4.201548 151.399948 -9.013654
v -4.424088 150.895081 -8.739782
v -4.522013 151.397614 -8.651337
v -8.709087 143.889175 -13.595302
v -8.676940 144.261688 -12.785899
v -7.822050 144.542297 -12.644892
v -7.801002 144.095551 -13.391839
v -7.344086 142.756714 -15.849688
v -7.003731 142.072357 -16.606653
v -8.059832 141.756866 -17.050163
v -8.376694 142.489731 -16.222790
v -8.169429 145.892197 -9.921446
v -7.393276 146.199509 -9.801481
v -7.590081 145.866135 -10.466796
v -8.402311 145.559601 -10.619618
v -6.382292 138.117096 -0.467705
v -7.109749 137.845901 -0.520167
v -6.952741 137.313232 -0.096070
v -6.197684 137.626556 -0.081622
v -7.439497 139.677948 -1.900277
v -7.395560 139.219467 -1.615834
v -6.736072 139.410568 -1.461879
v -6.795773 139.854767 -1.724781
v -6.127382 157.845367 -9.408202
v -5.862274 157.490280 -9.665994
v -5.929775 156.874054 -9.393954
v -6.182337 157.226944 -9.145296
v -6.898954 159.067474 -8.256024
v -6.745504 158.795151 -8.549544
v -6.775536 158.179352 -8.326740
v -6.919957 158.454285 -8.045064
v -7.145707 158.438843 -7.269100
v -7.062754 158.176834 -7.558725
v -7.099892 157.708115 -7.346144
v -7.164835 157.975357 -7.087542
v -7.152917 156.760315 -6.589428
v -7.046420 156.456863 -6.710134
v -6.977139 156.162338 -6.416183
v -7.165336 156.392365 -6.480198
v -8.465664 158.424637 -7.407082
v -8.427377 158.192368 -7.217430
v -8.381201 158.574692 -7.117311
v -8.430109 158.748505 -7.290545
v -8.613924 158.033463 -7.491711
v -8.609611 158.332520 -7.568210
v -8.708660 158.555954 -7.417845
v -8.768076 158.317688 -7.432908
v -8.554313 156.712173 -7.597290
v -8.738207 157.064499 -7.538944
v -8.637525 157.429459 -7.782136
v -8.340382 157.091507 -7.779927
v -7.573861 155.852264 -6.332090
v -7.804392 156.003159 -6.709390
v -7.714456 156.412506 -6.650296
v -7.423221 156.199646 -6.486932
v -8.517529 156.960007 -6.939395
v -8.552133 157.278305 -6.923964
v -8.468276 157.550110 -7.104171
v -8.476297 157.217239 -7.120448
v -5.232603 153.982971 -8.854011
v -4.944429 153.469986 -8.890093
v -5.102601 152.988144 -8.529026
v -5.367682 153.488846 -8.480727
v -6.369342 155.612198 -8.318334
v -6.124523 155.247147 -8.498077
v -6.167547 154.780365 -8.148127
v -6.394125 155.156067 -7.979325
v -7.032564 156.968872 -7.359580
v -6.905508 156.626862 -7.641108
v -6.899103 156.190430 -7.344587
v -7.011843 156.525543 -7.127550
v -8.547174 155.846451 -7.039530
v -8.449865 156.068863 -7.325943
v -8.140230 155.771545 -7.200716
v -8.306782 155.503357 -7.030816
v -8.357559 155.841568 -6.728229
v -8.416611 156.108475 -6.808081
v -8.473969 156.301041 -6.974407
v -8.480723 156.008728 -6.870949
v -13.569714 143.137695 -10.226944
v -14.366127 142.695297 -9.907303
v -13.594702 142.785278 -9.162459
v -12.946696 143.234375 -9.404561
v -10.935360 144.477417 -9.773189
v -10.289908 144.857483 -9.875597
v -10.553010 144.603195 -10.595445
v -11.238821 144.254089 -10.520322
v -10.319461 138.320465 -2.630126
v -9.518797 138.577957 -2.371262
v -9.460335 139.085709 -2.804646
v -10.205307 138.847229 -3.139258
v -5.707113 155.915604 -9.317456
v -5.373141 155.522430 -9.495797
v -5.454338 154.957718 -9.147891
v -5.778057 155.367340 -8.997581
v -4.342257 153.623489 -9.516498
v -4.177146 153.161652 -9.475942
v -4.333043 152.819580 -9.211025
v -4.526628 153.337753 -9.225091
v -10.190820 144.184326 -12.133606
v -10.040682 144.569092 -11.380430
v -9.313603 144.855194 -11.386765
v -9.420877 144.430374 -12.111395
v -9.660497 143.288574 -14.643041
v -9.621473 142.799774 -15.586800
v -10.700318 142.522568 -15.751088
v -10.650292 143.056076 -14.771244
v -8.749591 137.804153 -1.218406
v -7.968348 138.074280 -1.061482
v -8.031384 138.559967 -1.468941
v -8.777557 138.324585 -1.672653
v -6.644760 157.311508 -8.376333
v -6.453495 156.991348 -8.636683
v -6.515872 156.455933 -8.386998
v -6.698231 156.784714 -8.144502
v -8.443192 157.133102 -7.292320
v -8.526266 157.419785 -7.407922
v -8.616274 157.104507 -7.272401
v -8.523009 156.812439 -7.198431
v -12.752187 143.330414 -12.089930
v -13.704394 142.927032 -12.010674
v -13.258206 143.280594 -11.228274
v -12.369766 143.643753 -11.283454
v -12.117786 143.313217 -12.945384
v -11.194846 143.577866 -12.959348
v -11.436497 143.218613 -13.850128
v -12.418098 142.935608 -13.817779
v 0.264304 158.653519 6.908555
v 0.741541 158.520309 6.711954
v 0.732180 158.883102 6.391209
v 0.255292 159.006042 6.631457
v 0.281010 157.946472 7.539913
v 0.722594 157.813721 7.349429
v 0.706925 158.150482 7.015367
v 0.264514 158.288345 7.203094
v 0.576554 159.558319 5.963957
v 0.195770 159.641556 6.215059
v 0.229425 159.338135 6.405652
v 0.656421 159.238708 6.124914
v 1.030006 158.208725 6.348556
v 1.238447 157.835358 5.982945
v 1.255599 158.117050 5.658713
v 1.003813 158.515503 5.978521
v 0.301876 157.582657 7.867237
v 0.325386 157.226562 8.220491
v 0.810556 157.130463 8.060589
v 0.770688 157.492584 7.721620
v 1.009242 157.859344 6.669384
v 1.092678 157.549515 7.018440
v 1.262298 157.198853 6.594421
v 1.227216 157.525848 6.288748
v 0.178370 160.223038 6.058449
v 0.169581 159.934433 6.075078
v 0.547927 159.845932 5.842935
v 0.592997 160.121506 5.841075
v 0.935357 159.367630 4.964309
v 0.785345 159.425629 5.447048
v 0.883411 159.096283 5.534200
v 1.020317 159.088013 5.034024
v 1.496818 157.739365 5.348768
v 1.449073 157.513275 5.626066
v 1.669973 157.261581 5.294755
v 1.767316 157.424103 5.054279
v 1.177877 158.789276 5.062628
v 1.063221 158.695786 5.490175
v 1.320280 158.329346 5.322271
v 1.399849 158.482285 4.998182
v 0.091356 153.754013 6.657407
v 0.448372 153.800339 6.765023
v 0.444996 154.207993 6.784148
v 0.100859 154.195297 6.688748
v 0.087885 154.556793 6.746012
v 0.402137 154.560486 6.754282
v 0.321894 154.909027 6.749455
v 0.071417 154.892899 6.793665
v 0.335740 156.796249 8.479059
v 0.328911 156.331802 8.530715
v 0.764216 156.298538 8.326226
v 0.815148 156.722351 8.291540
v 1.159658 157.248718 7.386376
v 1.197473 156.929520 7.712165
v 1.368685 156.671280 7.286866
v 1.322425 156.907013 6.957572
v 1.390837 157.306152 5.885314
v 1.322729 157.047165 6.088899
v 1.531018 156.943954 5.677475
v 1.588025 157.122452 5.509360
v 0.185349 160.888214 6.198213
v 0.189327 160.516907 6.120473
v 0.628746 160.407516 6.052512
v 0.620102 160.782623 6.308941
v 0.923617 159.625137 4.852420
v 1.022136 159.895828 4.731840
v 0.880134 159.996445 5.268391
v 0.787103 159.708054 5.337081
v 1.251224 159.351059 4.503653
v 1.065941 159.349167 4.636964
v 1.090483 159.106735 4.717238
v 1.230591 159.149948 4.524287
v 1.590321 157.958969 5.091369
v 1.875443 157.608505 4.823073
v 1.993123 157.790680 4.624982
v 1.652791 158.130844 4.833012
v 2.108208 157.101395 4.770578
v 1.975279 156.921234 4.986384
v 2.340390 156.557602 4.752989
v 2.502020 156.759521 4.538170
v 1.345238 158.877884 4.530945
v 1.225067 158.841995 4.752120
v 1.442636 158.557587 4.720349
v 1.550781 158.627136 4.531386
v 0.059214 153.343262 6.827891
v 0.032520 153.035706 6.818546
v 0.344496 153.113663 6.778385
v 0.400996 153.434357 6.799102
v 0.784515 154.198013 6.690119
v 0.764652 153.786957 6.717840
v 1.034285 153.698700 6.521080
v 1.090244 154.116684 6.441050
v 0.292514 155.296265 7.160494
v 0.121872 155.215820 7.242048
v 0.095318 155.106079 6.971633
v 0.269184 155.187347 6.885099
v 0.748124 154.559357 6.657903
v 1.045528 154.523575 6.350816
v 0.975006 154.864838 6.351239
v 0.673161 154.902954 6.628943
v 0.234378 155.714890 8.087751
v 0.564002 155.728119 7.988284
v 0.657895 155.969925 8.176694
v 0.287250 155.965286 8.345094
v 1.072534 156.252075 7.976007
v 1.291815 156.150955 7.607489
v 1.379710 156.417221 7.519691
v 1.170391 156.592407 7.927764
v 1.669011 156.329193 6.601162
v 1.571939 156.504684 6.388280
v 1.435898 156.647339 6.610544
v 1.535004 156.463150 6.921530
v 1.512488 156.565063 6.129873
v 1.540714 156.557465 5.812995
v 1.505946 156.760605 5.753113
v 1.349382 156.744232 6.164248
v 1.704868 156.678589 5.315646
v 1.953051 156.232330 5.060247
v 2.158560 156.374130 4.930193
v 1.816931 156.794388 5.168547
v 0.226708 161.813370 6.465668
v 0.200786 161.319519 6.379197
v 0.640817 161.259521 6.469994
v 0.713776 161.792953 6.476222
v 1.126936 160.723038 6.278578
v 1.126462 160.347565 5.881242
v 1.644601 160.331940 5.818355
v 1.689588 160.703842 6.233131
v 1.330152 159.489426 4.421456
v 1.426507 159.621307 4.372326
v 1.264658 159.737869 4.419827
v 1.135576 159.535675 4.493380
v 1.326988 160.080643 4.734500
v 1.718136 160.138474 4.836971
v 1.648790 160.265808 5.256126
v 1.192173 160.218338 5.259026
v 1.383155 159.346970 4.435973
v 1.404420 159.216736 4.437417
v 1.551659 159.272675 4.366483
v 1.501474 159.315536 4.356786
v 2.409857 157.486038 4.402365
v 2.244879 157.284653 4.554994
v 2.670728 156.957199 4.341876
v 2.886114 157.178482 4.223893
v 1.865220 158.392487 4.519681
v 1.726270 158.261703 4.614061
v 2.123390 157.976166 4.503494
v 2.285779 158.149750 4.492115
v 2.713099 156.193588 4.585950
v 3.062224 155.816223 4.468529
v 3.289439 156.051666 4.245926
v 2.903896 156.411499 4.374151
v 1.585162 158.899597 4.456291
v 1.727540 158.697769 4.485276
v 1.912088 158.715576 4.459954
v 1.848590 158.863190 4.454843
v -0.009700 152.629868 6.442510
v 0.237222 152.635056 6.377547
v 0.288055 152.831573 6.619811
v 0.023633 152.790894 6.698779
v 0.631710 153.126068 6.662488
v 0.899874 153.046066 6.523744
v 0.985434 153.327515 6.573104
v 0.711238 153.436783 6.726775
v 1.583088 153.398773 6.188021
v 1.702007 153.681641 6.100531
v 1.396666 153.907623 6.245505
v 1.310653 153.558136 6.342958
v 0.128916 155.348236 7.534633
v 0.329578 155.389191 7.447230
v 0.461410 155.544983 7.732913
v 0.187636 155.519394 7.819466
v 0.365263 155.608429 6.957121
v 0.409145 155.452560 7.055576
v 0.438191 155.329514 6.792689
v 0.521891 155.504944 6.725599
v 1.159240 154.854752 6.032553
v 1.324180 154.580933 6.047939
v 1.505317 154.733902 5.749415
v 1.344358 154.912354 5.775705
v 0.800703 155.349091 6.321840
v 0.687982 155.432358 6.521708
v 0.678167 155.199371 6.587562
v 0.892062 155.134781 6.353834
v 0.834468 155.795776 7.761155
v 1.048220 155.806992 7.511257
v 1.152380 155.956375 7.582076
v 0.932195 155.988434 7.885601
v 1.437479 156.025925 7.242067
v 1.586546 155.869095 6.904685
v 1.684471 156.085831 6.790461
v 1.524539 156.235306 7.134264
v 1.792721 156.088226 5.994585
v 1.678950 156.360046 5.886896
v 1.649797 156.431473 6.169781
v 1.762514 156.214783 6.301766
v 1.623877 156.430374 5.513054
v 1.688415 156.157822 5.310045
v 1.767433 156.172745 5.183555
v 1.652109 156.557526 5.428860
v 2.286584 155.757339 4.921123
v 2.571429 155.336853 4.825980
v 2.815431 155.567459 4.676375
v 2.501252 155.963013 4.778039
v 0.284093 162.853561 6.082409
v 0.256488 162.333893 6.323312
v 0.816266 162.336700 6.355540
v 0.912177 162.879517 6.152824
v 1.247598 161.780121 6.502965
v 1.154019 161.224716 6.461990
v 1.771911 161.208450 6.393751
v 1.891315 161.740677 6.431232
v 2.193796 160.344284 5.744591
v 2.745268 160.368988 5.611393
v 2.883448 160.684433 5.894745
v 2.303159 160.672852 6.151484
v 1.429095 159.440933 4.405653
v 1.529624 159.364609 4.329846
v 1.618695 159.431381 4.327589
v 1.515029 159.538788 4.383436
v 1.595077 159.755051 4.417433
v 1.842281 159.905945 4.458463
v 1.806240 159.994415 4.596334
v 1.504391 159.872574 4.496189
v 2.156466 160.195923 4.917689
v 2.629072 160.196365 4.989537
v 2.658491 160.251968 5.269556
v 2.139402 160.299149 5.268581
v 1.584442 159.107193 4.434499
v 1.875218 159.014130 4.424790
v 1.946394 159.130630 4.356946
v 1.702136 159.214386 4.356026
v 1.752291 159.266998 4.090076
v 1.593256 159.321655 4.185454
v 1.571138 159.325729 4.244669
v 1.640685 159.301239 4.256048
v 2.618491 157.696564 4.395380
v 3.151763 157.417130 4.242321
v 3.434095 157.699493 4.235754
v 2.817831 157.909241 4.434564
v 3.364354 156.864410 4.066856
v 3.108705 156.626205 4.191626
v 3.531755 156.286346 4.047320
v 3.820683 156.536560 3.888272
v 2.112430 158.578033 4.462838
v 2.000587 158.498840 4.478061
v 2.400817 158.302856 4.460960
v 2.467675 158.438660 4.459217
v 3.368390 155.425385 4.326826
v 3.653277 155.025055 4.143517
v 3.937459 155.281387 3.832058
v 3.639677 155.675690 4.077336
v 2.521721 158.701233 4.476839
v 2.144443 158.789734 4.457149
v 2.147646 158.666245 4.462339
v 2.499558 158.567505 4.478575
v 0.000031 152.699753 5.756702
v 0.212401 152.691376 5.720157
v 0.212539 152.569946 6.066616
v -0.009530 152.589081 6.120149
v 0.449826 152.644333 6.294532
v 0.707114 152.660782 6.196782
v 0.800861 152.811752 6.410371
v 0.544811 152.841171 6.532420
v 1.150404 152.957230 6.377537
v 1.380047 152.873749 6.224110
v 1.482067 153.088501 6.250049
v 1.240787 153.204651 6.404777
v 1.841669 153.238419 5.996806
v 2.086838 153.080566 5.782141
v 2.228968 153.282867 5.703690
v 1.979652 153.476532 5.910549
v 1.564465 154.238113 6.028888
v 1.856222 153.963348 5.935045
v 1.985811 154.215134 5.708624
v 1.730111 154.484848 5.748850
v 0.404038 155.563995 7.337574
v 0.304310 155.748474 7.243332
v 0.426981 155.903549 7.476857
v 0.556322 155.682816 7.568089
v 0.515920 156.015533 6.477316
v 0.329409 156.053207 6.713817
v 0.363246 155.802963 6.852949
v 0.540501 155.736679 6.616831
v 1.352833 155.143066 6.269488
v 1.214509 155.035187 6.116707
v 1.420405 155.034607 5.930976
v 1.566630 155.166031 6.146705
v 1.480620 155.104950 5.527208
v 1.637858 154.931427 5.467083
v 1.756916 155.194397 5.238376
v 1.606614 155.372574 5.339752
v 1.000426 155.370316 6.284341
v 0.893587 155.318573 6.201013
v 1.033660 155.153091 6.223247
v 1.159661 155.201050 6.333951
v 0.523652 155.772064 5.850661
v 0.569921 155.949341 6.097054
v 0.698287 155.704117 6.417081
v 0.755159 155.601364 6.241457
v 0.862678 155.852142 7.229575
v 0.940477 155.757919 7.388173
v 0.763128 155.731598 7.551903
v 0.691607 155.897766 7.397392
v 1.218941 155.765717 7.219055
v 1.338628 155.630493 6.929327
v 1.456245 155.721893 6.941968
v 1.322637 155.865631 7.254953
v 1.783114 155.530304 6.272961
v 1.839746 155.794434 6.129580
v 1.810644 155.944427 6.460080
v 1.732423 155.699524 6.592476
v 1.777360 155.950851 5.701608
v 1.736525 155.789871 5.453539
v 1.692385 156.043442 5.389219
v 1.668157 156.228683 5.607242
v 1.712866 155.896683 5.233927
v 1.698847 155.644547 5.249201
v 1.858074 155.468399 5.114954
v 1.867301 155.771011 5.081988
v 2.265336 154.930511 5.041033
v 2.369064 155.128876 4.905933
v 2.141207 155.491425 4.972314
v 2.060342 155.222473 5.068020
v 2.808898 154.941162 4.738394
v 3.095022 154.539352 4.638587
v 3.367738 154.768494 4.425309
v 3.090667 155.174530 4.562403
v 0.333420 164.170563 5.905066
v 0.305581 163.458618 5.974865
v 0.989916 163.471909 5.967557
v 1.071532 164.160339 5.864013
v 1.559231 162.929398 6.178408
v 1.410122 162.361053 6.412912
v 2.068332 162.317291 6.343836
v 2.220567 162.916489 6.047344
v 2.569593 161.658615 6.291475
v 2.414489 161.175446 6.235061
v 3.007049 161.141312 5.951945
v 3.155670 161.598740 5.926367
v 3.267852 160.369324 5.426703
v 3.757581 160.296936 5.211285
v 3.904665 160.522980 5.299163
v 3.397955 160.653885 5.586193
v 1.616580 159.388809 4.181361
v 1.737211 159.444794 4.155041
v 1.693633 159.431946 4.236476
v 1.584689 159.370239 4.227693
v 1.783203 159.550751 4.354507
v 2.020941 159.668594 4.408715
v 1.911985 159.813095 4.438066
v 1.677508 159.662735 4.397635
v 2.174507 160.096710 4.549139
v 2.609341 160.156647 4.695838
v 2.619247 160.156540 4.820305
v 2.173710 160.135757 4.684726
v 3.097427 160.115189 5.036747
v 3.567576 160.051849 5.000676
v 3.647561 160.162643 5.099569
v 3.172098 160.236832 5.218363
v 2.564568 158.929581 4.442495
v 2.227559 159.029694 4.403143
v 2.185236 158.924927 4.435103
v 2.545049 158.828156 4.468153
v 2.067785 159.214310 4.089362
v 1.879291 159.239746 4.059134
v 1.798288 159.256516 4.245625
v 2.008329 159.195190 4.259569
v 1.905529 159.233505 4.051839
v 1.833910 159.270599 4.106409
v 1.676576 159.309067 4.132930
v 1.821369 159.249405 4.054141
v 4.043947 157.436066 3.965365
v 3.681214 157.132141 4.034274
v 4.174893 156.807632 3.789661
v 4.570878 157.114243 3.631418
v 3.501998 158.235306 4.284626
v 2.958354 158.306366 4.429152
v 2.929674 158.119568 4.424001
v 3.554456 157.992569 4.254633
v 3.907391 155.927505 3.832149
v 4.219055 155.545456 3.538805
v 4.544265 155.803925 3.307669
v 4.205336 156.186188 3.612062
v 3.887364 154.610626 3.871389
v 4.079305 154.186478 3.564229
v 4.379924 154.434814 3.201727
v 4.185543 154.866699 3.532088
v 3.425722 158.614075 4.425865
v 2.964492 158.629761 4.498821
v 2.958027 158.478928 4.459894
v 3.461400 158.429840 4.369331
v 0.087431 153.721649 5.436316
v 0.422197 153.653152 5.375153
v 0.264027 153.030167 5.437342
v 0.021279 153.049591 5.473275
v 0.421370 152.659607 5.657054
v 0.630249 152.645172 5.589540
v 0.663006 152.595505 5.927001
v 0.427588 152.573761 6.004594
v 0.924587 152.630890 6.097965
v 1.140353 152.545929 5.984616
v 1.270532 152.677750 6.154179
v 1.042390 152.748245 6.287586
v 1.778113 152.685669 5.853955
v 1.916849 152.847702 5.854619
v 1.698882 152.973022 6.064354
v 1.584419 152.794388 6.044688
v 2.300814 152.919586 5.577488
v 2.466107 152.748352 5.393758
v 2.646001 152.921066 5.306491
v 2.451658 153.104065 5.498744
v 2.131966 153.718246 5.794967
v 2.367061 153.481491 5.599571
v 2.491974 153.678970 5.445172
v 2.251433 153.944458 5.611416
v 1.866916 154.724731 5.473788
v 2.108852 154.468536 5.456470
v 2.200225 154.705200 5.226138
v 1.971447 154.968857 5.238793
v 0.229715 156.128952 6.951489
v 0.308138 156.218262 7.127921
v 0.345359 156.082031 7.307495
v 0.252539 155.942719 7.120784
v 0.852885 156.560684 6.201774
v 0.736440 156.556900 6.515740
v 0.357455 156.429001 6.415531
v 0.435449 156.436691 6.077441
v 1.404515 155.466995 6.672643
v 1.425171 155.294250 6.455649
v 1.612809 155.361923 6.385525
v 1.568126 155.545502 6.655163
v 1.821278 155.630798 5.824234
v 1.749415 155.344467 5.976265
v 1.608186 155.201691 5.718780
v 1.729383 155.480072 5.552253
v 1.097253 155.573242 6.571047
v 1.076571 155.457413 6.415359
v 1.231650 155.311905 6.477682
v 1.240844 155.457565 6.650050
v 1.046006 155.759949 5.889541
v 0.738973 155.628418 5.632675
v 0.752449 155.527496 6.097867
v 0.920600 155.597824 6.156497
v 0.457226 156.303970 5.668660
v 0.628370 155.885437 5.458217
v 1.097052 156.015488 5.603209
v 0.992961 156.410645 5.776458
v 0.524674 156.296707 7.157212
v 0.740021 156.240982 6.976337
v 0.812739 156.031097 7.092279
v 0.603390 156.119736 7.287545
v 0.994196 155.785110 7.004476
v 1.075184 155.690109 6.778119
v 1.208778 155.604782 6.873123
v 1.105585 155.718903 7.130208
v 2.502223 154.583679 5.009746
v 2.774661 154.208817 4.906856
v 2.875258 154.351929 4.774590
v 2.594155 154.745270 4.865113
v 3.345756 154.132721 4.459395
v 3.567059 153.742691 4.259712
v 3.811108 153.947922 3.953050
v 3.616384 154.358139 4.211738
v 0.396022 165.913727 5.628043
v 0.363293 164.984909 5.837714
v 1.165103 164.952698 5.777674
v 1.256694 165.849609 5.527962
v 1.797078 164.152252 5.727989
v 1.670935 163.502396 5.882423
v 2.359515 163.512833 5.749821
v 2.520458 164.136017 5.531032
v 2.875094 162.839569 5.851743
v 2.707988 162.191879 6.139227
v 3.325552 162.089294 5.798732
v 3.506276 162.700439 5.525214
v 3.553125 161.058746 5.612452
v 4.086949 160.882584 5.289771
v 4.300189 161.322174 5.197191
v 3.742067 161.496750 5.553946
v 4.166658 160.205078 4.923161
v 4.482925 160.091736 4.586220
v 4.669583 160.223663 4.592562
v 4.342027 160.369278 4.977709
v 1.811790 159.385315 4.120764
v 1.826731 159.465942 4.061128
v 1.773667 159.456650 4.082360
v 1.659743 159.395599 4.143116
v 1.875350 159.479370 4.122999
v 2.088081 159.538620 4.148129
v 2.075159 159.579742 4.305828
v 1.860994 159.496750 4.248463
v 2.614812 159.867035 4.701017
v 2.604196 160.075623 4.676685
v 2.229637 159.973511 4.504843
v 2.312497 159.778412 4.518079
v 3.030330 160.053574 4.825162
v 3.458146 159.963638 4.824082
v 3.495512 159.958878 4.910058
v 3.043964 160.036362 4.917790
v 3.977944 159.979889 4.813238
v 4.302571 159.879684 4.575740
v 4.368830 159.973114 4.584134
v 4.047174 160.089905 4.861655
v 3.393000 158.827835 4.426526
v 2.961852 158.849228 4.475941
v 2.967075 158.755356 4.492797
v 3.407442 158.741745 4.439570
v 2.585479 159.089539 4.298404
v 2.279781 159.193375 4.166589
v 2.264387 159.126022 4.327894
v 2.579280 159.013870 4.393532
v 2.176013 159.200516 4.067684
v 2.033164 159.212891 4.042874
v 1.953286 159.221802 4.045052
v 2.131142 159.223343 4.068606
v 2.059401 159.224243 4.049865
v 1.998168 159.274689 4.048696
v 1.930287 159.264145 4.090710
v 2.003181 159.223511 4.040652
v 4.833824 158.003265 3.290013
v 4.474859 157.736374 3.667751
v 4.955630 157.448792 3.347940
v 5.257324 157.781357 3.006506
v 5.010088 156.745377 3.304171
v 4.583717 156.447998 3.464906
v 4.932475 156.051605 3.131597
v 5.344830 156.361252 2.914907
v 4.398392 158.432266 3.691059
v 3.998705 158.279648 4.017488
v 4.155291 158.029388 3.922329
v 4.601541 158.233078 3.566997
v 4.485906 155.135483 3.226531
v 4.699024 154.699570 2.883301
v 5.060391 154.985229 2.612361
v 4.853914 155.403900 2.997565
v 4.206534 153.735092 3.225030
v 4.294198 153.227783 2.858199
v 4.595904 153.465652 2.423100
v 4.509507 153.975250 2.825139
v 4.252214 158.764008 3.979419
v 3.879314 158.658890 4.234717
v 3.928304 158.488953 4.132613
v 4.296619 158.609848 3.835399
v 0.059529 147.638870 4.326593
v 0.049154 147.468964 3.698140
v 0.486156 147.486038 3.667929
v 0.530741 147.653992 4.299795
v 0.085913 148.108597 5.225944
v 0.073602 147.829086 4.817975
v 0.564035 147.854218 4.789063
v 0.582755 148.109909 5.220258
v 0.375988 155.573334 0.178696
v 1.470272 155.563583 0.646058
v 0.979211 155.461594 2.431823
v 0.275055 155.526474 2.143256
v 0.230119 155.339783 3.871069
v 0.837113 155.291336 4.024164
v 0.703483 154.616302 5.108648
v 0.200328 154.793289 5.182910
v 0.709147 153.551971 5.282272
v 0.958296 153.437271 5.175576
v 0.717085 152.942383 5.304266
v 0.493253 152.988815 5.376595
v 0.835664 152.614182 5.509055
v 1.034151 152.574600 5.417653
v 1.047850 152.529510 5.721805
v 0.859727 152.584122 5.825624
v 1.333307 152.505692 5.856917
v 1.501135 152.425430 5.702920
v 1.644909 152.558090 5.794665
v 1.465492 152.633545 5.981857
v 1.953488 152.579895 5.644280
v 2.100399 152.473938 5.437609
v 2.264302 152.574509 5.440848
v 2.111309 152.717972 5.638734
v 2.693801 152.389847 5.027780
v 2.917417 152.487396 4.955711
v 2.811160 152.714050 5.121965
v 2.593116 152.566086 5.210224
v 2.793252 153.044693 5.202312
v 2.930842 153.163361 5.069490
v 2.718485 153.419830 5.258173
v 2.597221 153.262878 5.407709
v 2.605794 153.873489 5.258889
v 2.707980 154.058472 5.075363
v 2.445268 154.393585 5.178002
v 2.365751 154.176437 5.397057
v 0.595396 156.511917 6.789164
v 0.372189 156.401642 6.982712
v 0.287938 156.402298 6.736274
v 0.883655 156.188217 6.767293
v 0.999061 156.140594 6.559827
v 1.021152 155.886078 6.678182
v 0.944178 155.963013 6.889936
v 1.084522 156.034912 6.326010
v 1.087443 155.875854 6.146073
v 1.020628 155.688019 6.309277
v 1.057942 155.784317 6.473974
v 3.060492 153.848495 4.765352
v 3.290378 153.497620 4.584278
v 3.372142 153.594604 4.434616
v 3.149199 153.963272 4.622602
v 3.742445 153.334244 4.058586
v 3.859366 152.898224 3.843072
v 4.064060 153.032532 3.388105
v 3.963804 153.514282 3.678261
v 0.471521 167.862900 4.531164
v 0.434398 166.891129 5.187755
v 1.333650 166.769028 5.041629
v 1.421826 167.713638 4.416244
v 2.094017 165.745483 5.307815
v 1.955339 164.908691 5.617990
v 2.714181 164.834686 5.343020
v 2.885346 165.592743 4.983136
v 3.207908 164.046417 5.220631
v 3.032736 163.439987 5.511223
v 3.682429 163.291885 5.188555
v 3.851605 163.881271 4.833395
v 4.099348 162.488876 5.123940
v 3.935904 161.965271 5.407646
v 4.462080 161.744141 4.961924
v 4.599467 162.185837 4.653517
v 4.564511 160.664078 4.956564
v 4.904090 160.428314 4.547272
v 5.158165 160.770599 4.404200
v 4.791615 161.077347 4.806873
v 4.723518 159.956665 4.245551
v 4.892896 159.785156 3.921980
v 5.071810 159.880936 3.779275
v 4.911001 160.089554 4.193365
v 1.919989 159.467316 4.011151
v 1.873722 159.471527 4.033616
v 1.908461 159.368423 4.078231
v 1.960121 159.369308 4.039458
v 1.895663 159.530487 4.021714
v 2.062369 159.599380 4.044151
v 2.088804 159.545380 4.062388
v 1.877104 159.510345 4.040964
v 2.612581 159.777222 4.468191
v 2.628640 159.785583 4.607596
v 2.329195 159.684738 4.429909
v 2.282242 159.633774 4.264555
v 3.010069 159.877533 4.845843
v 3.438012 159.814117 4.814926
v 3.453212 159.962036 4.822157
v 3.031390 160.052902 4.814247
v 3.884209 159.903793 4.659345
v 4.205834 159.843262 4.449382
v 4.245498 159.826172 4.533521
v 3.920573 159.891434 4.746773
v 4.550505 159.778519 4.304863
v 4.694343 159.706497 4.064719
v 4.775362 159.728516 4.012691
v 4.622174 159.844482 4.292702
v 4.153404 159.001938 4.081000
v 3.825062 158.879288 4.286174
v 3.843226 158.799057 4.283033
v 4.193715 158.916611 4.059228
v 3.358756 158.941711 4.302536
v 2.955526 158.970718 4.345332
v 2.951694 158.914307 4.419312
v 3.375989 158.887512 4.369969
v 2.527932 159.038864 4.186036
v 2.280341 159.142960 4.113246
v 2.286752 159.185532 4.128118
v 2.568525 159.086700 4.244286
v 2.201503 159.181610 4.060905
v 2.215007 159.168518 4.052134
v 2.166555 159.195023 4.063511
v 2.107928 159.203583 4.054773
v 2.186332 159.207718 4.055238
v 2.140476 159.273544 4.062310
v 2.070812 159.281464 4.056377
v 2.156702 159.210892 4.064204
v 5.288156 158.662537 2.715382
v 5.090989 158.297348 2.981785
v 5.441201 158.106262 2.678242
v 5.580088 158.495895 2.428723
v 5.698392 157.550171 2.674072
v 5.415938 157.132019 3.033601
v 5.749004 156.802704 2.604112
v 6.017052 157.311310 2.207435
v 5.235505 155.653046 2.774873
v 5.426699 155.270859 2.318817
v 5.786514 155.608459 1.974899
v 5.614790 155.984772 2.478390
v 4.897272 158.903412 3.115476
v 4.698339 158.633987 3.370479
v 4.863170 158.479324 3.215348
v 5.083058 158.798691 2.947010
v 4.832544 154.230209 2.496467
v 4.927411 153.722122 2.080448
v 5.265426 154.012268 1.732024
v 5.190560 154.515610 2.182060
v 4.473887 152.621063 2.537627
v 4.638044 151.920151 2.181210
v 4.993953 152.194763 1.698593
v 4.782069 152.856918 2.079804
v 4.616435 159.117966 3.441613
v 4.478687 158.929932 3.688420
v 4.547497 158.787231 3.524509
v 4.731987 159.007202 3.279164
v 0.061672 147.291290 3.013888
v 0.087750 147.146378 2.378793
v 0.455500 147.146271 2.355614
v 0.457336 147.293823 2.992167
v 0.992837 147.659836 4.219505
v 0.912822 147.515091 3.587923
v 1.334588 147.555008 3.472382
v 1.445022 147.710342 4.095905
v 0.077058 148.991913 5.668579
v 0.086115 148.518860 5.516717
v 0.578548 148.505707 5.542688
v 0.547348 148.973923 5.715791
v 1.076227 148.140030 5.159342
v 1.055777 147.849457 4.734861
v 1.540005 147.874207 4.641760
v 1.562367 148.209412 5.057476
v 0.510266 153.267197 -4.027345
v 2.010193 153.085129 -3.579784
v 2.050784 154.997604 -1.769458
v 0.530947 155.147018 -2.185792
v 2.370771 155.329300 1.852002
v 2.611057 154.771637 3.094612
v 2.097933 154.997086 3.806106
v 1.571352 155.330856 3.017942
v 1.385140 155.161575 4.309680
v 1.715571 154.671539 4.452939
v 1.336077 154.061523 4.903277
v 1.068996 154.344894 5.013016
v 1.191784 153.326111 5.046055
v 1.418847 153.218033 4.883498
v 1.132091 152.815704 5.113253
v 0.928403 152.879944 5.214179
v 1.215260 152.523392 5.301660
v 1.395853 152.495117 5.179690
v 1.409183 152.421021 5.471018
v 1.235658 152.458298 5.608023
v 1.824783 152.296661 5.307051
v 1.971406 152.374847 5.395720
v 1.819605 152.464600 5.602001
v 1.672539 152.371140 5.515335
v 2.222186 152.378662 5.231304
v 2.325832 152.303925 5.039654
v 2.475909 152.325562 5.045759
v 2.384977 152.438309 5.246164
v 2.767033 152.255661 4.842049
v 2.808492 152.135254 4.693382
v 2.986530 152.124451 4.641802
v 2.975665 152.290222 4.790946
v 2.979930 152.809219 5.024734
v 3.111399 152.557770 4.856462
v 3.274707 152.614624 4.727660
v 3.128558 152.896164 4.897355
v 2.850385 153.580139 5.095314
v 3.078842 153.286926 4.919906
v 3.196560 153.400940 4.743355
v 2.967879 153.729156 4.921004
v 3.462015 153.131042 4.399591
v 3.569710 152.754929 4.243062
v 3.671779 152.810089 4.081574
v 3.532789 153.211990 4.231983
v 3.979465 152.407227 3.646036
v 4.085674 151.851852 3.434420
v 4.337409 151.797592 2.850566
v 4.182214 152.465057 3.115108
v 0.497278 169.414246 2.259116
v 0.490192 168.727249 3.553446
v 1.486049 168.561508 3.468527
v 1.549579 169.253494 2.195338
v 2.328688 167.462952 4.176583
v 2.198117 166.587097 4.787957
v 3.015918 166.349045 4.430822
v 3.177869 167.126877 3.810094
v 3.610504 165.374588 4.555977
v 3.422304 164.698502 4.966330
v 4.057847 164.484619 4.494826
v 4.263798 165.084732 4.054515
v 4.443054 163.615356 4.392496
v 4.273100 163.041290 4.782669
v 4.766275 162.681885 4.306493
v 4.976289 163.244278 3.910262
v 4.955862 161.459412 4.537527
v 5.352432 161.121536 4.100513
v 5.432898 161.458115 3.737735
v 5.042561 161.832870 4.187892
v 5.153708 160.243362 4.115436
v 5.297434 159.972641 3.654227
v 5.541094 160.127243 3.493750
v 5.421236 160.469803 3.960244
v 4.939384 159.567184 3.615059
v 4.882451 159.448959 3.406869
v 5.048424 159.355865 3.207968
v 5.116190 159.556641 3.421978
v 2.090059 159.396820 4.047517
v 2.062843 159.508514 4.021334
v 2.000664 159.485657 4.035801
v 2.019377 159.381821 4.046975
v 1.969377 159.548019 4.027472
v 2.068414 159.620392 4.016667
v 2.062302 159.612030 4.028231
v 1.928957 159.538162 4.017899
v 2.192662 159.692032 4.126861
v 2.462317 159.862289 4.267970
v 2.559080 159.791214 4.361546
v 2.243965 159.629700 4.179010
v 3.367356 159.766678 4.635296
v 3.405941 159.753113 4.744283
v 2.996875 159.807693 4.767659
v 2.970710 159.810211 4.636576
v 3.829857 159.732208 4.625490
v 4.139122 159.632278 4.393661
v 4.190963 159.798599 4.438451
v 3.869011 159.885086 4.650715
v 4.455237 159.769958 4.191840
v 4.625904 159.681442 3.946184
v 4.656256 159.684128 4.051289
v 4.495214 159.742599 4.278770
v 4.741215 159.646301 3.909786
v 4.729586 159.610367 3.761715
v 4.803314 159.542709 3.591848
v 4.835816 159.612961 3.783084
v 4.521056 159.298050 3.623689
v 4.374158 159.154053 3.850486
v 4.422487 159.072372 3.806708
v 4.563761 159.239029 3.571327
v 4.045203 159.091187 4.042798
v 3.747538 158.988129 4.187318
v 3.789534 158.939651 4.241237
v 4.103052 159.048248 4.067028
v 3.259651 158.700409 4.169996
v 2.873258 158.849426 4.221050
v 2.936876 158.959579 4.301906
v 3.333738 158.895401 4.250566
v 2.272557 159.111496 4.071098
v 2.277596 159.118774 4.092785
v 2.431155 159.009430 4.117278
v 2.365659 159.031693 4.086726
v 2.202301 159.170700 4.028623
v 2.195872 159.191788 4.055479
v 2.225777 159.148743 4.041617
v 2.234239 159.112122 4.020930
v 2.087147 159.279465 3.961223
v 2.151891 159.270416 4.036084
v 2.169291 159.200821 4.016427
v 2.119562 159.181488 3.957271
v 5.546079 159.176804 2.546282
v 5.433964 158.936066 2.575034
v 5.675602 158.847488 2.291980
v 5.757143 159.190140 2.264111
v 5.910585 158.361145 2.100598
v 5.839857 157.943115 2.343970
v 6.149646 157.776855 1.887252
v 6.179183 158.255798 1.660893
v 6.260764 157.076752 1.684002
v 6.002676 156.477585 2.111331
v 6.143412 156.112045 1.542410
v 6.412410 156.764099 1.012023
v 5.509583 154.826782 1.834958
v 5.551835 154.353424 1.343045
v 5.800747 154.728409 0.924851
v 5.806015 155.185791 1.441244
v 5.169676 159.202454 2.965635
v 5.053244 159.090439 2.992460
v 5.234330 159.015945 2.802478
v 5.362449 159.180252 2.775877
v 5.077649 153.138489 1.676060
v 5.250221 152.507141 1.245522
v 5.488670 152.838776 0.819613
v 5.374209 153.447952 1.289964
v 4.841260 151.165802 1.679709
v 4.995538 150.545273 1.058908
v 5.269973 150.900787 0.627905
v 5.166826 151.524963 1.213684
v 4.833532 159.336212 3.342160
v 4.747433 159.259201 3.341578
v 4.881707 159.167923 3.168893
v 4.978856 159.250992 3.146134
v 0.122429 147.176758 1.818508
v 0.171519 146.879837 1.490649
v 0.507613 146.867416 1.450611
v 0.453428 147.183533 1.784851
v 0.857730 147.308136 2.928932
v 0.814858 147.168976 2.287611
v 1.170659 147.231842 2.185152
v 1.249963 147.369202 2.821970
v 1.887939 147.817703 3.965723
v 1.752256 147.658417 3.339365
v 2.146301 147.810791 3.186411
v 2.293385 147.990936 3.800370
v 0.056803 149.971344 5.716430
v 0.066200 149.471283 5.712389
v 0.499434 149.453522 5.739284
v 0.448602 149.934982 5.708564
v 1.005521 148.998581 5.617810
v 1.063777 148.542572 5.466487
v 1.523831 148.620560 5.333463
v 1.424062 149.056274 5.458724
v 2.003968 148.345673 4.901000
v 1.997708 148.006821 4.510826
v 2.392411 148.221619 4.325583
v 2.389405 148.540543 4.697044
v 0.356212 149.859604 -4.300616
v 1.491788 149.982956 -3.809073
v 1.686281 151.310349 -3.984465
v 0.415462 151.361237 -4.418339
v 2.972200 152.497925 -2.541317
v 3.250340 152.041763 -1.697066
v 3.356537 152.832260 -0.463942
v 3.311607 153.877655 -0.994515
v 3.218512 154.358429 1.058871
v 3.228820 153.320419 0.979192
v 2.995602 153.475998 2.272981
v 2.942074 154.122421 2.516195
v 1.951396 154.376846 4.306906
v 2.282399 154.158936 3.951435
v 1.862245 153.675186 4.523057
v 1.597651 153.853455 4.750040
v 1.616500 153.097824 4.700377
v 1.777902 152.956940 4.527992
v 1.480800 152.681427 4.847918
v 1.320167 152.753052 4.992534
v 1.563245 152.454880 5.031139
v 1.707955 152.408539 4.873067
v 1.749771 152.335999 5.131224
v 1.579185 152.376801 5.314166
v 1.981101 152.235550 5.107618
v 2.095109 152.211075 4.945489
v 2.208183 152.257721 5.016922
v 2.105257 152.301147 5.186718
v 2.472054 152.175507 4.761491
v 2.606103 152.146820 4.739072
v 2.553159 152.214111 4.870234
v 2.415811 152.221527 4.878120
v 2.783950 152.014114 4.651559
v 2.712354 151.906326 4.715825
v 2.876087 151.768524 4.635755
v 2.951424 151.941788 4.591317
v 3.166293 152.319138 4.702025
v 3.164112 152.096924 4.574184
v 3.331471 152.071289 4.476798
v 3.326411 152.340286 4.576600
v 3.257134 152.971436 4.741157
v 3.393162 152.666229 4.588404
v 3.483130 152.711731 4.421569
v 3.377802 153.056488 4.587371
v 3.661924 152.371185 4.130290
v 3.714393 151.968674 4.063051
v 3.886594 151.913544 3.816096
v 3.797059 152.382584 3.956312
v 4.070408 151.295532 3.287469
v 3.949717 150.784714 3.282733
v 4.111580 150.527023 2.827640
v 4.238960 151.096069 2.738659
v 0.548955 170.319687 -0.914237
v 0.514597 169.932312 0.746416
v 1.632365 169.779648 0.701008
v 1.727421 170.144272 -0.947967
v 2.558359 168.943771 2.074930
v 2.433818 168.257980 3.282200
v 3.339390 167.858688 2.989110
v 3.520274 168.506302 1.870166
v 3.966667 166.725906 3.382743
v 3.770242 166.047836 3.996975
v 4.451042 165.675980 3.510442
v 4.669292 166.250595 2.910951
v 4.862135 164.715576 3.530210
v 4.654311 164.173859 4.004497
v 5.198644 163.765442 3.477671
v 5.396223 164.249390 2.981269
v 5.358720 162.773178 3.377228
v 5.164130 162.264160 3.808765
v 5.476124 161.822861 3.314735
v 5.594534 162.254456 2.829204
v 5.621657 160.756653 3.659871
v 5.744530 160.342392 3.224162
v 5.843431 160.577408 2.856793
v 5.692011 161.043121 3.275832
v 5.306485 159.619949 3.237664
v 5.252714 159.341400 3.022456
v 5.457122 159.391907 2.845994
v 5.529280 159.727982 3.072777
v 2.004528 159.524277 3.895712
v 2.055419 159.515915 3.976235
v 2.094505 159.404114 4.012478
v 2.035087 159.410355 3.932896
v 2.060823 159.586029 4.000409
v 2.053888 159.665756 3.974508
v 2.068096 159.636734 4.003358
v 2.042342 159.570847 4.024348
v 2.105344 159.715195 4.044525
v 2.164368 159.815964 4.084877
v 2.293257 159.869675 4.162941
v 2.141387 159.716736 4.079144
v 3.286961 160.110092 4.428931
v 3.331764 159.814758 4.561142
v 2.921827 159.851089 4.536761
v 2.852429 159.990250 4.455265
v 3.780096 159.665054 4.557325
v 3.733766 159.676056 4.456760
v 4.036355 159.588974 4.212304
v 4.079359 159.578262 4.308792
v 4.440808 159.710251 4.183935
v 4.371388 159.552719 4.136652
v 4.540028 159.458008 3.855520
v 4.608140 159.615341 3.920197
v 4.709084 159.526840 3.696786
v 4.646969 159.373901 3.625378
v 4.691574 159.327530 3.512431
v 4.766829 159.440918 3.522792
v 4.265384 159.228912 3.835772
v 4.328444 159.190338 3.848506
v 4.481122 159.319839 3.647743
v 4.395244 159.339279 3.658815
v 3.718952 158.690262 3.992813
v 3.732533 158.935135 4.136777
v 4.041378 159.057007 3.986764
v 4.078475 158.861649 3.795830
v 2.785255 158.563843 3.975962
v 2.807298 158.715454 4.121230
v 3.054261 158.544342 4.025594
v 2.292116 159.042923 4.023266
v 2.275346 159.093124 4.053455
v 2.354516 159.024933 4.067304
v 2.367997 158.979080 4.038779
v 2.555853 158.756943 3.998607
v 2.441717 158.904907 4.041073
v 2.432624 158.960876 4.074829
v 2.554976 158.864273 4.088193
v 2.131435 159.112228 3.935409
v 2.187351 159.137329 3.991241
v 2.221600 159.056442 3.968507
v 2.149631 158.996826 3.858848
v 1.900759 159.325577 3.692619
v 1.969928 159.281326 3.826214
v 2.036371 159.149460 3.856780
v 1.986472 159.111664 3.732579
v 5.756286 159.884521 2.856052
v 5.664951 159.486252 2.633803
v 5.854078 159.599106 2.334041
v 5.894521 160.073883 2.525177
v 5.966395 159.217209 1.895822
v 5.937319 158.777863 1.947852
v 6.178098 158.749084 1.515800
v 6.150449 159.260788 1.454672
v 6.400381 158.188797 1.111644
v 6.380408 157.631012 1.348010
v 6.564239 157.494888 0.593538
v 6.620410 158.191727 0.416357
v 6.056031 155.171356 0.438791
v 6.267108 155.610886 -0.155705
v 6.319348 156.258926 0.313255
v 6.060837 155.677963 0.950404
v 5.730439 153.192841 0.417633
v 5.933948 153.569321 0.005859
v 5.887335 154.180695 0.475626
v 5.643597 153.800262 0.899409
v 5.520765 151.237656 0.192007
v 5.737261 151.565704 -0.239342
v 5.593418 152.205994 0.303301
v 5.404302 151.865601 0.748475
v 4.470561 149.751221 1.758940
v 4.740884 150.152832 1.446921
v 4.540583 150.671066 2.067076
v 4.339583 150.162308 2.339477
v 4.782486 149.655090 -0.432365
v 5.095272 149.973740 -0.790788
v 5.283445 150.342850 -0.054401
v 5.008479 150.008728 0.342890
v 0.220542 146.333313 1.374461
v 0.239783 145.614944 1.103539
v 0.622366 145.697128 0.942837
v 0.583643 146.355194 1.260150
v 0.780888 147.186111 1.703112
v 0.830053 146.872559 1.352924
v 1.112034 146.891068 1.195458
v 1.095540 147.196625 1.597283
v 1.634305 147.460144 2.689712
v 1.515798 147.320358 2.047346
v 1.855375 147.446976 1.887912
v 1.997548 147.619553 2.531368
v 2.650901 148.227341 3.608045
v 2.500301 148.023743 3.006066
v 2.832072 148.273102 2.814131
v 2.959952 148.504883 3.391664
v 0.037382 150.765579 5.820552
v 0.047225 150.441437 5.672984
v 0.402922 150.387299 5.676219
v 0.378082 150.732727 5.811676
v 0.818584 149.896439 5.607722
v 0.916291 149.451767 5.644935
v 1.297409 149.472794 5.478075
v 1.149621 149.871689 5.427966
v 1.786407 149.143814 5.235004
v 1.919111 148.745834 5.128441
v 2.282810 148.915802 4.923549
v 2.112482 149.281784 5.027376
v 2.714349 148.780502 4.451097
v 2.727297 148.480377 4.108849
v 3.013033 148.764847 3.866652
v 2.965968 149.039963 4.182204
v 0.418807 147.264465 -2.768351
v 1.375500 148.244888 -2.202409
v 1.456032 148.957138 -3.230058
v 0.427861 148.491348 -3.972967
v 2.103130 150.236191 -2.918614
v 2.669467 150.496872 -2.041257
v 2.947019 151.278946 -2.148480
v 2.460706 151.256470 -3.012831
v 3.302995 151.586578 -1.289036
v 3.303143 150.856644 -1.031740
v 3.356933 151.476212 0.287182
v 3.339293 152.178314 -0.104501
v 3.159395 152.652557 1.148446
v 3.070100 152.096619 1.505799
v 2.780620 152.507309 2.391133
v 2.932401 152.939560 2.263649
v 2.529586 153.833969 3.581989
v 2.640870 153.433441 3.325770
v 2.217473 153.232117 4.080502
v 2.082557 153.470062 4.286403
v 1.896381 152.809677 4.379995
v 1.967121 152.683014 4.254070
v 1.741170 152.523773 4.569335
v 1.625201 152.601425 4.705605
v 1.882641 152.337372 4.605856
v 1.975316 152.247574 4.805593
v 1.879379 152.281769 4.955902
v 1.809553 152.365662 4.727694
v 2.188429 152.207428 4.810612
v 2.228903 152.197998 4.715639
v 2.353107 152.179001 4.759705
v 2.300606 152.220459 4.864837
v 2.485733 152.133530 4.735175
v 2.466703 152.102570 4.765800
v 2.575885 152.022278 4.760034
v 2.617964 152.077759 4.708260
v 2.611398 151.809631 4.824085
v 2.490185 151.712601 4.959379
v 2.638572 151.480850 4.863415
v 2.772181 151.619293 4.732141
v 3.104259 151.870865 4.510454
v 3.017855 151.648132 4.529129
v 3.150465 151.543182 4.410429
v 3.255846 151.806427 4.411955
v 3.452847 152.354645 4.441459
v 3.466243 152.046310 4.357780
v 3.580352 152.015594 4.223626
v 3.568570 152.364151 4.297505
v 3.699258 151.564056 3.991693
v 3.631954 151.156189 3.935660
v 3.788444 150.983871 3.659039
v 3.888911 151.437500 3.702467
v 3.626055 149.956772 3.503701
v 3.782036 149.680267 3.171756
v 3.958959 150.074707 2.970135
v 3.792702 150.340424 3.357724
v 0.641949 170.629532 -4.631626
v 0.594626 170.560181 -2.710686
v 1.816592 170.369278 -2.730872
v 1.904590 170.456284 -4.637972
v 2.865460 169.788879 -1.002063
v 2.708278 169.463425 0.622794
v 3.736473 168.998444 0.477151
v 3.953826 169.291748 -1.096130
v 4.394989 167.937057 1.566205
v 4.164857 167.359573 2.605671
v 4.882771 166.775330 2.158615
v 5.140322 167.265747 1.179651
v 5.259277 165.690140 2.398907
v 5.053988 165.226227 2.989776
v 5.552106 164.673416 2.435965
v 5.738125 165.049408 1.849292
v 5.765674 163.667114 2.388084
v 5.556604 163.251495 2.886995
v 5.820922 162.671585 2.330679
v 6.034655 163.031433 1.819944
v 5.711688 161.340378 2.836761
v 5.903365 160.819580 2.426563
v 6.010140 161.075653 1.957657
v 5.841986 161.685486 2.353718
v 1.982502 159.584213 3.839955
v 1.948783 159.454681 3.819505
v 1.885846 159.557831 3.715766
v 1.929479 159.749908 3.771309
v 2.032738 159.604965 3.938488
v 2.003186 159.622681 3.878272
v 1.996480 159.794754 3.870388
v 2.025677 159.715759 3.928449
v 2.069535 159.749023 3.996118
v 2.111386 159.831238 4.039751
v 2.124356 159.802856 4.055446
v 2.086045 159.721237 4.018408
v 2.241253 159.907181 4.117410
v 2.252346 159.974304 4.103575
v 2.454903 160.199844 4.156136
v 2.477954 160.035843 4.243360
v 2.780175 160.179749 4.329964
v 2.752574 160.394821 4.177929
v 3.084062 160.375610 4.257701
v 3.723245 159.726151 4.390729
v 3.782107 160.094147 4.233855
v 4.154615 159.930725 3.991842
v 4.034332 159.624634 4.151899
v 4.297130 159.502853 4.058769
v 4.253144 159.517410 3.978112
v 4.395071 159.428162 3.726072
v 4.452407 159.409760 3.767467
v 4.418765 159.318176 3.536032
v 4.307749 159.087677 3.647521
v 4.256751 159.207382 3.796457
v 4.372803 159.341675 3.641205
v 4.154495 158.623306 3.090762
v 3.772933 158.327042 3.064297
v 3.743705 158.435699 3.597896
v 4.124822 158.700867 3.490842
v 2.772229 158.204239 3.034952
v 2.791612 158.335129 3.629483
v 3.240519 158.301712 3.642004
v 3.315129 158.179489 3.019556
v 2.235728 158.858658 3.813077
v 2.297050 158.966995 3.950014
v 2.390421 158.904282 3.982458
v 2.418781 158.742371 3.865409
v 1.909532 159.037842 3.510579
v 1.842469 158.991547 3.169681
v 1.736531 159.352341 3.113358
v 1.808320 159.341370 3.466754
v 6.011066 160.264130 2.125675
v 6.013093 159.715271 1.950392
v 6.148625 159.827774 1.505905
v 6.121232 160.445755 1.673644
v 6.328526 159.328674 0.943858
v 6.381749 158.754929 0.981091
v 6.591567 158.821396 0.339643
v 6.506652 159.428391 0.342598
v 6.818874 158.261551 -0.418715
v 6.739635 157.496964 -0.399021
v 6.801455 157.692978 -1.371497
v 6.908840 158.412231 -1.323412
v 6.097641 153.962158 -0.426858
v 6.213792 154.334274 -0.917241
v 6.238400 154.970474 -0.539105
v 6.093288 154.581039 0.009428
v 6.403769 155.977722 -0.876718
v 6.452397 156.266373 -1.653974
v 6.608903 156.971710 -1.481068
v 6.519610 156.697754 -0.566478
v 5.937236 151.905823 -0.642087
v 6.100968 152.281235 -1.015257
v 5.974348 152.936874 -0.503638
v 5.788611 152.559265 -0.112097
v 5.395982 150.302689 -1.118597
v 5.665456 150.634140 -1.419235
v 5.780597 151.011032 -0.824393
v 5.546682 150.677551 -0.446005
v 3.870542 149.369781 2.756263
v 3.850727 149.068924 2.220757
v 4.171250 149.397507 2.004931
v 4.138792 149.736465 2.559893
v 4.400885 149.383011 1.076572
v 4.177446 149.078049 0.320846
v 4.476148 149.365005 -0.044316
v 4.730602 149.675552 0.737916
v 4.362002 149.092178 -1.610972
v 4.714871 149.437851 -1.931381
v 4.867561 149.741714 -1.392989
v 4.539772 149.394943 -1.058465
v 0.219572 144.778717 0.487648
v 0.201522 143.852280 -0.222008
v 0.622861 143.849472 -0.251280
v 0.618116 144.852966 0.384919
v 0.905435 146.386810 1.104093
v 0.951642 145.772629 0.744697
v 1.230005 145.830811 0.533981
v 1.162134 146.438782 0.885133
v 1.399507 147.231400 1.458156
v 1.368810 146.945816 1.005715
v 1.627201 147.047195 0.806781
v 1.697596 147.335571 1.290466
v 2.337391 147.817581 2.360153
v 2.186880 147.612991 1.718579
v 2.524816 147.813400 1.538652
v 2.667818 148.051666 2.177147
v 3.271036 148.768784 3.165733
v 3.156961 148.530960 2.608810
v 3.503237 148.787369 2.414517
v 3.576810 149.049789 2.955092
v 0.019976 151.460358 6.171062
v 0.032670 151.092819 5.989814
v 0.358902 151.072968 6.018575
v 0.341311 151.437744 6.216235
v 0.708183 150.678101 5.760056
v 0.739024 150.320755 5.599275
v 1.065125 150.263687 5.488664
v 1.026125 150.628143 5.669243
v 1.475475 149.878723 5.258758
v 1.631558 149.514801 5.260616
v 1.950293 149.600204 5.066310
v 1.810443 149.940430 5.134109
v 2.412028 149.458267 4.787439
v 2.587806 149.125061 4.668645
v 2.838248 149.344391 4.402542
v 2.661644 149.651291 4.545003
v 3.199134 149.319794 3.934983
v 3.283277 149.045044 3.623646
v 3.538589 149.345383 3.384865
v 3.437739 149.617844 3.703636
v 0.132736 147.866531 -1.358274
v 0.071041 149.013290 -0.965201
v 0.557205 149.130066 -0.824170
v 0.931844 148.190186 -1.013047
v 1.926190 149.472107 -2.408662
v 1.768915 148.944931 -1.684426
v 2.084301 149.324722 -1.082773
v 2.369791 149.820755 -1.613437
v 3.163557 149.941574 -0.658424
v 2.443417 149.491898 -0.192124
v 2.762744 149.863861 1.026021
v 3.363564 150.556824 0.718289
v 2.833903 151.792618 2.119333
v 2.570309 151.794708 2.764395
v 2.453415 152.117950 3.002393
v 2.613853 152.226227 2.659656
v 2.642361 153.045715 3.215387
v 2.580430 152.722565 3.217076
v 2.274836 152.768448 3.812536
v 2.288887 152.985947 3.928381
v 2.003026 152.566681 4.152174
v 2.023936 152.448166 4.083615
v 1.899137 152.385269 4.366050
v 1.835190 152.456848 4.458208
v 1.936580 152.298843 4.489709
v 1.963845 152.275360 4.428630
v 2.080222 152.241028 4.600416
v 2.047242 152.245544 4.683459
v 2.196070 152.208786 4.695758
v 2.341143 152.149017 4.755134
v 2.359202 152.163605 4.727299
v 2.227447 152.195679 4.679515
v 2.391145 152.039078 4.878061
v 2.283694 152.001984 5.013800
v 2.369063 151.894714 5.008093
v 2.481119 151.958084 4.871791
v 2.350810 151.612305 5.119819
v 2.182682 151.505417 5.289126
v 2.300559 151.199966 5.172467
v 2.481931 151.340714 5.013042
v 2.916066 151.440704 4.598483
v 2.773557 151.255661 4.712360
v 2.902667 151.058655 4.540971
v 3.041718 151.290787 4.454907
v 3.411563 151.740753 4.294136
v 3.303400 151.433838 4.277904
v 3.473667 151.312149 4.129273
v 3.552508 151.668243 4.158729
v 3.497320 150.761765 3.975267
v 3.313033 150.412582 4.049997
v 3.451360 150.193237 3.812309
v 3.628926 150.562439 3.718952
v 0.697396 169.805954 -8.527364
v 0.679136 170.406860 -6.607455
v 1.973139 170.257111 -6.601591
v 2.003091 169.654007 -8.499878
v 3.113735 170.088623 -4.632995
v 2.994763 170.007492 -2.755890
v 4.102089 169.476883 -2.800979
v 4.243844 169.526733 -4.620044
v 4.903168 168.654160 -1.235624
v 4.657548 168.364761 0.244651
v 5.399840 167.640106 -0.022565
v 5.642699 167.908813 -1.401131
v 5.728772 166.533356 0.750673
v 5.476221 166.119797 1.672065
v 5.951935 165.416519 1.138249
v 6.170760 165.759689 0.246829
v 6.118961 164.349899 1.270450
v 5.921095 164.018448 1.857643
v 6.204640 163.329803 1.296486
v 6.405844 163.614288 0.706914
v 6.241352 162.329163 1.332063
v 6.071648 162.029114 1.860306
v 6.202063 161.329208 1.472136
v 6.374664 161.566528 0.947911
v 1.785494 159.654861 3.484587
v 1.722907 159.754028 3.137671
v 1.825785 160.112091 3.234576
v 1.857781 159.962402 3.558943
v 2.163755 159.948563 4.045618
v 2.057124 159.832779 3.980112
v 2.079582 160.061249 3.903369
v 2.276877 160.229614 4.007465
v 2.769075 160.964142 3.245654
v 3.367236 161.008545 3.223447
v 3.306097 160.732635 3.884401
v 2.755097 160.738235 3.810808
v 3.937832 160.775986 3.281625
v 4.297093 160.414963 3.242485
v 4.250214 160.230911 3.672749
v 3.845167 160.528549 3.856248
v 4.354023 159.733612 3.740091
v 4.439560 159.533234 3.564424
v 4.376760 159.445328 3.691308
v 4.252717 159.546295 3.909079
v 4.495638 159.257568 2.908978
v 4.366570 158.905655 3.018935
v 4.355264 158.992950 3.383725
v 4.474145 159.296066 3.306410
v 4.029758 159.214691 2.032837
v 3.825250 158.496170 2.473112
v 4.215158 158.743759 2.723030
v 4.373693 159.229645 2.486116
v 3.357483 159.200562 1.733086
v 2.594564 159.207962 1.800589
v 2.735605 158.452423 2.300832
v 3.310081 158.397614 2.300261
v 2.023211 158.699280 3.182245
v 2.099977 158.745651 3.558156
v 2.383171 158.497360 3.578629
v 2.302848 158.430237 3.094247
v 1.777292 159.346649 2.664109
v 1.893870 158.899139 2.821001
v 2.167489 158.677292 2.540553
v 2.042676 159.291046 2.193722
v 6.254406 160.618729 1.184252
v 6.281344 159.944077 1.008825
v 6.458010 160.075958 0.451127
v 6.431924 160.796417 0.655802
v 6.704969 159.565994 -0.368734
v 6.777163 158.931992 -0.424693
v 6.919476 159.091736 -1.274021
v 6.899525 159.728485 -1.161953
v 6.820574 157.866257 -2.289001
v 6.852026 157.971939 -3.086807
v 7.061374 158.641495 -3.106419
v 6.962523 158.553162 -2.247452
v 6.253478 152.687119 -1.374093
v 6.374337 153.088470 -1.759088
v 6.274051 153.700638 -1.329502
v 6.119297 153.328720 -0.897188
v 6.318435 154.662003 -1.463588
v 6.424919 154.929138 -2.042946
v 6.404019 155.583878 -1.838130
v 6.336724 155.308273 -1.171140
v 6.494595 156.469070 -2.417837
v 6.579094 156.548050 -3.026221
v 6.653121 157.242523 -3.047622
v 6.627293 157.169815 -2.339414
v 5.900947 150.964005 -1.746498
v 6.114835 151.292953 -2.056231
v 6.194205 151.711990 -1.531015
v 6.000852 151.350220 -1.190334
v 5.063382 149.774551 -2.227439
v 5.397709 150.085236 -2.509678
v 5.519578 150.383255 -1.943194
v 5.196851 150.079224 -1.671364
v 3.501019 148.560852 0.877397
v 3.850243 148.809616 0.621079
v 4.051854 149.097076 1.339884
v 3.681013 148.837219 1.560550
v 3.790417 148.441010 -0.973358
v 4.051542 148.765015 -1.286156
v 4.242330 149.072693 -0.698366
v 3.972999 148.765076 -0.354004
v 4.927313 147.835571 -2.507130
v 5.290071 148.127945 -2.887206
v 4.928592 148.874573 -2.396554
v 4.558013 148.547577 -2.060812
v 0.172473 142.814240 -0.731958
v 0.167025 141.972504 -1.188207
v 0.699885 141.938110 -1.099642
v 0.649191 142.780228 -0.737592
v 0.973684 144.916199 0.248978
v 1.005552 143.867447 -0.329028
v 1.346010 143.919571 -0.433357
v 1.281288 144.981796 0.091802
v 1.420681 146.498276 0.679421
v 1.494905 145.893890 0.333000
v 1.760692 146.003815 0.126312
v 1.668568 146.606689 0.463609
v 2.011650 147.462997 1.116910
v 1.913237 147.186874 0.607575
v 2.217893 147.349457 0.386090
v 2.339791 147.627548 0.926494
v 2.986232 148.319275 1.976472
v 2.826217 148.073486 1.331301
v 3.159993 148.311890 1.115930
v 3.313251 148.589493 1.769655
v 0.010125 152.006210 6.490503
v 0.017967 151.718536 6.441645
v 0.344503 151.721832 6.437832
v 0.337485 152.015060 6.473672
v 0.667521 151.420258 6.189061
v 0.690113 151.022675 6.000366
v 1.014884 150.973969 5.923896
v 0.988380 151.378174 6.106793
v 1.328811 150.593124 5.552149
v 1.376556 150.233826 5.346132
v 1.681990 150.249146 5.214384
v 1.620745 150.596100 5.413412
v 2.070307 150.038742 4.910952
v 2.233531 149.744095 4.849996
v 2.483489 149.925995 4.626767
v 2.332399 150.198792 4.732519
v 2.882181 149.887970 4.333031
v 3.055165 149.602951 4.168242
v 3.266271 149.884552 3.970349
v 3.101031 150.134949 4.173702
v 0.367180 149.270248 0.136592
v 0.006903 149.285309 0.026031
v -0.017155 149.703186 1.137078
v 0.296639 149.702576 1.188200
v 0.854554 149.273849 -0.574926
v 1.069891 149.281921 -0.429235
v 1.140080 148.852524 -0.786853
v 1.565843 148.917191 -0.852841
v 1.317709 149.281952 -0.321046
v 1.532705 149.344223 -0.033124
v 1.752220 149.248550 -0.556374
v 1.946005 149.428558 0.184775
v 1.692927 149.468033 0.540273
v 1.791777 149.944183 1.483061
v 2.151098 149.850174 1.216329
v 2.976991 151.150894 1.892288
v 2.896802 150.417282 2.098308
v 2.623438 150.959366 2.842039
v 2.646099 151.384415 2.708443
v 2.293252 152.145477 3.338459
v 2.323037 151.902435 3.274290
v 2.132318 152.045425 3.677252
v 2.148682 152.241013 3.703219
v 2.439208 152.491852 3.255574
v 2.330752 152.321182 3.342373
v 2.185128 152.419739 3.740076
v 2.227721 152.583633 3.756096
v 1.996897 152.172684 4.000515
v 1.919766 152.253815 4.266461
v 1.919124 152.319427 4.297813
v 2.009992 152.316528 4.025141
v 1.954613 152.270737 4.417621
v 1.922347 152.280975 4.444917
v 2.056502 152.267105 4.590118
v 2.080842 152.244049 4.568451
v 2.117697 152.227844 4.755684
v 2.019507 152.237198 4.880786
v 2.164512 152.115662 4.971808
v 2.273442 152.132019 4.846611
v 2.146128 151.978104 5.185635
v 2.004252 151.969803 5.391737
v 2.088713 151.763901 5.369586
v 2.240715 151.829315 5.179190
v 1.992793 151.419785 5.476035
v 1.768719 151.372009 5.660316
v 1.837853 151.007019 5.486358
v 2.081594 151.084473 5.330492
v 2.612827 151.077637 4.859983
v 2.404691 150.911301 5.000154
v 2.491881 150.651123 4.798211
v 2.732637 150.839569 4.669920
v 3.191393 151.126328 4.291119
v 3.050046 150.854446 4.367926
v 3.203317 150.635315 4.219683
v 3.364267 150.952087 4.149409
v 0.696136 167.391815 -11.617936
v 0.701828 168.792969 -10.255955
v 1.988044 168.637573 -10.193440
v 1.940961 167.245621 -11.516948
v 3.255398 169.286621 -8.410573
v 3.206691 169.902115 -6.562941
v 4.360004 169.312256 -6.482422
v 4.431011 168.676697 -8.240659
v 5.248247 168.787598 -4.599099
v 5.073982 168.810715 -2.862787
v 5.843434 168.021133 -2.943472
v 6.024931 167.944305 -4.569786
v 6.195637 167.088730 -1.644360
v 5.963233 166.864990 -0.356079
v 6.383806 166.044205 -0.789745
v 6.586382 166.219223 -1.969971
v 6.526072 164.965134 -0.288535
v 6.323421 164.668671 0.559572
v 6.608733 163.894470 0.008797
v 6.796872 164.162048 -0.794320
v 6.619543 162.844391 0.198483
v 6.420593 162.594711 0.794617
v 6.550541 161.797928 0.380434
v 6.745336 162.030853 -0.252452
v 1.767678 159.878555 2.724273
v 2.036798 160.015533 2.263540
v 2.137569 160.557404 2.710598
v 1.892597 160.281586 2.954268
v 1.984758 160.386810 3.275851
v 2.280477 160.700562 3.243596
v 2.304241 160.536972 3.729696
v 2.024420 160.262283 3.648812
v 2.586027 160.140503 1.889759
v 3.364202 160.171997 1.811551
v 3.379636 160.858704 2.447133
v 2.667162 160.828079 2.508513
v 4.052123 160.050156 2.095374
v 4.426317 159.823395 2.511363
v 4.345679 160.303848 2.828884
v 3.991906 160.661209 2.624611
v 4.460699 160.081985 3.111003
v 4.532433 159.670761 2.948200
v 4.509740 159.590744 3.326277
v 4.454335 159.909286 3.474997
v 6.815835 161.204636 -0.637261
v 6.623446 160.999741 0.044586
v 6.650482 160.246933 -0.210797
v 6.862741 160.431152 -0.940976
v 7.154141 160.065918 -2.797639
v 7.029578 159.906311 -1.982153
v 7.024974 159.233597 -2.177870
v 7.143691 159.360428 -3.038692
v 7.227360 158.625931 -3.766811
v 6.981832 158.090042 -3.710372
v 7.174938 158.145493 -4.054355
v 7.406880 158.573639 -4.082485
v 6.287979 151.641907 -2.358494
v 6.402716 151.985794 -2.710919
v 6.445602 152.492615 -2.237849
v 6.339260 152.103104 -1.872562
v 6.466633 153.448669 -2.157836
v 6.534742 153.754898 -2.574078
v 6.478322 154.321426 -2.284966
v 6.393683 154.041138 -1.786259
v 6.502782 155.137100 -2.615218
v 6.588208 155.284134 -3.076304
v 6.585519 155.898376 -3.029166
v 6.476392 155.781296 -2.506953
v 7.204328 157.060944 -3.979536
v 6.880730 157.168564 -3.600246
v 6.918203 156.576935 -3.502919
v 7.275221 156.527313 -3.905682
v 5.694873 150.370804 -2.788607
v 5.949501 150.661499 -3.057605
v 5.987968 151.006989 -2.531427
v 5.771600 150.699570 -2.246755
v 5.565591 148.464783 -3.293627
v 5.748456 148.838974 -3.704613
v 5.503873 149.542145 -3.090708
v 5.241285 149.209900 -2.751053
v 3.371336 148.222427 0.235160
v 3.222445 147.908646 -0.383995
v 3.524369 148.158035 -0.672057
v 3.673957 148.487946 -0.043641
v 4.217391 147.345612 -1.821557
v 4.570909 147.579483 -2.147976
v 4.183001 148.254547 -1.764879
v 3.814753 147.994751 -1.503576
v 5.432796 146.146637 -3.691172
v 5.644822 146.473679 -4.146749
v 5.499802 147.317291 -3.509913
v 5.229209 147.011520 -3.078813
v 0.171243 141.121628 -1.426274
v 0.172960 140.245605 -1.433378
v 0.830508 140.301147 -1.270720
v 0.765335 141.130402 -1.287761
v 1.194126 141.946075 -0.997646
v 1.659679 141.999008 -0.961606
v 1.502066 142.858353 -0.739361
v 1.094706 142.791229 -0.733159
v 1.667560 144.027267 -0.552103
v 2.015008 144.181290 -0.679406
v 1.845296 145.190445 -0.276132
v 1.562058 145.072922 -0.072777
v 2.051576 146.134171 -0.126514
v 2.347369 146.314804 -0.423324
v 2.219924 146.933304 -0.044722
v 1.936254 146.758224 0.228456
v 2.553361 147.515533 0.151041
v 2.898020 147.695541 -0.107192
v 3.044526 147.990692 0.490494
v 2.684688 147.805649 0.716237
v 0.294040 152.480652 6.151373
v 0.003571 152.468536 6.194873
v -0.000066 152.256531 6.370615
v 0.319431 152.259674 6.363246
v 0.936870 152.001083 6.297263
v 0.650230 152.011353 6.412508
v 0.669646 151.717712 6.378352
v 0.976137 151.704086 6.265294
v 1.524504 151.349136 5.835826
v 1.267510 151.354309 5.989121
v 1.296148 150.962891 5.787488
v 1.568761 150.968491 5.630183
v 2.164951 150.770111 5.141986
v 1.900824 150.661453 5.274944
v 1.963533 150.349121 5.067566
v 2.233193 150.487381 4.925614
v 2.852366 150.613007 4.482458
v 2.599099 150.399490 4.602108
v 2.732109 150.134109 4.445375
v 2.981177 150.370255 4.323708
v 0.684768 149.257248 0.289626
v 0.598839 149.730377 1.256973
v 0.891587 149.789169 1.334659
v 0.972421 149.289871 0.411673
v 0.280868 150.357330 2.305524
v -0.007088 150.358749 2.280802
v -0.010816 150.520294 3.549259
v 0.263940 150.506165 3.556273
v 1.243195 149.359497 0.520978
v 1.175492 149.883377 1.436812
v 1.471161 149.974182 1.570588
v 1.489962 149.447556 0.648819
v 1.926621 150.263794 2.533576
v 2.192537 150.440704 3.389339
v 2.465444 150.606064 3.091134
v 2.340243 150.195053 2.238582
v 2.355796 151.331100 3.426564
v 2.118102 151.608459 3.817939
v 2.139921 151.826538 3.714551
v 2.357930 151.613312 3.293439
v 1.982002 152.028473 4.012925
v 1.937912 151.893707 4.093810
v 1.884271 152.159668 4.321164
v 1.912456 152.197739 4.269363
v 1.772127 152.352905 4.633350
v 1.886785 152.347321 4.781850
v 1.988924 152.308289 4.661823
v 1.857779 152.315659 4.529465
v 1.903581 152.274506 5.042214
v 1.769351 152.320068 5.224480
v 1.896287 152.153793 5.319143
v 2.048016 152.134445 5.135760
v 1.827310 151.965347 5.591937
v 1.618273 151.963928 5.771308
v 1.704571 151.694977 5.764673
v 1.919915 151.716385 5.578301
v 0.645738 164.282135 -13.212480
v 0.675162 165.834091 -12.583224
v 1.873900 165.701096 -12.457998
v 1.794058 164.156769 -13.077244
v 3.137419 166.921432 -11.253606
v 3.238563 168.267059 -10.011690
v 4.383035 167.683746 -9.714471
v 4.225253 166.417023 -10.856320
v 5.409558 167.922104 -7.991904
v 5.376294 168.522491 -6.346997
v 6.157859 167.668365 -6.184334
v 6.156964 167.114044 -7.695048
v 6.539541 167.047928 -4.552788
v 6.391434 167.147873 -3.067531
v 6.750024 166.248749 -3.240166
v 6.886684 166.168091 -4.565167
v 6.873429 165.343597 -2.314867
v 6.709207 165.206284 -1.253707
v 6.961597 164.374634 -1.692297
v 7.114070 164.495560 -2.654571
v 7.002590 163.359894 -1.267384
v 6.828539 163.101501 -0.491596
v 6.951852 162.276169 -0.958219
v 7.125736 162.531113 -1.723676
v 7.183899 161.622009 -2.160687
v 7.017171 161.413376 -1.391710
v 7.029774 160.622223 -1.728777
v 7.174915 160.788742 -2.512467
v 7.329237 160.283798 -4.037488
v 7.258846 160.205353 -3.476077
v 7.289690 159.534653 -3.760362
v 7.379624 159.706177 -4.257401
v 7.444715 159.112091 -4.036240
v 7.650672 158.943665 -4.218967
v 7.853258 159.281723 -4.417929
v 7.596794 159.444565 -4.365692
v 6.915209 157.373688 -4.311483
v 6.979606 157.745010 -4.167512
v 6.868457 157.598557 -3.861063
v 7.031885 157.292374 -4.081802
v 7.372435 158.123337 -4.269051
v 7.539660 158.070648 -4.556363
v 7.776969 158.419846 -4.557658
v 7.600692 158.508224 -4.274970
v 6.147830 151.004700 -3.306225
v 6.277691 151.410629 -3.552268
v 6.356225 151.689865 -3.064263
v 6.188108 151.324081 -2.790539
v 6.501160 152.383926 -3.029000
v 6.556183 152.755051 -3.307658
v 6.579114 153.209076 -2.935306
v 6.532270 152.868942 -2.598281
v 6.590856 153.981674 -2.961315
v 6.618637 154.129333 -3.251971
v 6.591722 154.675858 -3.159019
v 6.545923 154.536499 -2.775670
v 6.730533 155.448105 -3.511049
v 6.822376 155.578690 -3.838164
v 7.090508 156.049622 -3.923896
v 6.776171 155.970947 -3.487556
v 7.200540 156.986893 -4.243529
v 7.170261 156.501297 -4.257193
v 6.776913 156.495407 -4.213902
v 6.933070 156.968674 -4.377640
v 5.890400 149.244507 -4.088441
v 6.010016 149.694489 -4.436987
v 5.868707 150.257568 -3.718921
v 5.686618 149.891815 -3.426925
v 5.816342 146.870132 -4.580372
v 5.899951 147.350296 -4.992612
v 5.850198 148.095093 -4.375988
v 5.712871 147.677704 -3.941366
v 3.436701 146.920868 -1.273933
v 3.835781 147.123718 -1.545267
v 3.463789 147.763077 -1.249933
v 3.139417 147.543488 -0.972789
v 4.922412 145.626541 -2.801013
v 5.210451 145.867661 -3.235886
v 4.926116 146.761093 -2.664735
v 4.608670 146.543427 -2.262885
v 5.864293 144.430069 -4.745322
v 5.969660 144.857269 -5.158039
v 5.825037 145.644684 -4.694905
v 5.628951 145.272202 -4.267950
v 0.001185 149.860077 -10.736950
v 0.001618 150.731155 -10.640714
v 0.578863 150.704941 -10.517577
v 0.611859 149.839188 -10.619412
v 0.013528 148.867081 -10.884155
v 0.664495 148.850204 -10.797844
v 0.743765 147.650467 -11.128394
v 0.038345 147.667511 -11.204473
v 0.169396 139.426514 -1.201980
v 0.160144 138.683975 -0.864783
v 0.912650 138.827408 -0.743792
v 0.881962 139.522614 -1.063805
v 1.307889 141.173538 -1.155630
v 1.431815 140.397995 -1.124932
v 1.990149 140.504929 -1.083797
v 1.813312 141.243423 -1.130067
v 1.899828 142.984665 -0.762071
v 2.099077 142.094482 -1.015089
v 2.509902 142.243896 -1.139329
v 2.302131 143.159790 -0.837564
v 2.158178 145.338364 -0.530064
v 2.396311 144.364517 -0.849155
v 2.808987 144.567932 -1.058508
v 2.521050 145.522263 -0.786254
v 2.511073 147.129379 -0.341925
v 2.667564 146.530121 -0.712841
v 3.023646 146.739655 -1.004373
v 2.824631 147.332245 -0.656023
v 0.236233 152.665298 5.574913
v 0.000196 152.680267 5.603157
v -0.001953 152.644699 5.923903
v 0.266165 152.655960 5.889402
v 0.803625 152.516708 6.001827
v 0.559909 152.494308 6.101070
v 0.616265 152.267807 6.317549
v 0.875010 152.261810 6.200954
v 1.411034 151.971573 5.957534
v 1.185036 151.981537 6.131222
v 1.234105 151.694183 6.108079
v 1.476100 151.686661 5.945753
v 0.841222 150.363632 2.425005
v 0.561788 150.358078 2.353094
v 0.536787 150.485596 3.576842
v 0.800985 150.462158 3.605062
v 0.299182 150.272781 4.736100
v 0.003098 150.279877 4.736607
v 0.008504 151.185471 5.274666
v 0.291054 151.196487 5.237805
v 1.126961 150.361755 2.536905
v 1.070252 150.428711 3.654200
v 1.329876 150.374298 3.775881
v 1.410156 150.365387 2.734194
v 1.698152 150.378754 3.208112
v 1.594483 150.307236 4.010398
v 1.710077 150.635025 4.200674
v 1.954400 150.455948 3.807915
v 2.262681 151.113190 3.630011
v 2.098949 150.979370 3.893173
v 1.912529 151.401886 4.199568
v 2.031047 151.453110 3.970609
v 1.854331 151.805054 4.258630
v 1.773377 151.804077 4.423231
v 1.702795 152.164917 4.501722
v 1.803074 152.144257 4.395617
v 1.657254 152.390945 4.757144
v 1.516884 152.422974 4.890948
v 1.632877 152.431274 5.075024
v 1.766553 152.382751 4.917943
v 1.601940 152.364090 5.417354
v 1.429957 152.402985 5.585172
v 1.534265 152.203690 5.714503
v 1.724598 152.183914 5.539751
v 0.570659 161.340118 -13.635626
v 0.607845 162.766449 -13.529726
v 1.697403 162.647003 -13.400756
v 1.596552 161.217880 -13.500197
v 2.886838 163.906494 -12.770766
v 3.021143 165.423035 -12.156322
v 4.057309 165.005264 -11.721532
v 3.877798 163.550598 -12.322988
v 5.114493 165.810226 -10.399044
v 5.316904 166.981873 -9.348532
v 6.007916 166.247696 -8.946218
v 5.800558 165.165833 -9.914471
v 6.632304 166.283875 -7.381163
v 6.647848 166.787521 -6.018988
v 6.970879 165.944931 -5.875109
v 6.957282 165.480881 -7.084258
v 7.135922 165.315964 -4.606084
v 7.014779 165.374985 -3.445555
v 7.225989 164.529190 -3.655629
v 7.313980 164.464951 -4.665596
v 7.279835 163.660797 -2.973533
v 7.156546 163.556702 -2.106703
v 7.265940 162.704636 -2.504657
v 7.365182 162.798950 -3.274681
v 7.371573 161.898712 -3.554960
v 7.293820 161.775848 -2.887905
v 7.270656 160.949677 -3.206149
v 7.351392 161.094543 -3.797301
v 7.390348 159.612640 -5.042814
v 7.394883 160.236679 -4.942349
v 7.370084 160.290436 -4.509219
v 7.376836 159.744980 -4.696385
v 7.851202 158.820923 -4.366900
v 7.989114 158.724838 -4.616011
v 8.199409 158.985779 -4.722016
v 8.066626 159.122284 -4.531120
v 8.087435 159.753586 -5.092781
v 7.685307 159.634521 -5.092030
v 7.648972 159.638535 -4.740991
v 7.983268 159.562881 -4.729269
v 6.938875 157.416565 -4.568207
v 7.059293 157.402542 -4.769884
v 7.281355 157.705231 -4.644686
v 7.170161 157.726990 -4.385376
v 7.371516 158.207260 -4.743696
v 7.048621 158.419571 -4.640323
v 7.366249 158.703781 -4.654689
v 7.658088 158.545731 -4.781640
v 6.109743 150.213821 -4.751127
v 6.118706 150.810303 -5.033667
v 6.150972 151.127777 -4.239793
v 6.031991 150.664917 -3.982392
v 6.378257 151.859024 -3.778399
v 6.439932 152.306870 -3.991782
v 6.508203 152.503983 -3.582914
v 6.444956 152.110611 -3.320414
v 6.575589 153.104645 -3.487928
v 6.604593 153.320160 -3.667388
v 6.657474 153.647324 -3.388885
v 6.620071 153.482971 -3.176483
v 6.605100 154.721771 -3.539758
v 6.639728 154.228378 -3.573978
v 6.728027 154.338226 -3.937216
v 6.659898 154.758575 -3.898006
v 6.839019 155.095093 -3.892552
v 6.793061 155.323120 -4.045433
v 6.718702 155.373566 -3.892919
v 6.721002 155.138351 -3.666931
v 6.697264 155.685989 -3.991315
v 6.433519 155.808731 -3.925220
v 6.594651 156.111603 -4.071213
v 7.004889 156.069855 -4.195189
v 6.465823 157.082840 -4.359773
v 6.169032 156.751129 -3.955902
v 5.492139 156.446640 -4.246363
v 6.080281 156.723358 -4.730615
v 5.887810 147.911224 -5.390727
v 5.799380 148.572571 -5.747499
v 6.002285 149.109955 -5.180693
v 5.949554 148.564896 -4.794866
v 6.034301 145.347168 -5.557161
v 6.015204 145.896408 -5.953695
v 5.905578 146.632553 -5.498622
v 5.928561 146.102432 -5.099090
v 4.152891 145.215942 -1.988120
v 4.568327 145.418411 -2.378389
v 4.252911 146.326675 -1.895160
v 3.832679 146.123077 -1.570974
v 5.463004 143.785324 -3.805266
v 5.694161 144.080200 -4.288982
v 5.439574 144.953842 -3.802549
v 5.195887 144.677261 -3.331426
v 6.737033 143.032028 -5.141943
v 6.895350 143.463577 -5.624950
v 6.313662 144.113144 -5.482282
v 6.205279 143.676559 -5.036914
v 0.581202 151.515579 -10.552303
v 0.019442 151.551193 -10.645906
v 0.046427 152.335388 -10.770014
v 0.619347 152.291763 -10.710026
v 1.200683 149.794479 -10.449111
v 1.128124 150.650589 -10.339505
v 1.655587 150.554337 -10.127650
v 1.761806 149.693954 -10.241004
v 0.198904 145.013168 -12.968894
v 0.105453 146.403091 -11.921102
v 0.892808 146.360504 -11.826674
v 1.114066 144.958557 -12.860357
v 1.301201 148.799957 -10.651036
v 1.921799 148.712234 -10.458325
v 2.155254 147.547699 -10.839209
v 1.451989 147.613647 -11.012285
v 0.159804 138.063324 -0.360652
v 0.185307 137.497787 0.186877
v 1.038951 137.562881 0.186090
v 0.949588 138.199219 -0.285796
v 1.547782 139.681061 -0.904224
v 1.630602 139.019073 -0.610839
v 2.325413 139.213089 -0.584115
v 2.174783 139.817078 -0.914734
v 2.275852 141.340546 -1.215014
v 2.494238 140.605576 -1.235776
v 2.951880 140.721024 -1.473730
v 2.690236 141.470230 -1.404974
v 2.911008 142.439072 -1.321388
v 3.328942 142.671631 -1.575234
v 3.128957 143.587082 -1.245814
v 2.710157 143.364059 -1.003712
v 3.242445 144.789215 -1.321007
v 3.700280 145.007278 -1.625196
v 3.373519 145.938141 -1.285499
v 2.922269 145.746689 -1.031209
v 0.253109 151.913132 5.378787
v 0.000288 151.927414 5.408357
v -0.008776 152.421692 5.359958
v 0.215977 152.404984 5.327735
v 0.665474 152.621048 5.441110
v 0.460669 152.644272 5.514088
v 0.509533 152.645706 5.825365
v 0.734432 152.653671 5.738825
v 1.231177 152.436081 5.738661
v 1.025567 152.488937 5.878923
v 1.113115 152.244659 6.054601
v 1.320267 152.215118 5.878074
v 0.931550 150.351120 4.697001
v 0.655896 150.272064 4.742771
v 0.557304 151.214935 5.171345
v 0.776539 151.231049 5.074245
v 1.297149 150.612457 4.550923
v 1.136626 150.462967 4.618886
v 0.960811 151.253799 4.985332
v 1.117401 151.294418 4.898261
v 1.415565 150.793671 4.511120
v 1.258152 151.346298 4.817779
v 1.408126 151.395340 4.733727
v 1.521287 150.962082 4.485234
v 1.868037 150.957031 4.162408
v 1.657687 150.999619 4.385531
v 1.573343 151.411682 4.605247
v 1.754556 151.404007 4.428486
v 1.504745 151.851639 4.720830
v 1.454557 152.221207 4.754225
v 1.592172 152.198837 4.624259
v 1.652425 151.826508 4.577216
v 1.365471 152.457153 5.028103
v 1.205182 152.504288 5.148189
v 1.314740 152.525162 5.374520
v 1.475907 152.475052 5.226890
v 0.474859 158.466965 -13.241266
v 0.530670 159.946747 -13.573250
v 1.515115 159.820892 -13.407536
v 1.419473 158.414917 -13.074017
v 2.591151 161.009476 -13.223256
v 2.739395 162.419022 -13.111994
v 3.690531 162.100098 -12.667638
v 3.504350 160.722748 -12.786502
v 4.715658 163.109161 -11.772198
v 4.917278 164.500076 -11.208204
v 5.599547 163.938614 -10.651233
v 5.388232 162.606766 -11.172252
v 6.301268 164.514832 -9.419642
v 6.489049 165.515732 -8.528812
v 6.841608 164.774719 -8.119719
v 6.679745 163.850525 -8.938223
v 7.177500 164.673294 -6.816378
v 7.195495 165.101669 -5.752520
v 7.349691 164.252151 -5.656409
v 7.322795 163.863113 -6.584192
v 7.429037 163.616440 -4.727444
v 7.371698 163.689484 -3.853073
v 7.442401 162.843842 -4.040443
v 7.486874 162.784592 -4.789679
v 7.482583 161.953827 -4.847170
v 7.444475 161.975784 -4.206375
v 7.422461 161.165314 -4.359943
v 7.452976 161.133896 -4.899636
v 7.367770 159.281616 -5.553721
v 7.356281 159.850021 -5.622887
v 7.387429 160.079575 -5.316313
v 7.388075 159.448441 -5.315357
v 7.879130 158.842209 -4.804940
v 7.683715 159.042313 -4.760931
v 7.940981 159.255569 -4.964610
v 8.093984 159.031982 -4.917045
v 8.269662 159.438339 -4.801740
v 8.419619 159.238129 -4.942534
v 8.681269 159.446579 -5.305496
v 8.475573 159.676620 -5.148837
v 8.220274 159.808060 -5.987529
v 7.735093 159.485489 -5.716444
v 7.717299 159.587448 -5.402056
v 8.170563 159.848297 -5.534160
v 6.862548 157.110229 -4.921979
v 6.682035 157.128998 -4.745456
v 6.534495 156.738159 -5.048937
v 6.802335 156.807465 -5.257642
v 6.882406 157.530579 -4.891356
v 6.677084 157.664825 -5.063702
v 6.811735 158.016174 -4.861325
v 7.113633 157.893845 -4.743299
v 7.119208 158.179810 -5.055408
v 7.311814 157.891769 -5.465301
v 7.341118 158.254425 -5.482771
v 7.218299 158.601151 -5.060748
v 5.982675 149.753601 -5.507353
v 5.706729 149.343323 -6.064326
v 5.670989 150.202148 -6.353360
v 5.983533 150.485306 -5.790693
v 6.178762 151.492416 -5.238194
v 6.232759 152.231995 -5.336452
v 6.320440 152.223679 -4.585674
v 6.243626 151.674637 -4.440404
v 6.466646 152.716949 -4.167940
v 6.463208 153.001404 -4.351608
v 6.512950 153.135574 -4.042840
v 6.519971 152.864655 -3.808654
v 6.970833 153.534332 -4.080925
v 6.885260 153.895859 -3.957185
v 6.787201 153.748093 -3.637235
v 6.748835 153.375977 -3.861027
v 6.974829 154.490295 -4.336503
v 7.390403 154.681000 -4.666992
v 7.535500 154.967422 -4.529541
v 7.103309 154.837967 -4.182648
v 7.147527 155.113144 -4.170413
v 7.446349 155.246246 -4.530163
v 7.273660 155.312790 -4.667792
v 7.032940 155.251907 -4.344135
v 6.650700 155.370819 -4.145914
v 6.422870 155.361923 -4.201684
v 6.338181 155.439240 -3.941417
v 6.571889 155.421585 -3.974616
v 6.080798 155.790482 -3.962421
v 6.224375 155.682648 -4.268033
v 5.638194 155.929382 -4.134071
v 5.995523 156.101425 -3.852989
v 6.387472 156.112747 -4.894660
v 6.089105 156.054794 -4.557002
v 6.373536 155.710175 -4.582750
v 6.414091 155.652084 -4.973759
v 5.809729 147.255188 -5.883923
v 5.895763 146.539856 -6.350636
v 5.561580 147.337677 -6.726593
v 5.592490 148.009171 -6.222736
v 7.011591 143.966995 -6.130215
v 7.076560 144.532089 -6.597820
v 6.442644 145.184875 -6.320887
v 6.409839 144.619415 -5.907204
v 4.718792 143.333023 -2.738945
v 5.134242 143.526764 -3.286157
v 4.846851 144.446564 -2.868234
v 4.439231 144.250763 -2.380942
v 6.245863 142.338562 -4.235812
v 6.520112 142.665512 -4.704679
v 6.059431 143.308945 -4.600844
v 5.808424 142.990646 -4.131132
v 7.406380 142.492783 -5.142576
v 8.301225 142.001938 -5.181402
v 8.532952 142.500931 -5.685499
v 7.622708 142.938232 -5.648880
v 0.312578 156.147568 -12.203754
v 0.396775 157.183517 -12.677706
v 1.282056 157.177902 -12.556524
v 1.126333 156.141159 -12.102366
v 0.174593 154.422562 -11.403423
v 0.239313 155.214401 -11.765215
v 0.984132 155.214081 -11.684395
v 0.856758 154.420654 -11.336276
v 0.075863 153.096191 -10.959542
v 0.109505 153.759216 -11.160782
v 0.752739 153.746323 -11.097675
v 0.682032 153.055496 -10.904722
v 1.119468 151.450363 -10.391270
v 1.166724 152.226898 -10.563037
v 1.678678 152.144913 -10.351893
v 1.633499 151.358124 -10.183577
v 2.817287 149.378647 -9.719653
v 2.301073 149.552750 -9.994815
v 2.158819 150.426270 -9.883241
v 2.632883 150.272049 -9.608807
v 0.302289 143.750717 -14.161997
v 1.399306 143.797821 -14.150229
v 1.655854 142.782562 -15.308819
v 0.377139 142.600510 -15.236768
v 2.054901 144.894043 -12.702559
v 1.690586 146.307587 -11.687002
v 2.502260 146.258408 -11.499601
v 3.011060 144.905167 -12.509928
v 3.482888 147.316925 -10.275599
v 2.833224 147.447556 -10.585396
v 2.516279 148.572571 -10.206796
v 3.083218 148.399185 -9.908880
v 1.144134 136.822449 0.623692
v 0.222531 136.770081 0.623912
v 0.264394 135.946732 1.064303
v 1.258040 136.037125 1.111904
v 1.725215 138.387711 -0.201596
v 1.875669 137.708862 0.205186
v 2.716530 137.900497 0.200623
v 2.497692 138.604294 -0.148985
v 2.747267 139.937622 -1.065540
v 2.991769 139.405762 -0.632177
v 3.642415 139.582962 -0.742050
v 3.284199 140.074768 -1.242038
v 3.097201 141.640213 -1.635811
v 3.409887 140.881760 -1.687953
v 3.882012 141.061798 -1.913352
v 3.516584 141.850647 -1.888234
v 3.781526 142.911911 -1.884626
v 4.250926 143.137436 -2.262160
v 3.999128 144.043396 -1.945293
v 3.562283 143.815582 -1.562311
v 0.682271 151.873306 5.229509
v 0.481312 151.887436 5.314329
v 0.429069 152.387344 5.277028
v 0.625047 152.362488 5.216365
v 1.035607 152.552795 5.255631
v 0.857205 152.591171 5.353785
v 0.941069 152.618195 5.627696
v 1.134933 152.564453 5.510575
v 1.023984 151.852509 5.054415
v 0.861242 151.860458 5.146092
v 0.798955 152.335831 5.145553
v 0.967019 152.313263 5.062351
v 1.345775 151.859970 4.851139
v 1.182724 151.852783 4.957676
v 1.135659 152.278275 4.976243
v 1.296414 152.247772 4.876252
v 2.301016 158.312622 -12.796402
v 2.448639 159.639114 -13.117929
v 3.315573 159.411880 -12.691207
v 3.100829 158.184631 -12.393173
v 4.289525 160.383331 -12.213269
v 4.498422 161.715149 -12.093972
v 5.156758 161.269974 -11.458727
v 4.941442 159.993011 -11.570571
v 5.910185 162.084671 -10.559434
v 6.115561 163.353745 -10.099029
v 6.514422 162.761093 -9.558291
v 6.324029 161.568176 -9.962001
v 6.965446 163.179749 -8.487114
v 7.093279 164.027420 -7.741190
v 7.253088 163.270844 -7.394438
v 7.153268 162.504822 -8.059168
v 7.404067 163.058578 -6.377279
v 7.433862 163.414444 -5.580475
v 7.490664 162.608368 -5.519373
v 7.450521 162.294205 -6.198991
v 7.413023 160.718094 -5.815401
v 7.449842 161.513748 -6.016231
v 7.480723 161.794235 -5.454944
v 7.446994 160.987396 -5.390827
v 7.346787 158.913025 -6.001117
v 7.253191 159.270416 -6.139912
v 7.312998 159.573273 -5.888528
v 7.348960 159.107269 -5.768177
v 7.664986 159.227066 -5.314835
v 7.368095 158.965088 -5.180475
v 7.382617 158.522125 -5.607813
v 7.622365 158.689774 -5.711708
v 8.352312 159.224136 -5.152573
v 8.186181 159.460938 -5.281163
v 8.405140 159.624237 -5.696509
v 8.612508 159.329529 -5.534642
v 8.673167 159.825729 -5.636877
v 8.882613 159.528198 -5.759199
v 8.984406 159.470612 -6.240764
v 8.781014 159.843613 -6.182457
v 7.753808 159.080841 -6.347401
v 7.758716 159.335831 -6.022916
v 8.226491 159.651321 -6.439617
v 8.146084 159.304459 -6.823277
v 6.778500 156.985123 -5.470081
v 6.714098 157.253372 -5.673594
v 6.681025 157.461441 -5.328697
v 6.776058 157.238159 -5.113087
v 6.527776 156.299484 -5.317462
v 6.575017 155.830994 -5.435769
v 6.844238 156.158447 -5.793458
v 6.778410 156.475647 -5.589484
v 6.742353 157.687134 -5.386435
v 6.768730 157.578796 -5.826604
v 6.980751 157.698715 -5.732974
v 6.879001 157.932724 -5.257472
v 7.826333 157.754501 -5.998617
v 7.716094 158.181671 -5.897625
v 7.510589 158.130341 -5.707753
v 7.591573 157.739426 -5.769873
v 5.135869 148.483780 -6.984406
v 4.949989 149.703079 -7.178695
v 5.305791 149.936646 -6.790518
v 5.416975 148.929276 -6.523585
v 5.651703 151.119064 -6.597132
v 5.686079 152.066544 -6.814503
v 6.041214 152.194763 -6.184081
v 5.990861 151.300201 -6.013456
v 6.289316 152.903244 -5.216372
v 6.281341 153.230362 -5.069257
v 6.375278 153.000992 -4.656131
v 6.358627 152.711655 -4.634861
v 6.311922 153.405930 -4.946605
v 6.493764 153.567032 -4.810820
v 6.412889 153.306915 -4.450059
v 6.394715 153.147995 -4.612419
v 6.622312 153.252502 -4.369537
v 6.840399 153.309204 -4.876591
v 7.213943 153.528702 -4.806198
v 6.917982 153.423996 -4.384243
v 6.961685 153.764038 -4.368572
v 7.295602 153.953934 -4.748354
v 7.313879 154.360214 -4.764131
v 6.977160 154.093781 -4.356513
v 7.559563 154.894974 -4.996372
v 7.660897 155.102081 -5.344626
v 7.699952 155.343231 -5.287989
v 7.675689 155.165131 -4.895568
v 7.556484 155.390289 -4.894190
v 7.610706 155.516205 -5.331002
v 7.504065 155.621964 -5.464279
v 7.405146 155.484512 -5.010993
v 7.055366 155.274399 -4.835447
v 6.696049 155.323059 -4.950165
v 6.556791 155.312531 -4.563625
v 6.835812 155.237900 -4.475569
v 6.331064 145.793976 -6.755916
v 7.053629 145.121918 -7.036248
v 6.935034 145.701782 -7.473994
v 5.994154 146.427353 -7.213172
v 8.935467 143.637970 -6.747745
v 7.947471 144.053223 -6.684141
v 7.811648 143.467453 -6.187914
v 8.755548 143.058090 -6.203770
v 5.010356 142.485870 -3.056778
v 5.401884 141.741959 -3.182011
v 5.878403 142.035843 -3.726313
v 5.458019 142.692276 -3.625184
v 6.866111 141.740265 -4.224296
v 7.718156 141.182297 -4.062768
v 8.039344 141.565781 -4.659448
v 7.161580 142.107117 -4.696038
v 10.609897 141.383621 -5.817634
v 9.540260 141.959564 -5.777314
v 9.257328 141.443649 -5.197017
v 10.297076 141.015961 -5.028579
v 1.874176 156.134354 -11.922926
v 2.092851 157.141922 -12.346983
v 2.827651 157.085892 -12.021635
v 2.557600 156.095047 -11.660570
v 1.509687 154.423538 -11.223487
v 1.682343 155.216599 -11.542795
v 2.316189 155.202682 -11.320469
v 2.102330 154.409882 -11.030326
v 1.778195 152.923355 -10.565095
v 1.252825 152.996704 -10.767862
v 1.366265 153.717514 -10.977404
v 1.923768 153.671219 -10.789717
v 2.120540 151.248672 -9.937679
v 2.155184 152.051224 -10.096907
v 2.590323 151.946228 -9.813085
v 2.568564 151.122055 -9.654446
v 3.759109 148.995712 -9.098750
v 3.309247 149.191727 -9.424499
v 3.068028 150.106339 -9.319458
v 3.459917 149.950470 -9.005533
v 2.540472 143.847595 -14.066483
v 3.675794 143.913773 -13.863049
v 4.276235 143.192093 -15.080513
v 2.968415 143.016281 -15.294837
v 2.176779 140.138840 -17.017593
v 0.538533 139.949509 -16.928820
v 0.463475 141.368835 -16.117199
v 1.919261 141.574554 -16.228819
v 4.104938 146.187943 -10.978327
v 4.888215 145.101959 -12.007872
v 3.962873 145.002106 -12.297356
v 3.315598 146.226547 -11.273826
v 4.748172 146.972946 -9.580491
v 4.112963 147.155334 -9.925897
v 3.632090 148.197861 -9.588969
v 4.147279 147.973663 -9.236358
v 2.961779 137.172379 0.641906
v 2.048831 136.987656 0.664761
v 2.246025 136.216583 1.184350
v 3.232765 136.388107 1.128021
v 3.263429 138.793137 -0.212716
v 3.554070 138.080612 0.107568
v 4.367200 138.236588 -0.086040
v 4.004457 138.933548 -0.390633
v 3.815668 140.221283 -1.447952
v 4.277248 139.724075 -0.952882
v 4.895149 139.863510 -1.251273
v 4.354539 140.387070 -1.685168
v 3.986983 142.073929 -2.167889
v 4.375563 141.258179 -2.209224
v 4.880156 141.479996 -2.649656
v 4.497987 142.298691 -2.547926
v 3.795504 157.984390 -11.879152
v 4.073073 159.123276 -12.132141
v 4.696925 158.791611 -11.493825
v 4.382924 157.697540 -11.302127
v 5.470811 159.595322 -10.907358
v 5.694453 160.811432 -10.818931
v 6.118765 160.360184 -10.186192
v 5.872905 159.211304 -10.249332
v 6.637012 161.061874 -9.392790
v 6.815602 162.169647 -9.038560
v 7.015280 161.587830 -8.548538
v 6.840554 160.552170 -8.834247
v 7.251468 161.847321 -7.657315
v 7.345993 162.529419 -7.077611
v 7.379883 161.821320 -6.791490
v 7.277162 161.187180 -7.268129
v 7.356898 160.371780 -6.194007
v 7.277422 159.964096 -6.523938
v 7.271044 160.535202 -6.871980
v 7.375154 161.092941 -6.497210
v 7.264962 158.303650 -6.490017
v 7.113535 158.512772 -6.674282
v 7.185052 158.939362 -6.414786
v 7.328025 158.673599 -6.249918
v 8.136522 158.962448 -6.057456
v 8.213895 159.412125 -5.886425
v 7.987354 159.327866 -5.542715
v 7.913599 158.872665 -5.810901
v 8.792526 159.328857 -5.947304
v 8.601833 159.586502 -6.171596
v 8.680212 159.417618 -6.599966
v 8.866673 159.226059 -6.336727
v 8.757435 159.690430 -6.702686
v 8.972327 159.313782 -6.685855
v 8.920114 159.050690 -7.092986
v 8.627270 159.358536 -7.151681
v 7.734033 158.738647 -6.629011
v 8.027240 158.812469 -7.112520
v 7.897356 158.181015 -7.265773
v 7.622269 158.213959 -6.731285
v 6.826095 156.710052 -5.784067
v 6.993002 156.406494 -5.979994
v 7.092216 156.623367 -6.183123
v 6.821318 156.937531 -6.000579
v 7.205721 155.468536 -5.197824
v 7.310257 155.667206 -5.651260
v 7.016555 155.794785 -5.783305
v 6.831044 155.488937 -5.371571
v 7.221644 156.810867 -6.311282
v 7.401733 156.960083 -6.311582
v 7.155985 157.331131 -6.169773
v 6.911578 157.195923 -6.195787
v 7.555919 157.331528 -6.070953
v 7.623995 157.006210 -6.311864
v 7.893607 156.971359 -6.336318
v 7.880884 157.347717 -6.164490
v 8.057813 157.859177 -6.160546
v 8.216327 158.043640 -6.361361
v 8.163969 158.489166 -6.193786
v 7.961133 158.327728 -6.035858
v 4.929961 148.269669 -7.491117
v 4.709807 148.391434 -7.931707
v 4.377568 149.588837 -7.933553
v 4.642934 149.575851 -7.558521
v 5.270718 150.953186 -7.049384
v 4.884718 150.820221 -7.410791
v 4.920177 151.883636 -7.668674
v 5.296328 151.959900 -7.284679
v 6.114240 153.126419 -6.393480
v 5.778262 152.994888 -7.043653
v 5.879977 153.847366 -7.269361
v 6.163339 153.985214 -6.597393
v 6.245660 153.776306 -5.317616
v 6.183681 153.461411 -5.712337
v 6.169392 154.249939 -5.933659
v 6.289361 154.503448 -5.389936
v 6.564580 154.519730 -5.062501
v 6.892149 154.188019 -5.478163
v 6.712647 153.829254 -5.126809
v 6.415005 153.949753 -5.032520
v 7.278529 153.952805 -5.736715
v 7.646743 154.141571 -5.594713
v 7.430235 153.801636 -5.226177
v 7.091092 153.611206 -5.322654
v 7.521747 154.215622 -5.122945
v 7.672498 154.514847 -5.472522
v 7.597930 154.829849 -5.427163
v 7.508386 154.597076 -5.079301
v 7.768537 155.322403 -5.682487
v 7.945738 155.551147 -5.977833
v 7.930986 155.767746 -5.935161
v 7.784703 155.548874 -5.650037
v 7.716599 155.716827 -5.719114
v 7.848735 155.917526 -5.993015
v 7.742194 155.998093 -6.106888
v 7.620895 155.815445 -5.871289
v 8.005042 144.648285 -7.165329
v 9.030093 144.202774 -7.327258
v 9.002419 144.693405 -7.967947
v 7.935358 145.169876 -7.700453
v 6.307026 146.421326 -8.432331
v 5.331118 147.250549 -8.102203
v 5.588609 146.933868 -7.672995
v 6.679224 146.151581 -7.962881
v 10.016706 143.124908 -6.934395
v 9.797805 142.532501 -6.342448
v 10.901755 141.866013 -6.575128
v 11.204855 142.490723 -7.253432
v 5.981909 141.053726 -3.058391
v 6.745144 140.564957 -2.681153
v 7.291075 140.838165 -3.385672
v 6.468244 141.384201 -3.672065
v 8.965506 141.076782 -4.498627
v 8.602560 140.752747 -3.751178
v 9.351810 140.121033 -3.605453
v 9.877188 140.584320 -4.302193
v 11.279082 140.342514 -4.985600
v 12.426961 139.916138 -4.587637
v 13.104048 140.518738 -5.404998
v 11.813098 140.877731 -5.730394
v 3.168589 155.987946 -11.291268
v 3.480518 156.940674 -11.586434
v 4.045168 156.698639 -11.077301
v 3.695318 155.792084 -10.850341
v 3.051733 154.247070 -10.402018
v 2.618493 154.357040 -10.747851
v 2.872566 155.137100 -11.000752
v 3.341283 154.993820 -10.608824
v 2.253816 152.839249 -10.305766
v 2.415511 153.601822 -10.530573
v 2.838274 153.503098 -10.224045
v 2.680543 152.743378 -10.019254
v 3.333811 150.869263 -9.068769
v 2.973319 150.985397 -9.367317
v 2.976658 151.842804 -9.516832
v 3.314604 151.765930 -9.219145
v 4.458676 148.585373 -8.340180
v 4.141751 148.791031 -8.728305
v 3.806352 149.806335 -8.663196
v 4.107132 149.679901 -8.302203
v 5.818851 144.173080 -13.118698
v 6.696982 143.439362 -14.170368
v 5.537374 143.303802 -14.676755
v 4.781841 144.029755 -13.543763
v 3.825505 140.448639 -17.070749
v 3.403124 141.872223 -16.269365
v 4.869512 142.193039 -16.138132
v 5.434577 140.842484 -17.023584
v 5.779973 145.193665 -11.612427
v 4.865192 146.136353 -10.618809
v 5.596603 146.072433 -10.228279
v 6.623205 145.270798 -11.143947
v 5.347003 146.797867 -9.237358
v 4.607238 147.738708 -8.865752
v 4.994146 147.494232 -8.483947
v 5.868866 146.620728 -8.854679
v 4.208538 136.545074 0.955825
v 5.165413 136.708023 0.686395
v 4.749111 137.507721 0.279176
v 3.865807 137.346069 0.513921
v 4.708127 139.046387 -0.659548
v 5.139751 138.376312 -0.372521
v 5.892499 138.527023 -0.719282
v 5.392622 139.187576 -0.987063
v 4.901861 140.570358 -2.013151
v 5.520989 140.071396 -1.600899
v 6.136670 140.314804 -2.069951
v 5.446821 140.779984 -2.479722
v 4.871614 157.390045 -10.707783
v 5.198895 158.455429 -10.845036
v 5.586291 158.126221 -10.208599
v 5.283688 157.093414 -10.121207
v 6.164096 158.843933 -9.620662
v 6.424465 159.922821 -9.569314
v 6.625340 159.493011 -8.971395
v 6.378010 158.498016 -9.020650
v 6.956053 160.042358 -8.284226
v 7.124284 161.004776 -8.069776
v 7.155911 160.407867 -7.571476
v 6.997628 159.566727 -7.755260
v 7.167260 159.421021 -6.774931
v 7.051795 158.814133 -6.957603
v 7.015159 159.165833 -7.305364
v 7.155766 159.882416 -7.131835
v 6.974374 157.156189 -6.691524
v 6.919787 157.291260 -6.983405
v 7.021052 157.935074 -6.881524
v 7.129312 157.743973 -6.650677
v 8.303437 158.472321 -6.607111
v 8.404690 159.152344 -6.707316
v 8.334940 159.394699 -6.310383
v 8.257155 158.885056 -6.327212
v 8.883650 159.033844 -6.694614
v 8.693249 159.133865 -6.981361
v 8.631591 158.767136 -7.214331
v 8.849782 158.761230 -7.041470
v 8.443059 158.793655 -7.487522
v 8.811113 158.576294 -7.476746
v 8.593963 157.929871 -7.526551
v 8.310412 158.076767 -7.636049
v 7.495735 157.573441 -6.740138
v 7.721385 157.466675 -7.296221
v 7.691960 156.743546 -7.190176
v 7.303980 156.983749 -6.654369
v 7.204631 156.090607 -6.034549
v 7.438872 155.924179 -5.998034
v 7.557954 156.111313 -6.200240
v 7.346292 156.313919 -6.243736
v 7.463621 156.508331 -6.365159
v 7.662210 156.312943 -6.333863
v 7.787671 156.623184 -6.391669
v 7.578292 156.741776 -6.383216
v 8.135194 157.382675 -6.237021
v 8.107347 156.931335 -6.318993
v 8.273642 156.905411 -6.377580
v 8.281777 157.470642 -6.423162
v 4.526613 150.736511 -7.729346
v 4.225539 150.711288 -8.065980
v 4.238659 151.791107 -8.315781
v 4.571565 151.832291 -8.004047
v 5.413400 152.924957 -7.538524
v 5.050487 152.891159 -7.946321
v 5.254326 153.836502 -8.225668
v 5.575862 153.822800 -7.785660
v 6.191243 154.728577 -6.805877
v 5.998053 154.632523 -7.434347
v 6.217356 155.372528 -7.529921
v 6.352198 155.374771 -7.001229
v 6.356114 155.091080 -5.622421
v 6.239579 154.927628 -6.180749
v 6.403556 155.479767 -6.465902
v 6.515221 155.562988 -5.956737
v 6.713261 155.050018 -5.275529
v 6.828160 155.386978 -5.751534
v 7.185394 155.090912 -6.040776
v 7.049137 154.613022 -5.788164
v 7.572148 154.798828 -6.557082
v 7.965593 154.918549 -6.345906
v 7.822424 154.496460 -5.978500
v 7.421293 154.339737 -6.148252
v 7.874697 155.189499 -6.174634
v 7.858778 155.374329 -6.085358
v 7.669864 155.092484 -5.783065
v 7.780245 154.832291 -5.829483
v 8.264432 156.226715 -6.559019
v 8.239862 156.355011 -6.402523
v 8.067087 156.005997 -6.189489
v 8.093575 155.839706 -6.276140
v 7.983665 156.126678 -6.183027
v 8.134421 156.455353 -6.332329
v 7.989627 156.526001 -6.362092
v 7.854847 156.197418 -6.261289
v 10.148989 143.704468 -7.575505
v 11.411234 143.156982 -7.931957
v 11.402820 143.689560 -8.730161
v 10.148581 144.211487 -8.292480
v 8.495974 145.232285 -9.363278
v 7.358271 145.763565 -8.849088
v 7.719587 145.552795 -8.280222
v 8.831396 145.059509 -8.657867
v 12.599367 141.975449 -7.478452
v 12.232042 141.379700 -6.610322
v 13.657000 141.132294 -6.371356
v 14.063319 141.681381 -7.456217
v 7.481454 140.023956 -2.349348
v 8.044276 139.282516 -2.258835
v 8.714516 139.662979 -2.935757
v 8.109644 140.392715 -3.019709
v 10.042339 139.349777 -3.564758
v 10.913609 138.690979 -3.237552
v 11.693351 139.251465 -3.954647
v 10.680291 139.820282 -4.302020
v 4.472204 155.191589 -9.849295
v 4.124799 155.522598 -10.366795
v 4.523847 156.403091 -10.541727
v 4.925528 156.108276 -10.010447
v 3.398763 154.065552 -10.041151
v 3.713070 154.758636 -10.178265
v 3.977901 154.368179 -9.729192
v 3.642129 153.793808 -9.716527
v 3.047982 152.651840 -9.718225
v 3.186111 153.386642 -9.902508
v 3.464184 153.283844 -9.625303
v 3.364292 152.595993 -9.429276
v 3.943837 150.730576 -8.408999
v 3.651988 150.784531 -8.745392
v 3.625684 151.736435 -8.925878
v 3.926814 151.753448 -8.624165
v 6.781711 144.329803 -12.615561
v 7.662782 144.486176 -12.045931
v 8.659290 143.739868 -12.875646
v 7.732792 143.580078 -13.558595
v 8.389773 141.780228 -16.454134
v 6.956593 141.327087 -16.847397
v 6.255851 142.458710 -15.786615
v 7.536486 142.670349 -15.261872
v 7.397811 145.288498 -10.625891
v 6.286421 145.976807 -9.817483
v 6.880462 145.877563 -9.363771
v 8.028664 145.283615 -10.032352
v 6.097142 136.882065 0.317279
v 6.985750 137.088913 -0.092745
v 6.416301 137.857132 -0.423236
v 5.595770 137.669678 -0.043415
v 6.084086 139.399948 -1.348706
v 6.627386 138.728287 -1.127459
v 7.339130 138.975967 -1.639363
v 6.781311 139.687119 -1.793618
v 5.884007 156.601990 -9.028913
v 5.615678 156.831482 -9.558949
v 5.891439 157.822083 -9.602510
v 6.136091 157.542084 -9.029961
v 6.687417 157.880707 -7.959452
v 6.545925 158.164993 -8.452825
v 6.752121 159.081696 -8.395276
v 6.833771 158.716187 -7.863478
v 6.873364 157.456024 -7.262570
v 6.796409 157.644226 -7.565454
v 6.902017 158.408661 -7.438165
v 6.967082 158.150879 -7.126389
v 6.630892 156.042938 -6.300460
v 6.583745 156.023758 -6.739575
v 6.753991 156.628708 -6.965953
v 6.783466 156.586380 -6.574902
v 8.430400 158.748398 -7.007825
v 8.195123 158.130493 -6.920359
v 8.177429 157.940247 -7.184362
v 8.433393 158.453171 -7.191459
v 8.733825 158.384567 -7.305956
v 8.505307 158.374969 -7.333275
v 8.320189 157.838608 -7.385698
v 8.530962 157.847519 -7.344706
v 8.220175 157.304138 -7.600722
v 8.516590 157.218216 -7.438014
v 8.455960 156.498245 -7.250642
v 8.096216 156.541763 -7.474382
v 7.130420 156.399353 -6.500197
v 7.612640 156.124435 -6.777968
v 7.433784 155.613525 -6.311103
v 6.949254 155.847122 -6.179810
v 8.164453 157.293198 -7.021683
v 8.212052 157.449051 -6.731916
v 8.344458 156.821472 -6.590828
v 8.296911 156.709351 -6.810488
v 4.699258 152.867844 -8.304571
v 4.340135 152.824478 -8.626458
v 4.515275 153.852646 -8.983693
v 4.910284 153.861832 -8.614517
v 5.762997 154.654892 -7.955036
v 5.503640 154.716156 -8.433351
v 5.812488 155.553482 -8.524548
v 6.032362 155.443069 -8.034245
v 6.554987 156.039139 -7.172577
v 6.448851 156.106506 -7.603285
v 6.645242 156.878418 -7.631661
v 6.723926 156.741562 -7.276221
v 7.731399 155.281937 -6.886182
v 7.939064 155.839050 -7.211039
v 8.302926 155.857742 -6.987449
v 8.109448 155.340179 -6.691815
v 8.145632 156.030640 -6.844726
v 8.219108 156.121063 -6.707996
v 8.073640 155.695923 -6.385558
v 8.009680 155.570465 -6.508131
v 12.843635 142.660858 -8.301715
v 14.257278 142.093277 -8.606462
v 14.120384 142.390762 -9.744655
v 12.757969 143.092453 -9.283069
v 10.742385 144.070374 -10.450912
v 9.629771 144.715591 -9.899176
v 9.982272 144.574036 -9.078623
v 11.169332 143.985580 -9.589184
v 9.344846 138.939575 -2.794225
v 8.632759 138.604446 -2.056848
v 9.365647 137.918747 -1.708962
v 10.126376 138.248169 -2.455150
v 5.211018 154.799240 -8.877302
v 4.848763 154.917252 -9.323277
v 5.271943 155.867172 -9.495918
v 5.565732 155.694794 -9.003409
v 3.984389 152.726837 -8.912988
v 3.662693 152.621841 -9.169242
v 3.708581 153.347412 -9.439590
v 4.054106 153.633148 -9.272154
v 8.463575 144.596039 -11.413050
v 9.120314 144.691330 -10.690403
v 10.168708 144.028320 -11.308086
v 9.479299 143.904709 -12.131663
v 10.823763 142.369446 -14.821633
v 9.692503 142.124496 -15.757552
v 8.681864 142.861755 -14.591660
v 9.690832 143.035431 -13.790999
v 7.915369 138.323456 -1.408618
v 7.188660 138.077911 -0.867291
v 7.828057 137.341461 -0.549217
v 8.612979 137.621414 -1.077220
v 6.303035 156.238007 -8.038186
v 6.108886 156.401855 -8.516459
v 6.336609 157.281067 -8.493764
v 6.517715 157.057495 -8.021851
v 8.351512 156.570450 -7.008605
v 8.460553 157.205811 -7.175465
v 8.280378 157.202744 -7.171953
v 8.219099 156.631683 -6.962477
v 12.440889 143.294250 -10.206991
v 13.735363 142.489487 -10.766098
v 13.217003 142.515533 -11.713445
v 11.947407 143.342590 -11.079463
v 11.775937 142.518417 -13.764317
v 10.559973 143.184723 -12.901362
v 11.302830 143.298920 -11.984937
v 12.552509 142.542038 -12.707516
v -0.754515 158.871246 6.408445
v -0.736968 158.496353 6.719355
v -0.258855 158.640900 6.912013
v -0.277697 159.007431 6.650564
v -0.687573 158.108704 7.005483
v -0.654328 157.740326 7.305689
v -0.203865 157.919571 7.541338
v -0.219173 158.276520 7.209620
v -0.256653 159.334473 6.414780
v -0.220617 159.631851 6.230336
v -0.571454 159.544556 5.998240
v -0.686196 159.242081 6.152757
v -1.319684 158.092880 5.688986
v -1.271796 157.822754 5.978141
v -1.011488 158.176880 6.334606
v -1.032029 158.502258 5.991551
v -0.697609 157.052124 7.965732
v -0.184038 157.173904 8.177801
v -0.175850 157.529816 7.825058
v -0.682734 157.404984 7.652143
v -1.229797 157.190689 6.540781
v -0.977149 157.469421 6.953025
v -0.996507 157.823837 6.647112
v -1.248457 157.519958 6.260555
v -0.528742 159.822815 5.909806
v -0.200204 159.909821 6.119613
v -0.198094 160.165848 6.129708
v -0.571182 160.069641 5.950132
v -0.887762 159.131226 5.654972
v -0.774339 159.463211 5.600914
v -0.903647 159.406982 5.142055
v -1.012542 159.128342 5.197484
v -1.791825 157.207169 5.312657
v -1.539476 157.505020 5.644292
v -1.601942 157.732971 5.418747
v -1.859539 157.398453 5.129550
v -1.398998 158.314026 5.380273
v -1.105767 158.720200 5.567581
v -1.207402 158.810501 5.163819
v -1.475664 158.459686 5.064010
v -0.578444 154.299255 6.872846
v -0.621291 153.894699 6.870065
v -0.280325 153.812424 6.739464
v -0.231818 154.241852 6.786788
v -0.394854 154.931335 6.820569
v -0.511379 154.606445 6.861235
v -0.196303 154.567978 6.819672
v -0.151957 154.896606 6.823188
v -0.667730 156.298050 8.274067
v -0.182762 156.330566 8.539274
v -0.199842 156.775757 8.439707
v -0.696077 156.686127 8.194902
v -1.289500 156.657761 7.244800
v -1.044812 156.861679 7.619767
v -1.036518 157.169891 7.305064
v -1.262974 156.895523 6.904422
v -1.720895 156.869629 5.581916
v -1.487137 157.050415 6.045999
v -1.506757 157.280243 5.862817
v -1.744588 157.031158 5.466953
v -0.620344 160.339920 6.200497
v -0.196096 160.452621 6.250760
v -0.192545 160.830658 6.372736
v -0.606887 160.747299 6.436180
v -0.867981 159.999466 5.476075
v -1.044455 159.920364 4.915218
v -0.900761 159.662521 5.042520
v -0.768045 159.742981 5.530632
v -1.130191 159.122025 4.813767
v -1.078703 159.364334 4.740229
v -1.259660 159.353302 4.567679
v -1.278523 159.154938 4.580837
v -2.056520 157.762436 4.750247
v -1.965782 157.590424 4.949914
v -1.692319 157.944611 5.185311
v -1.762901 158.109436 4.929968
v -2.424645 156.507492 4.826159
v -2.068440 156.879990 5.015368
v -2.180809 157.062973 4.873781
v -2.569767 156.710678 4.675508
v -1.517874 158.540039 4.765874
v -1.284156 158.856888 4.825912
v -1.425574 158.883255 4.564651
v -1.650919 158.631073 4.575807
v -0.588061 153.168961 6.756220
v -0.278640 153.065536 6.812233
v -0.295692 153.378159 6.860430
v -0.622471 153.497238 6.856381
v -1.264115 153.701187 6.566937
v -0.957356 153.846207 6.752191
v -0.950202 154.259705 6.729073
v -1.296208 154.136169 6.488688
v -0.113849 155.122513 6.968769
v -0.089135 155.232437 7.255496
v -0.280116 155.302429 7.189702
v -0.311776 155.196365 6.885609
v -1.092287 154.916794 6.322848
v -1.211140 154.573486 6.372153
v -0.890471 154.600586 6.706726
v -0.801624 154.952438 6.676517
v -0.586121 155.957260 8.182974
v -0.488555 155.711334 7.999459
v -0.122584 155.719330 8.090696
v -0.152069 155.948456 8.370407
v -1.289969 156.412827 7.483051
v -1.218063 156.159119 7.576218
v -0.979838 156.242813 7.921684
v -1.043064 156.559067 7.843654
v -1.539567 156.727341 6.592320
v -1.734478 156.567642 6.383234
v -1.778664 156.359909 6.653358
v -1.563075 156.502869 6.936183
v -1.733443 156.713821 5.648040
v -1.782213 156.534393 5.706581
v -1.714572 156.638626 6.063743
v -1.566689 156.833603 6.093610
v -2.276180 156.309006 4.944923
v -2.111861 156.129837 5.040822
v -1.902314 156.559494 5.229275
v -1.980464 156.715424 5.134366
v -0.652312 161.247833 6.566941
v -0.199397 161.291489 6.498013
v -0.239317 161.820465 6.512182
v -0.752045 161.812408 6.563487
v -1.719756 160.321625 5.993583
v -1.146970 160.347275 6.015118
v -1.141209 160.721466 6.380510
v -1.763881 160.725952 6.338447
v -1.272084 159.759506 4.493218
v -1.420197 159.630951 4.371808
v -1.301339 159.493225 4.486560
v -1.114021 159.554703 4.632431
v -1.745100 160.171768 5.453842
v -1.843428 160.161530 4.904561
v -1.406271 160.086136 4.878594
v -1.252720 160.143219 5.439709
v -1.670914 159.286987 4.381382
v -1.489565 159.218399 4.445699
v -1.443051 159.339539 4.461171
v -1.641532 159.317581 4.369442
v -2.733216 156.914658 4.503664
v -2.303605 157.251007 4.710436
v -2.450752 157.445221 4.552225
v -2.929952 157.135010 4.338944
v -2.192973 157.937637 4.570103
v -1.832667 158.239761 4.692201
v -1.968319 158.383240 4.548476
v -2.372806 158.131271 4.504400
v -3.447451 155.997116 4.372840
v -3.205431 155.750214 4.567728
v -2.804882 156.128860 4.692206
v -2.992121 156.348251 4.516535
v -2.058745 158.731613 4.483633
v -1.840554 158.705063 4.505146
v -1.711444 158.925903 4.470833
v -2.011520 158.901077 4.461883
v -0.542284 152.864166 6.612136
v -0.506827 152.649597 6.378539
v -0.246850 152.612640 6.445928
v -0.267469 152.812729 6.694262
v -1.217143 153.379929 6.607097
v -1.140820 153.098129 6.562025
v -0.861419 153.169525 6.668784
v -0.929661 153.481262 6.758776
v -1.675352 153.962021 6.310816
v -1.992635 153.735550 6.168913
v -1.855202 153.412369 6.251506
v -1.571297 153.564545 6.410399
v -0.364750 155.530060 7.743637
v -0.293624 155.411316 7.481243
v -0.084452 155.372040 7.548272
v -0.094944 155.544174 7.818275
v -0.486716 155.360565 6.787359
v -0.323751 155.469101 7.046010
v -0.358064 155.653641 6.894072
v -0.558277 155.567764 6.681823
v -1.726126 154.817978 5.812553
v -1.529267 154.669495 6.081223
v -1.325059 154.917542 6.025996
v -1.517375 154.998657 5.810530
v -0.792230 155.270752 6.599833
v -0.772407 155.512863 6.478640
v -0.932309 155.461716 6.293118
v -0.995662 155.209961 6.321814
v -1.128624 155.931381 7.565034
v -1.016253 155.766953 7.473466
v -0.788589 155.741104 7.741053
v -0.891305 155.957336 7.865614
v -1.749837 156.121201 6.841971
v -1.644570 155.913162 6.940125
v -1.436188 156.052719 7.249588
v -1.519084 156.268066 7.142693
v -1.839741 156.456894 6.148267
v -1.895954 156.322037 5.829475
v -2.000820 156.040237 6.019952
v -1.931945 156.211975 6.353320
v -1.963480 156.047226 5.160443
v -1.902040 156.021912 5.278209
v -1.838256 156.302109 5.420632
v -1.849783 156.430450 5.318399
v -2.973899 155.492371 4.749541
v -2.787720 155.262054 4.884039
v -2.447872 155.672241 4.955897
v -2.623783 155.900833 4.842404
v -0.885486 162.384567 6.396413
v -0.303067 162.345612 6.324395
v -0.351814 162.879608 6.083292
v -0.989535 162.948822 6.172183
v -1.895897 161.234543 6.498717
v -1.220476 161.223801 6.555465
v -1.369979 161.797379 6.592539
v -2.063459 161.774765 6.486593
v -2.977701 160.834717 5.915756
v -2.873398 160.417419 5.732885
v -2.307738 160.347122 5.909493
v -2.389571 160.781952 6.192279
v -1.709195 159.437302 4.354897
v -1.649684 159.362778 4.358362
v -1.481507 159.437012 4.432137
v -1.582463 159.549423 4.392180
v -1.933945 160.032059 4.594042
v -1.970545 159.975708 4.463902
v -1.658046 159.798950 4.402040
v -1.575141 159.901154 4.531484
v -2.793768 160.210327 5.376470
v -2.773273 160.171600 5.017614
v -2.299212 160.188614 4.981360
v -2.267137 160.171188 5.450984
v -2.076226 159.137024 4.365457
v -2.035680 159.041641 4.410984
v -1.725584 159.117249 4.430034
v -1.802738 159.218613 4.390128
v -1.688723 159.332626 4.314776
v -1.690357 159.328247 4.268029
v -1.760747 159.296173 4.222649
v -1.734531 159.318848 4.333756
v -3.565509 157.699249 4.258152
v -3.206061 157.389542 4.285529
v -2.642011 157.657303 4.452378
v -2.896888 157.903671 4.400422
v -3.691965 156.243408 4.178876
v -3.202906 156.572464 4.322321
v -3.445271 156.822586 4.141472
v -3.962811 156.510620 4.000087
v -2.530526 158.306610 4.464555
v -2.124305 158.499115 4.497697
v -2.248731 158.592545 4.476370
v -2.621165 158.452911 4.463525
v -4.237429 155.247406 3.914146
v -3.987063 154.980331 4.241894
v -3.620423 155.373856 4.429010
v -3.884935 155.636368 4.181452
v -2.317009 158.702103 4.466962
v -2.339351 158.854935 4.443571
v -2.698741 158.762619 4.444670
v -2.666562 158.600754 4.462276
v -0.478899 152.607452 6.056774
v -0.434521 152.693649 5.702911
v -0.219883 152.694351 5.745583
v -0.234502 152.588120 6.111365
v -1.048919 152.818619 6.447381
v -0.963528 152.688263 6.213438
v -0.743337 152.669357 6.298889
v -0.787943 152.841080 6.546097
v -1.742037 153.138062 6.311560
v -1.626318 152.926376 6.280881
v -1.396887 153.024918 6.429552
v -1.496047 153.261581 6.472441
v -2.488087 153.311096 5.789254
v -2.341557 153.083893 5.875805
v -2.112710 153.247574 6.079542
v -2.256695 153.518555 5.984102
v -2.243042 154.291168 5.793678
v -2.096373 154.033539 5.990446
v -1.817188 154.334732 6.076187
v -1.983522 154.574936 5.822028
v -0.331993 156.018967 7.455869
v -0.122522 155.886871 7.208472
v -0.293077 155.607056 7.332790
v -0.471644 155.670685 7.561015
v -0.397026 155.910873 6.772195
v -0.275484 156.232086 6.643637
v -0.472293 156.122116 6.382886
v -0.608489 155.830063 6.559271
v -1.602390 155.114014 5.984343
v -1.382097 155.103516 6.134214
v -1.485224 155.246216 6.272599
v -1.692969 155.247070 6.175995
v -1.953347 155.172592 5.366632
v -1.856661 154.985123 5.576645
v -1.661774 155.130753 5.614478
v -1.767568 155.323502 5.440179
v -1.181383 155.253372 6.228848
v -1.062744 155.466461 6.215848
v -1.196585 155.519974 6.257786
v -1.305541 155.348083 6.303621
v -0.727502 155.732925 6.336625
v -0.598690 155.987167 6.115212
v -0.738250 155.772461 5.871229
v -0.822788 155.587326 6.109436
v -0.716869 155.688354 7.514461
v -0.914323 155.729019 7.333810
v -0.879508 155.864487 7.208936
v -0.657620 155.951843 7.402219
v -1.500836 155.767471 6.958196
v -1.367227 155.672485 6.929170
v -1.206716 155.760925 7.198716
v -1.324434 155.878235 7.256252
v -1.926670 155.947083 6.532543
v -2.002122 155.752228 6.198481
v -1.898064 155.538101 6.330531
v -1.817234 155.733505 6.646756
v -1.903313 155.909897 5.384970
v -1.912495 155.681000 5.503675
v -1.987666 155.842957 5.721820
v -1.891622 156.117249 5.552118
v -2.045201 155.394699 5.203955
v -1.866886 155.555283 5.317824
v -1.915833 155.783295 5.262185
v -2.054329 155.659576 5.136554
v -2.355822 155.408081 5.030162
v -2.663157 155.052063 4.984937
v -2.582051 154.869095 5.141994
v -2.308738 155.167831 5.163464
v -3.632944 154.718124 4.479184
v -3.378942 154.516388 4.692562
v -3.090954 154.883560 4.809851
v -3.309638 155.099564 4.624501
v -1.061994 163.525177 5.958892
v -0.377994 163.481827 5.967881
v -0.404250 164.188736 5.914067
v -1.139890 164.196915 5.886156
v -2.228719 162.354492 6.358315
v -1.536533 162.401566 6.448974
v -1.663482 162.974350 6.176433
v -2.366046 162.927307 6.090618
v -3.131643 161.259018 5.932006
v -2.545026 161.274719 6.280981
v -2.707283 161.732681 6.231059
v -3.295052 161.643341 5.849450
v -4.126709 160.660583 5.280077
v -3.984047 160.397598 5.236568
v -3.437663 160.460709 5.479659
v -3.557678 160.795288 5.575144
v -1.767455 159.426331 4.309494
v -1.768131 159.431274 4.251816
v -1.689609 159.372253 4.262621
v -1.686339 159.365570 4.295651
v -2.029699 159.854614 4.403552
v -2.095548 159.685837 4.407817
v -1.885632 159.557983 4.367383
v -1.766340 159.690872 4.380834
v -2.796086 160.197067 4.765142
v -2.791097 160.245819 4.706155
v -2.347421 160.167145 4.527582
v -2.345790 160.177887 4.654343
v -3.846857 160.203918 5.101462
v -3.744915 160.077560 4.954254
v -3.267809 160.142075 5.018500
v -3.324547 160.246796 5.256019
v -2.362123 158.976425 4.411063
v -2.381040 159.062393 4.376398
v -2.718884 158.981277 4.418952
v -2.716872 158.890259 4.437005
v -1.884702 159.271683 4.314917
v -1.933017 159.246017 4.135242
v -2.100533 159.212036 4.077767
v -2.116386 159.208389 4.284575
v -1.732518 159.322067 4.239725
v -1.868399 159.297424 4.188256
v -1.983194 159.238434 4.087482
v -1.860651 159.268433 4.164047
v -4.343649 156.811020 3.868615
v -3.784221 157.115936 4.083311
v -4.227066 157.465210 3.964116
v -4.856303 157.151077 3.642049
v -3.058418 158.138687 4.392348
v -3.114079 158.333832 4.427057
v -3.668617 158.278320 4.280535
v -3.715514 158.027313 4.238289
v -4.841160 155.811600 3.438328
v -4.508576 155.513977 3.675232
v -4.131333 155.887375 3.963014
v -4.408654 156.175827 3.737071
v -4.692583 154.423996 3.241110
v -4.403764 154.166290 3.585658
v -4.211815 154.578430 3.915938
v -4.498921 154.840179 3.602738
v -3.113252 158.505508 4.426884
v -3.116011 158.659500 4.423085
v -3.578906 158.612228 4.331468
v -3.611861 158.464081 4.312707
v -0.473127 153.033493 5.432659
v -0.616060 153.674789 5.370121
v -0.275203 153.740219 5.432439
v -0.224626 153.052887 5.473125
v -0.880620 152.641663 5.924041
v -0.857845 152.672226 5.588364
v -0.650026 152.671539 5.651061
v -0.661133 152.610565 6.006615
v -1.508967 152.718048 6.213287
v -1.377563 152.612701 6.014563
v -1.204653 152.652985 6.100842
v -1.283280 152.774887 6.315970
v -1.975254 153.003952 6.130148
v -2.190616 152.882889 5.919855
v -2.053963 152.724533 5.911416
v -1.847393 152.813904 6.118965
v -2.826473 152.898499 5.396644
v -2.655668 152.740845 5.457902
v -2.522892 152.909744 5.667295
v -2.669491 153.099045 5.598026
v -2.741295 153.744202 5.525891
v -2.610317 153.537262 5.675455
v -2.373316 153.776352 5.859759
v -2.499146 154.007416 5.682986
v -2.489802 154.688171 5.334435
v -2.375136 154.495743 5.553565
v -2.113590 154.767090 5.570124
v -2.223314 154.964493 5.346484
v -0.312952 156.314606 7.317961
v -0.387654 156.468155 7.174187
v -0.236359 156.395920 6.963907
v -0.160382 156.175659 7.092246
v -0.419752 156.576935 6.631261
v -0.804673 156.515427 6.731284
v -0.919584 156.551804 6.452020
v -0.425435 156.572906 6.287565
v -1.726415 155.413132 6.418495
v -1.530004 155.393494 6.451017
v -1.486689 155.543594 6.676886
v -1.652589 155.605225 6.682902
v -1.770588 155.228790 5.809801
v -1.873416 155.356140 6.040885
v -1.986023 155.561234 5.888894
v -1.874852 155.428604 5.642793
v -1.365549 155.453186 6.443160
v -1.257885 155.598846 6.396483
v -1.277728 155.683685 6.576757
v -1.343736 155.553741 6.643321
v -1.021076 155.581207 6.051191
v -1.024161 155.696579 5.698331
v -1.256557 155.840530 5.895350
v -1.198970 155.677429 6.111029
v -1.253848 156.229095 5.775216
v -0.798347 156.049820 5.494452
v -0.576006 156.428558 5.716390
v -1.010380 156.577927 6.047753
v -0.864276 156.062759 7.096719
v -0.805669 156.284271 6.999363
v -0.599772 156.390839 7.152006
v -0.625185 156.198074 7.266322
v -1.248351 155.654480 6.868792
v -1.194858 155.771866 6.789045
v -1.066240 155.837158 7.012704
v -1.107594 155.731720 7.105656
v -3.199787 154.349869 4.840413
v -3.095928 154.217361 4.990803
v -2.824918 154.534607 5.081651
v -2.926005 154.693176 4.934083
v -4.097604 153.935303 3.954206
v -3.854776 153.749069 4.289289
v -3.635867 154.137482 4.518382
v -3.888630 154.326599 4.249321
v -1.229608 164.985031 5.782401
v -0.436262 165.000504 5.830424
v -0.466818 165.924057 5.615538
v -1.315856 165.880356 5.526573
v -2.490690 163.463623 5.749669
v -1.766266 163.525635 5.876688
v -1.894193 164.178314 5.765486
v -2.644674 164.091293 5.555944
v -3.480115 162.092911 5.728402
v -2.884705 162.248154 6.108232
v -3.044709 162.802200 5.870287
v -3.641568 162.608383 5.497677
v -4.461500 161.279251 5.106471
v -4.287917 160.959824 5.232403
v -3.709312 161.154892 5.557441
v -3.887059 161.492432 5.474447
v -4.923380 160.311630 4.512776
v -4.760021 160.166122 4.528373
v -4.433898 160.287704 4.906063
v -4.594992 160.487305 4.916250
v -1.790390 159.453812 4.194489
v -1.859125 159.450516 4.169376
v -1.816010 159.391251 4.240238
v -1.706780 159.382965 4.242955
v -2.138039 159.607620 4.319770
v -2.170335 159.572647 4.219637
v -1.934117 159.493591 4.239635
v -1.937829 159.503265 4.324362
v -2.361757 160.019241 4.506955
v -2.772964 160.129471 4.675676
v -2.732805 159.927094 4.658901
v -2.378900 159.829575 4.497855
v -3.680141 160.004608 4.833349
v -3.662854 160.053513 4.773875
v -3.238196 160.154221 4.790792
v -3.250748 160.082962 4.851510
v -4.608633 160.025208 4.500963
v -4.467852 159.901810 4.450417
v -4.157419 159.998489 4.741360
v -4.283191 160.126617 4.831424
v -3.112938 158.775879 4.418753
v -3.101581 158.874084 4.428846
v -3.517171 158.830963 4.370294
v -3.542683 158.724670 4.343472
v -2.390723 159.138367 4.310214
v -2.351905 159.202835 4.151346
v -2.651894 159.142731 4.272068
v -2.703847 159.055893 4.360232
v -2.018386 159.223785 4.052500
v -2.069256 159.217361 4.025517
v -2.245151 159.209808 4.028462
v -2.158729 159.220184 4.033159
v -1.999270 159.287766 4.102574
v -2.037754 159.306229 4.039040
v -2.093113 159.235016 4.027847
v -2.048277 159.232101 4.033609
v -5.358244 157.509232 3.239046
v -4.767257 157.800308 3.607865
v -5.204432 158.106857 3.138202
v -5.740166 157.881653 2.791619
v -5.292740 156.102066 3.150538
v -4.821686 156.480759 3.516180
v -5.384439 156.800842 3.205332
v -5.812553 156.452438 2.760360
v -4.356166 158.097092 3.871309
v -4.170096 158.337723 3.982460
v -4.574478 158.512863 3.627662
v -4.828467 158.326584 3.456655
v -5.419538 154.991028 2.679146
v -5.034205 154.696014 2.960109
v -4.816614 155.113174 3.345026
v -5.182467 155.409271 3.074084
v -4.978148 153.472595 2.525819
v -4.651311 153.239395 2.918049
v -4.547678 153.724579 3.258221
v -4.849779 153.974838 2.883266
v -4.065691 158.526947 4.055190
v -4.011322 158.667465 4.117315
v -4.377834 158.799286 3.870154
v -4.441480 158.676117 3.762340
v -0.815373 147.466599 3.624042
v -0.382280 147.453751 3.681075
v -0.413188 147.617859 4.314165
v -0.881132 147.598633 4.253209
v -0.912643 147.786743 4.756711
v -0.419725 147.800125 4.813489
v -0.410273 148.104156 5.218410
v -0.914025 148.089279 5.190914
v -1.181128 155.509659 2.465257
v -1.570124 155.622406 0.652431
v -0.607477 155.603760 0.187432
v -0.463168 155.539307 2.143538
v -0.872097 154.631241 5.113207
v -1.033476 155.329865 4.059168
v -0.403496 155.350876 3.875223
v -0.366510 154.815033 5.185586
v -0.931117 152.964645 5.303592
v -1.154353 153.458328 5.176911
v -0.906355 153.568222 5.287922
v -0.709626 153.003128 5.376592
v -1.303666 152.591995 5.744974
v -1.265453 152.644989 5.429390
v -1.065912 152.664871 5.509542
v -1.110852 152.627243 5.825711
v -1.924183 152.568970 5.870183
v -1.765033 152.449310 5.730177
v -1.581832 152.525879 5.887515
v -1.726365 152.638184 6.060939
v -2.504135 152.622040 5.495214
v -2.378346 152.524033 5.500073
v -2.247483 152.624100 5.706680
v -2.375228 152.756546 5.704800
v -2.973215 152.714188 5.205800
v -3.093782 152.552460 5.014656
v -2.871989 152.467880 5.078874
v -2.767921 152.589249 5.264298
v -2.964351 153.493439 5.344449
v -3.169792 153.232056 5.174932
v -3.003119 153.075470 5.304082
v -2.814318 153.307617 5.489926
v -2.744829 154.383713 5.276150
v -3.003260 154.083191 5.162322
v -2.875606 153.923416 5.337932
v -2.643044 154.213135 5.488170
v -0.523097 156.501968 7.059841
v -0.673271 156.496185 6.933415
v -0.422528 156.551453 6.894026
v -1.207904 155.981293 6.710057
v -1.154770 156.223450 6.603662
v -1.001952 156.228088 6.809314
v -1.062667 156.032349 6.921106
v -1.280850 155.795700 6.281340
v -1.292361 156.017792 6.140015
v -1.251994 156.150497 6.364333
v -1.281353 155.897873 6.484173
v -3.662871 153.612564 4.545842
v -3.544590 153.526154 4.712162
v -3.340395 153.883255 4.857632
v -3.446803 153.989639 4.708333
v -4.398894 153.042557 3.328898
v -4.166981 152.887817 3.746569
v -4.038435 153.333984 4.036098
v -4.270445 153.514053 3.640632
v -1.382115 166.825592 5.078957
v -0.483677 166.910629 5.193455
v -0.499196 167.888092 4.547460
v -1.447878 167.770584 4.455575
v -2.808643 164.818604 5.380873
v -2.029091 164.940765 5.643684
v -2.160171 165.772797 5.349386
v -2.974912 165.596771 5.064183
v -3.784403 163.138336 5.175478
v -3.180302 163.335709 5.527259
v -3.327183 163.933273 5.235476
v -3.937434 163.717545 4.849901
v -4.597444 161.663071 4.905114
v -4.041559 161.895950 5.309573
v -4.185854 162.378799 5.071543
v -4.684400 162.104431 4.603921
v -5.320506 160.708511 4.271537
v -5.113462 160.480209 4.432350
v -4.777735 160.718216 4.849481
v -4.960044 161.014282 4.693619
v -5.230418 159.911148 3.707928
v -5.088605 159.831558 3.811600
v -4.972420 160.028610 4.154043
v -5.119225 160.139038 4.101556
v -1.939477 159.391129 4.154739
v -1.916232 159.456009 4.122697
v -1.980491 159.472366 4.081004
v -2.006037 159.398926 4.072460
v -2.178105 159.566498 4.112350
v -2.155611 159.593719 4.096941
v -1.939397 159.505722 4.092118
v -1.908547 159.491425 4.125618
v -2.369526 159.725098 4.380106
v -2.700516 159.844559 4.534049
v -2.637364 159.790726 4.395793
v -2.342166 159.654800 4.253490
v -3.653475 159.987061 4.775914
v -3.619758 159.877884 4.743474
v -3.152690 159.932648 4.777120
v -3.198959 160.084854 4.802945
v -4.370070 159.856155 4.382625
v -4.347065 159.910034 4.319741
v -4.047977 159.975601 4.573998
v -4.068119 159.933899 4.638888
v -4.949051 159.753036 3.884271
v -4.809975 159.723663 3.916908
v -4.689095 159.801743 4.163640
v -4.833753 159.896744 4.177966
v -3.966442 158.776917 4.154682
v -3.940197 158.884888 4.202444
v -4.260135 159.009506 3.993565
v -4.319951 158.901367 3.932799
v -3.081404 158.963287 4.389700
v -3.046107 159.034210 4.322772
v -3.470050 158.983322 4.276551
v -3.492819 158.915497 4.340619
v -2.343595 159.214798 4.077558
v -2.358834 159.184601 4.070132
v -2.581879 159.107635 4.171333
v -2.623495 159.142120 4.208797
v -2.234319 159.210785 4.025090
v -2.305667 159.203171 4.031478
v -2.290854 159.206772 4.032501
v -2.138493 159.209671 4.022371
v -2.103680 159.304138 4.049665
v -2.218301 159.297638 4.031718
v -2.274033 159.237167 4.026372
v -2.212594 159.231903 4.028172
v -5.914371 158.266937 2.392629
v -5.478885 158.433487 2.760011
v -5.630709 158.784378 2.504791
v -5.990838 158.686615 2.145519
v -6.188367 156.910614 2.317395
v -5.855877 157.201431 2.799849
v -6.128508 157.650177 2.366067
v -6.415941 157.429276 1.892814
v -6.198477 155.769669 1.839378
v -5.822073 155.344193 2.303772
v -5.637464 155.728683 2.747672
v -6.072151 156.128769 2.297266
v -5.118541 158.601501 3.087074
v -4.834054 158.740524 3.282706
v -5.032597 158.994370 3.041582
v -5.304666 158.891586 2.825957
v -5.593691 154.087875 1.771529
v -5.305815 153.754013 2.148812
v -5.202070 154.245605 2.555887
v -5.551864 154.555679 2.227614
v -5.219345 152.339096 1.774660
v -4.912967 152.050034 2.239063
v -4.768659 152.688141 2.589845
v -5.096302 152.918564 2.165393
v -4.679057 158.877060 3.449260
v -4.625922 158.987000 3.593115
v -4.742085 159.192078 3.339051
v -4.848634 159.097702 3.210502
v -0.666555 147.162674 2.327967
v -0.287849 147.144745 2.369153
v -0.341766 147.307129 2.999182
v -0.749700 147.303040 2.960353
v -1.681084 147.557709 3.412051
v -1.252498 147.511124 3.529458
v -1.347266 147.611572 4.156573
v -1.798643 147.683533 4.034771
v -0.895422 148.518448 5.517935
v -0.401370 148.518494 5.511754
v -0.377356 149.001923 5.654038
v -0.847119 149.019104 5.682197
v -1.869178 147.851654 4.537710
v -1.399432 147.805069 4.657334
v -1.416023 148.106155 5.104195
v -1.880487 148.193527 4.944488
v -2.362113 155.027084 -1.720510
v -2.398408 153.045242 -3.443573
v -0.950468 153.255463 -3.975966
v -0.885810 155.130249 -2.156877
v -2.291000 154.974106 3.825744
v -2.764778 154.785721 3.088650
v -2.514883 155.409378 1.855696
v -1.824053 155.381165 3.098132
v -1.517397 154.075684 4.929407
v -1.910204 154.670288 4.452642
v -1.616653 155.177673 4.374146
v -1.243009 154.345779 5.032496
v -1.357262 152.850403 5.124151
v -1.692362 153.271194 4.941259
v -1.424200 153.360062 5.072594
v -1.147476 152.909882 5.216877
v -1.664687 152.492767 5.495474
v -1.628788 152.552841 5.199155
v -1.454874 152.597275 5.323657
v -1.486601 152.545090 5.635755
v -2.104428 152.471771 5.678563
v -2.249154 152.417786 5.473587
v -2.093333 152.333359 5.377975
v -1.946906 152.382462 5.555565
v -2.664845 152.404343 5.108493
v -2.534170 152.362091 5.110574
v -2.468213 152.429947 5.300901
v -2.591376 152.494400 5.296058
v -3.217275 152.219040 4.698709
v -3.030520 152.236099 4.761472
v -2.965765 152.353104 4.907015
v -3.182925 152.388947 4.842185
v -3.484426 152.691406 4.809488
v -3.301721 152.633652 4.922392
v -3.171725 152.851242 5.108916
v -3.347190 152.964005 4.989700
v -3.451054 153.449112 4.867937
v -3.326199 153.352539 5.027649
v -3.114985 153.646896 5.180425
v -3.240295 153.775085 5.014854
v -3.986204 152.791382 4.095116
v -3.838589 152.756546 4.319092
v -3.704180 153.147629 4.522085
v -3.847034 153.212341 4.338138
v -4.615508 151.912674 2.787877
v -4.400213 151.940002 3.348819
v -4.307243 152.428650 3.515289
v -4.519565 152.522690 3.035335
v -1.517665 168.601028 3.519573
v -0.526379 168.742264 3.571603
v -0.570446 169.409256 2.285069
v -1.611478 169.255661 2.277639
v -3.103042 166.408951 4.546105
v -2.254104 166.650513 4.867870
v -2.348859 167.544678 4.261520
v -3.233449 167.241455 3.900188
v -4.127536 164.357971 4.525090
v -3.518807 164.622849 5.000427
v -3.734689 165.373032 4.665651
v -4.372829 165.045013 4.139505
v -4.806820 162.580902 4.267261
v -4.328946 162.896942 4.763724
v -4.500786 163.452469 4.425124
v -5.024475 163.110870 3.927992
v -5.498668 161.403915 3.633183
v -5.466104 161.023468 4.011661
v -5.088628 161.375381 4.459794
v -5.130726 161.773026 4.117578
v -5.597014 160.126770 3.401235
v -5.389383 159.999252 3.576901
v -5.292284 160.255066 4.003458
v -5.496022 160.418030 3.831864
v -5.228672 159.486450 3.196098
v -5.061382 159.538589 3.339594
v -5.109613 159.636566 3.536407
v -5.270219 159.639465 3.388989
v -2.065003 159.489868 4.076692
v -2.136398 159.510895 4.037560
v -2.156960 159.408249 4.040633
v -2.073542 159.396820 4.072584
v -2.136058 159.602615 4.086358
v -2.136343 159.598129 4.076955
v -2.035110 159.549377 4.079279
v -1.987074 159.529602 4.082865
v -2.615348 159.782898 4.337300
v -2.541915 159.829910 4.290945
v -2.279361 159.654831 4.145139
v -2.314347 159.638306 4.171904
v -3.127803 159.891647 4.664837
v -3.583150 159.864227 4.648257
v -3.537895 159.885010 4.534284
v -3.090502 159.896973 4.550162
v -4.341715 159.837967 4.300156
v -4.299373 159.736557 4.265064
v -4.014011 159.797638 4.513036
v -4.050146 159.912323 4.555921
v -4.749376 159.720688 3.898358
v -4.738471 159.746780 3.818087
v -4.580097 159.830536 4.063885
v -4.601369 159.778259 4.129301
v -4.949144 159.601196 3.486520
v -4.851765 159.667938 3.631228
v -4.856134 159.679642 3.756898
v -4.975461 159.648361 3.658317
v -4.561547 159.076828 3.677297
v -4.488267 159.178528 3.765190
v -4.633317 159.365646 3.525139
v -4.688046 159.269196 3.447746
v -3.897818 158.967102 4.180570
v -3.865361 159.022736 4.141475
v -4.154920 159.140564 3.963425
v -4.197235 159.092575 3.991493
v -3.019413 159.017273 4.285408
v -2.947304 158.935455 4.231197
v -3.390116 158.785889 4.147964
v -3.451561 158.944824 4.241718
v -2.495502 159.102371 4.116602
v -2.361187 159.169373 4.057959
v -2.358707 159.165375 4.045949
v -2.430367 159.112656 4.077763
v -2.317011 159.192444 4.027109
v -2.288975 159.217926 4.028318
v -2.297203 159.205231 4.014668
v -2.323883 159.165359 4.012686
v -2.258708 159.229126 3.996435
v -2.225012 159.300568 4.002705
v -2.143061 159.317261 3.916031
v -2.181458 159.225189 3.908820
v -6.025121 159.102203 2.053184
v -5.725449 159.132645 2.393184
v -5.829180 159.424194 2.446100
v -6.075550 159.475342 2.092427
v -6.519732 157.983322 1.526224
v -6.253199 158.123322 2.006179
v -6.296226 158.607132 1.753366
v -6.533872 158.540344 1.263973
v -6.499520 156.270889 1.290560
v -6.419247 156.613724 1.818301
v -6.621933 157.193314 1.338510
v -6.717963 156.895844 0.687796
v -6.108599 154.877808 0.919784
v -5.869459 154.460571 1.368218
v -5.875339 154.926712 1.831495
v -6.182817 155.356018 1.375247
v -5.450861 159.172363 2.701592
v -5.200241 159.235611 2.923212
v -5.356918 159.378021 2.947798
v -5.599649 159.381317 2.729589
v -5.707692 153.025238 0.904572
v -5.485963 152.669464 1.332364
v -5.385076 153.227341 1.737684
v -5.630223 153.578796 1.331496
v -5.516545 151.103348 0.732027
v -5.260114 150.723175 1.090431
v -5.078413 151.345047 1.697523
v -5.348371 151.721924 1.278411
v -5.000484 159.315231 3.083303
v -4.857279 159.381027 3.231956
v -4.989478 159.479111 3.251376
v -5.143583 159.431641 3.101403
v -0.552712 146.898529 1.440800
v -0.185486 146.896545 1.496521
v -0.229531 147.168564 1.809031
v -0.584538 147.158997 1.765041
v -1.438575 147.204895 2.144552
v -1.051494 147.183273 2.251247
v -1.156384 147.328293 2.880498
v -1.561256 147.368530 2.770121
v -2.460576 147.862473 3.093017
v -2.090117 147.666779 3.266758
v -2.231960 147.812042 3.892647
v -2.636990 148.005478 3.717237
v -0.786365 149.498734 5.707945
v -0.360065 149.487381 5.666701
v -0.338406 149.979645 5.688957
v -0.728977 149.964218 5.653021
v -1.832606 148.623520 5.242702
v -1.394226 148.535507 5.442577
v -1.304613 149.041061 5.590893
v -1.720859 149.095352 5.397115
v -2.704661 148.233505 4.201756
v -2.312188 148.010208 4.394655
v -2.309421 148.317123 4.766152
v -2.693318 148.509201 4.546134
v -2.009011 151.315842 -3.759855
v -1.751711 150.086395 -3.572155
v -0.856662 149.914719 -4.129775
v -0.893502 151.343430 -4.333147
v -3.460523 152.889496 -0.428310
v -3.401207 152.122971 -1.635159
v -3.178878 152.523956 -2.376592
v -3.423048 153.736206 -0.886817
v -3.119814 153.567230 2.279029
v -3.341454 153.395996 0.992794
v -3.299427 154.379395 1.057873
v -3.045240 154.169312 2.515673
v -2.075035 153.724136 4.564933
v -2.466599 154.200333 3.954777
v -2.150311 154.409210 4.314141
v -1.791196 153.888901 4.781359
v -1.727727 152.721512 4.886060
v -2.057636 153.017319 4.598391
v -1.904752 153.157700 4.771420
v -1.553238 152.791183 5.004982
v -1.989022 152.380432 5.183135
v -1.921373 152.443176 4.932806
v -1.788291 152.497025 5.072713
v -1.838233 152.433929 5.342360
v -2.439019 152.315887 5.096818
v -2.346931 152.287338 5.043518
v -2.232645 152.302658 5.203077
v -2.358421 152.356491 5.282214
v -2.738834 152.313416 4.935898
v -2.815367 152.242035 4.800121
v -2.649623 152.250381 4.828218
v -2.595394 152.290192 4.938911
v -3.116551 151.860245 4.682328
v -2.936015 151.991882 4.763050
v -3.013625 152.101227 4.712389
v -3.187710 152.030228 4.648619
v -3.551027 152.146820 4.532494
v -3.391926 152.184723 4.628600
v -3.380282 152.410492 4.757749
v -3.546218 152.417999 4.644916
v -3.734830 152.741791 4.489846
v -3.624453 152.726273 4.658144
v -3.495043 153.043488 4.845334
v -3.615760 153.101364 4.687737
v -4.199961 151.982773 3.761209
v -4.030106 152.025986 4.039510
v -3.943243 152.381485 4.153207
v -4.102920 152.381912 3.891730
v -4.412799 150.690430 2.707356
v -4.280372 150.959976 3.191892
v -4.402918 151.428345 3.209250
v -4.559420 151.240753 2.642365
v -1.720601 169.747910 0.795749
v -0.616798 169.921326 0.778511
v -0.650587 170.306351 -0.887992
v -1.848487 170.127045 -0.872060
v -3.344957 167.972397 3.057979
v -2.447414 168.322937 3.363512
v -2.586652 168.945312 2.190147
v -3.538207 168.552505 1.961777
v -4.572473 165.721039 3.555284
v -3.896099 166.113144 4.094527
v -4.053740 166.845016 3.408115
v -4.759676 166.371628 2.857215
v -5.194335 163.669449 3.470274
v -4.711190 164.050659 4.046218
v -4.933515 164.653366 3.559746
v -5.389293 164.198868 2.916700
v -5.528787 161.788544 3.187630
v -5.198047 162.199081 3.722988
v -5.363038 162.672928 3.317155
v -5.623144 162.200729 2.719094
v -5.940032 160.633682 2.735578
v -5.811322 160.341629 3.129066
v -5.686282 160.680450 3.557118
v -5.750406 161.023285 3.154027
v -5.671567 159.569366 2.822529
v -5.436833 159.497604 3.030110
v -5.446262 159.708740 3.223338
v -5.672672 159.810455 3.025165
v -2.160871 159.418869 4.000747
v -2.117313 159.524918 3.981127
v -2.065454 159.554214 3.898490
v -2.095602 159.439545 3.910284
v -2.144571 159.601898 4.061865
v -2.143049 159.634064 4.032630
v -2.132615 159.578827 4.030090
v -2.106742 159.562164 4.065556
v -2.380423 159.802567 4.197441
v -2.269195 159.729630 4.131442
v -2.207735 159.650146 4.102833
v -2.236606 159.658279 4.121458
v -3.051822 159.910706 4.476727
v -3.503543 159.922577 4.477820
v -3.431742 160.185135 4.399939
v -2.968337 160.050583 4.420201
v -4.181617 159.720612 4.082811
v -3.922921 159.804779 4.301041
v -3.969210 159.781021 4.417312
v -4.240452 159.703720 4.183195
v -4.675449 159.590363 3.722955
v -4.525127 159.665878 3.990447
v -4.570770 159.763672 4.034660
v -4.726441 159.677109 3.771763
v -4.779472 159.444031 3.368439
v -4.733136 159.519989 3.495802
v -4.816148 159.600845 3.552326
v -4.885633 159.538757 3.396320
v -4.594397 159.436951 3.542162
v -4.412585 159.247543 3.781117
v -4.365560 159.290573 3.760529
v -4.532271 159.456146 3.543357
v -4.139601 159.102615 3.893078
v -3.850453 158.979858 4.088450
v -3.843155 158.815552 3.976655
v -4.166853 158.986832 3.747065
v -2.887391 158.814102 4.129160
v -2.889804 158.621948 3.947669
v -3.193452 158.594559 3.969589
v -2.415074 159.100906 4.058923
v -2.363261 159.151260 4.036371
v -2.369306 159.114777 4.021816
v -2.418436 159.055649 4.040363
v -2.483722 159.054047 4.086994
v -2.486642 158.985794 4.050651
v -2.614657 158.825882 4.021736
v -2.608566 158.986282 4.124334
v -2.306640 159.122833 3.965529
v -2.274580 159.179916 3.975271
v -2.196391 159.162430 3.885196
v -2.203492 159.070496 3.838202
v -2.131043 159.213821 3.832071
v -2.071083 159.337051 3.810930
v -1.991809 159.354889 3.692087
v -2.088542 159.158279 3.734535
v -6.093414 159.832947 2.195910
v -5.909678 159.683456 2.566822
v -5.913699 159.985840 2.770785
v -6.071774 160.219528 2.395621
v -6.488319 159.092087 1.109900
v -6.287517 159.093460 1.618710
v -6.264561 159.553787 1.612763
v -6.417912 159.626678 1.061453
v -6.906178 157.687195 0.213340
v -6.734907 157.834961 0.940455
v -6.738873 158.483047 0.683801
v -6.938260 158.461273 0.015715
v -6.645854 156.395172 0.102209
v -6.521751 155.747986 -0.269073
v -6.310183 155.318527 0.375504
v -6.409760 155.849380 0.804187
v -6.094266 154.340759 0.498408
v -6.160188 153.765350 0.091868
v -5.930127 153.389328 0.500141
v -5.875350 153.948822 0.936721
v -5.812001 152.436905 0.459258
v -5.990634 151.826447 -0.009521
v -5.751912 151.464233 0.357986
v -5.601213 152.079102 0.867156
v -4.817846 150.834290 2.019108
v -5.021878 150.295029 1.405550
v -4.768936 149.856888 1.649936
v -4.628469 150.306015 2.223107
v -5.564542 150.535370 0.120944
v -5.423489 150.095413 -0.533135
v -5.126388 149.762878 -0.228292
v -5.269260 150.187210 0.436107
v -0.636939 145.559357 1.022711
v -0.198280 145.561478 1.136019
v -0.178790 146.335144 1.386328
v -0.585645 146.335922 1.312925
v -1.244007 146.920837 1.178586
v -0.910060 146.904678 1.344589
v -0.936908 147.182388 1.678929
v -1.291661 147.196304 1.556181
v -2.202591 147.410767 1.852992
v -1.825075 147.281464 2.010464
v -1.957873 147.469055 2.635663
v -2.340809 147.615250 2.473638
v -3.140048 148.331268 2.696272
v -2.818215 148.072159 2.903210
v -2.987017 148.255478 3.495116
v -3.284598 148.536270 3.244949
v -0.684580 150.419479 5.642310
v -0.321954 150.450882 5.678729
v -0.312980 150.764114 5.819123
v -0.658055 150.744720 5.788682
v -1.579994 149.528030 5.436967
v -1.213056 149.513382 5.633513
v -1.106165 149.944000 5.574313
v -1.437380 149.912277 5.402262
v -2.582061 148.888840 4.779206
v -2.227991 148.731689 5.011003
v -2.073601 149.169922 5.139160
v -2.404153 149.288025 4.910213
v -3.346122 148.750076 3.652549
v -3.050637 148.475830 3.943546
v -3.012168 148.747482 4.260982
v -3.305500 149.018036 3.959875
v -1.707427 149.217270 -3.079448
v -1.686594 148.587036 -2.208588
v -1.146137 147.739227 -2.677679
v -1.022411 148.710770 -3.762094
v -3.101148 151.351715 -2.123502
v -2.868155 150.604736 -2.016922
v -2.294462 150.348984 -2.798549
v -2.669377 151.299927 -2.882427
v -3.474826 151.633286 0.330718
v -3.462643 151.009979 -1.016685
v -3.436878 151.693054 -1.271482
v -3.456770 152.287842 -0.069673
v -2.948315 152.580460 2.425967
v -3.207309 152.176834 1.524227
v -3.279874 152.734039 1.173235
v -3.072811 153.024460 2.279149
v -2.431323 153.278229 4.099081
v -2.792908 153.503281 3.334520
v -2.693864 153.880280 3.576025
v -2.290745 153.518082 4.306347
v -1.955127 152.561050 4.614187
v -2.158170 152.719879 4.286644
v -2.145470 152.862213 4.436269
v -1.859074 152.641418 4.748816
v -2.116225 152.351273 5.034373
v -2.203359 152.339813 4.905940
v -2.060905 152.375854 4.689487
v -2.018182 152.405273 4.802145
v -2.525842 152.258728 4.855434
v -2.422986 152.283218 4.869819
v -2.396865 152.282471 4.930929
v -2.496912 152.277832 4.946910
v -2.787163 152.109238 4.813989
v -2.653707 152.191696 4.833374
v -2.675898 152.217239 4.809068
v -2.830398 152.165512 4.761662
v -2.893863 151.599579 4.921052
v -2.743062 151.837784 5.022127
v -2.843300 151.913528 4.878678
v -3.001800 151.723755 4.774950
v -3.451580 151.614594 4.449554
v -3.282748 151.733200 4.567569
v -3.351253 151.955200 4.554041
v -3.508296 151.881653 4.458644
v -3.867509 152.066589 4.247856
v -3.705741 152.106216 4.408656
v -3.690264 152.409958 4.509950
v -3.815789 152.392166 4.348157
v -4.143106 151.143570 3.615598
v -3.995715 151.272583 3.917254
v -4.057718 151.651840 3.960765
v -4.229087 151.554260 3.653282
v -4.264400 150.216324 2.845205
v -4.097464 149.785141 3.010054
v -3.955613 150.083145 3.338197
v -4.109293 150.514679 3.232667
v -1.921985 170.333359 -2.709300
v -0.654268 170.542068 -2.702645
v -0.641216 170.616776 -4.634744
v -1.927194 170.411148 -4.638288
v -3.730826 169.016464 0.603671
v -2.756061 169.442093 0.763920
v -3.008217 169.819550 -0.908785
v -4.013192 169.348389 -1.010674
v -4.935609 166.956757 2.056844
v -4.215004 167.518631 2.592296
v -4.403901 168.042038 1.568192
v -5.158368 167.406296 1.097131
v -5.618464 164.714783 2.286412
v -5.149264 165.256927 2.950306
v -5.358019 165.844727 2.260704
v -5.852721 165.203339 1.586912
v -5.816466 162.653946 2.222481
v -5.520627 163.187546 2.827754
v -5.731277 163.675995 2.268022
v -6.020945 163.093521 1.652705
v -6.110995 161.210297 1.742449
v -5.980483 160.919235 2.254920
v -5.772041 161.361572 2.689793
v -5.889226 161.718979 2.203446
v -1.948373 159.576477 3.692465
v -2.025119 159.490585 3.808350
v -2.017916 159.619354 3.828026
v -1.977868 159.769348 3.751973
v -2.050950 159.813431 3.859029
v -2.047844 159.652222 3.877069
v -2.099964 159.608978 3.967033
v -2.110671 159.705688 3.963473
v -2.237508 159.720215 4.116216
v -2.236565 159.781815 4.092409
v -2.183927 159.698730 4.066502
v -2.196244 159.653214 4.091236
v -2.518912 160.246979 4.177072
v -2.319705 159.906647 4.131341
v -2.328112 159.829544 4.155518
v -2.533429 160.054092 4.248488
v -2.822999 160.458755 4.201784
v -2.879477 160.258942 4.333346
v -3.186052 160.464264 4.259078
v -4.289178 160.012329 3.874492
v -3.938755 160.190170 4.156817
v -3.914580 159.859940 4.253990
v -4.189076 159.765930 4.028825
v -4.529206 159.566132 3.597598
v -4.391363 159.637756 3.844034
v -4.449934 159.631744 3.914907
v -4.584980 159.554794 3.650848
v -4.358211 159.259552 3.688007
v -4.394572 159.196350 3.555289
v -4.531490 159.410370 3.391008
v -4.506731 159.443451 3.510142
v -3.882961 158.540009 3.505003
v -3.941650 158.480545 2.928145
v -4.281288 158.749451 2.943132
v -4.243225 158.801086 3.389930
v -3.385556 158.375748 3.567053
v -2.864605 158.396271 3.559887
v -2.790891 158.320755 2.941919
v -3.414664 158.286758 2.920557
v -2.433367 158.964920 3.995109
v -2.349095 159.032425 3.965944
v -2.288201 158.909134 3.818674
v -2.481710 158.770187 3.869499
v -1.829507 159.395370 3.153853
v -1.934708 159.050797 3.198165
v -2.007125 159.083588 3.517864
v -1.890535 159.371582 3.483975
v -6.355503 160.144470 1.158990
v -6.230790 159.995682 1.707979
v -6.146951 160.457031 1.910540
v -6.258173 160.676498 1.379822
v -6.851080 159.148315 -0.086337
v -6.678248 159.101974 0.540143
v -6.599446 159.704697 0.494960
v -6.769405 159.802368 -0.097168
v -7.093217 157.854691 -1.583098
v -7.028720 157.700409 -0.700323
v -7.081532 158.505997 -0.748220
v -7.159822 158.608429 -1.550710
v -6.461855 155.110947 -0.594094
v -6.477838 154.495758 -0.909843
v -6.325317 154.139023 -0.378623
v -6.310852 154.727676 -0.004699
v -6.893333 157.128036 -1.648010
v -6.744602 156.410583 -1.754325
v -6.643736 156.132324 -1.001649
v -6.829556 156.864548 -0.787214
v -6.235341 153.172455 -0.340317
v -6.355507 152.574188 -0.779460
v -6.190441 152.196442 -0.386107
v -6.045657 152.803238 0.072238
v -6.060845 151.253433 -0.565844
v -5.953650 150.799713 -1.154673
v -5.701859 150.440491 -0.845137
v -5.812376 150.897537 -0.226145
v -4.466152 149.478012 1.866397
v -4.141371 149.151459 2.078143
v -4.181213 149.462357 2.611093
v -4.425607 149.856186 2.419879
v -4.840470 149.418671 0.052183
v -4.538307 149.092636 0.304187
v -4.675051 149.463486 0.976336
v -4.998061 149.810837 0.726649
v -5.209339 149.745056 -1.139463
v -5.016863 149.418671 -1.763981
v -4.749448 149.090775 -1.506733
v -4.949784 149.404800 -0.851836
v -0.711045 143.810760 -0.283561
v -0.248308 143.843964 -0.236144
v -0.215231 144.719833 0.506098
v -0.655996 144.714081 0.407322
v -1.367723 145.627136 0.551178
v -1.014583 145.596649 0.797904
v -0.962615 146.339615 1.157091
v -1.303607 146.350571 0.939851
v -1.905808 147.063339 0.781077
v -1.566982 146.973007 0.985449
v -1.646746 147.258270 1.418346
v -1.996392 147.361145 1.253812
v -2.903847 147.792343 1.466450
v -2.562863 147.581650 1.668265
v -2.698224 147.818695 2.285235
v -3.033033 148.049423 2.084065
v -3.787992 148.878784 2.283649
v -3.457287 148.601303 2.489438
v -3.569949 148.834137 3.003218
v -3.880593 149.129715 2.796313
v -0.643543 151.065659 5.972253
v -0.308803 151.086212 5.980933
v -0.312137 151.444824 6.174244
v -0.641502 151.428192 6.169538
v -1.343319 150.312698 5.457575
v -1.025318 150.361969 5.573396
v -0.991571 150.708923 5.744658
v -1.315614 150.666382 5.685845
v -2.209318 149.671387 4.979351
v -1.903238 149.575119 5.199974
v -1.759498 149.927811 5.235155
v -2.053985 150.014725 5.050752
v -3.185721 149.344940 4.219155
v -2.893383 149.095657 4.509179
v -2.698687 149.472168 4.669682
v -2.979943 149.688995 4.410550
v -3.867128 149.404175 3.182520
v -3.619102 149.058014 3.394925
v -3.565346 149.331360 3.705903
v -3.783331 149.686508 3.501339
v -0.898192 149.190521 -0.964840
v -0.473623 149.046051 -1.023145
v -0.825666 148.003906 -1.402886
v -1.403209 148.472031 -1.247605
v -2.364627 149.504166 -1.100815
v -2.030359 149.157547 -1.730037
v -2.113594 149.646072 -2.392903
v -2.633027 149.953979 -1.606724
v -3.019649 150.077011 1.015542
v -2.738434 149.661758 -0.171521
v -3.434270 150.129013 -0.640352
v -3.491009 150.782928 0.714708
v -2.663563 152.179993 3.072020
v -2.785611 151.869507 2.818532
v -3.037056 151.872147 2.157843
v -2.813065 152.302017 2.726964
v -2.422592 152.810394 3.831899
v -2.700264 152.790115 3.223904
v -2.790784 153.122940 3.228717
v -2.470208 153.033615 3.944248
v -2.067910 152.428787 4.430588
v -2.168444 152.453278 4.141162
v -2.158261 152.580872 4.189550
v -2.023247 152.495071 4.505095
v -2.250689 152.337585 4.793528
v -2.097441 152.339722 4.566125
v -2.084337 152.356842 4.609446
v -2.235468 152.342758 4.839531
v -2.539093 152.246368 4.838564
v -2.519354 152.238464 4.858283
v -2.412512 152.286835 4.866869
v -2.428790 152.280411 4.845567
v -2.614500 152.026199 5.063302
v -2.502139 152.130722 5.078843
v -2.592262 152.165329 4.918821
v -2.713551 152.073990 4.911655
v -2.587591 151.345535 5.225044
v -2.467459 151.668350 5.342790
v -2.620214 151.754745 5.178288
v -2.749347 151.473053 5.064036
v -3.206884 151.141876 4.591120
v -3.052436 151.362900 4.768239
v -3.185151 151.541641 4.655136
v -3.339508 151.371796 4.494406
v -3.822516 151.387955 4.127211
v -3.631377 151.505386 4.306882
v -3.686764 151.805786 4.354203
v -3.880597 151.735138 4.179657
v -3.822042 150.340790 3.650319
v -3.696210 150.552444 3.948065
v -3.869434 150.907089 3.914577
v -3.995919 150.739441 3.607882
v -1.932988 170.250137 -6.608187
v -0.629605 170.401276 -6.610676
v -0.619892 169.805450 -8.527056
v -1.919534 169.666153 -8.502057
v -4.202172 169.484039 -2.757181
v -3.150513 169.982239 -2.727322
v -3.191348 170.017792 -4.631893
v -4.354961 169.461548 -4.620517
v -5.432374 167.722702 -0.061070
v -4.627369 168.452271 0.315229
v -4.931202 168.717163 -1.191884
v -5.720443 167.919220 -1.433809
v -6.086568 165.607849 0.830713
v -5.565675 166.332764 1.486615
v -5.816894 166.678513 0.578990
v -6.321921 165.896835 -0.009300
v -6.266356 163.471680 1.022491
v -5.967479 164.113464 1.630084
v -6.227340 164.520370 0.931889
v -6.534337 163.822952 0.330398
v -6.296719 161.502563 1.168898
v -6.068186 162.084747 1.677439
v -6.277331 162.446182 1.080805
v -6.478280 161.783600 0.576905
v -1.878161 160.118393 3.269516
v -1.800423 159.774445 3.185028
v -1.859544 159.679916 3.506787
v -1.921953 159.984970 3.579706
v -2.128706 160.071442 3.913475
v -2.157699 159.828064 3.997555
v -2.249317 159.918289 4.069283
v -2.330824 160.259506 4.032065
v -3.403210 160.823914 3.908407
v -3.444865 161.107422 3.157870
v -2.713233 161.036301 3.198758
v -2.776342 160.790298 3.867186
v -4.370770 160.319580 3.520979
v -4.363690 160.477234 3.082895
v -4.049196 160.811935 3.128476
v -4.014050 160.610291 3.768819
v -4.523105 159.566101 3.538032
v -4.556584 159.625839 3.411499
v -4.486212 159.809891 3.620875
v -4.399947 159.662949 3.772656
v -4.458978 159.093201 3.259455
v -4.470845 159.036697 2.884439
v -4.585243 159.409180 2.777252
v -4.572387 159.401672 3.151263
v -4.332586 158.955704 2.565420
v -4.003094 158.770279 2.303886
v -4.030638 159.398499 1.951378
v -4.414265 159.415558 2.351830
v -2.668956 158.629562 2.266443
v -2.569184 159.358398 1.842285
v -3.358853 159.357117 1.706111
v -3.380267 158.604126 2.152783
v -2.453060 158.580933 3.550255
v -2.187142 158.813065 3.543086
v -2.095525 158.790222 3.175470
v -2.340969 158.544724 3.061783
v -2.187490 158.807129 2.571651
v -1.971184 158.975433 2.892407
v -1.830647 159.392899 2.754489
v -2.050333 159.380356 2.291527
v -6.694641 160.452209 -0.000634
v -6.525779 160.286560 0.596329
v -6.428632 160.877716 0.822470
v -6.604342 161.111572 0.216518
v -7.118346 159.350800 -1.499287
v -6.997270 159.236969 -0.766584
v -6.922849 159.935272 -0.722104
v -7.053168 160.078583 -1.403314
v -7.324410 158.838364 -3.183487
v -7.138496 158.125076 -3.183527
v -7.116860 158.005463 -2.401200
v -7.221922 158.729782 -2.358568
v -6.516217 153.905640 -1.232804
v -6.619717 153.342041 -1.589014
v -6.504579 152.964096 -1.174305
v -6.397226 153.550262 -0.762234
v -6.664427 155.726837 -1.891603
v -6.704177 155.085892 -2.060400
v -6.591148 154.817612 -1.472334
v -6.569031 155.452560 -1.235766
v -6.935080 157.404373 -3.189875
v -6.877944 156.707581 -3.169523
v -6.750864 156.605316 -2.480059
v -6.918592 157.298904 -2.431573
v -6.431286 151.998535 -1.279069
v -6.360940 151.530930 -1.808255
v -6.179558 151.160187 -1.474299
v -6.267217 151.622543 -0.913931
v -5.728687 150.447159 -1.723489
v -5.562437 150.076233 -2.291788
v -5.286072 149.748886 -2.024651
v -5.478818 150.090668 -1.433086
v -4.332948 149.149033 1.202926
v -4.222072 148.781219 0.541663
v -3.906961 148.494049 0.785365
v -3.982339 148.865067 1.423249
v -4.679883 149.068787 -0.586987
v -4.457225 148.792725 -1.255728
v -4.165108 148.487045 -1.006721
v -4.390790 148.753052 -0.338013
v -5.186332 148.882431 -2.299547
v -5.572843 148.215302 -2.704013
v -5.277529 147.899048 -2.430414
v -4.877754 148.577194 -2.060540
v -0.999335 142.045868 -1.283921
v -0.410581 142.019363 -1.260150
v -0.334996 142.841751 -0.760738
v -0.861715 142.852936 -0.828213
v -1.648928 143.783218 -0.500083
v -1.180647 143.783310 -0.375463
v -1.076432 144.726593 0.249948
v -1.482636 144.737549 0.053801
v -2.121422 145.738754 0.023230
v -1.723691 145.664658 0.282921
v -1.624331 146.400909 0.691770
v -1.967525 146.493622 0.428004
v -2.590566 147.337265 0.303103
v -2.252262 147.193054 0.551217
v -2.346833 147.492569 1.061969
v -2.714155 147.631760 0.854465
v -3.579892 148.237930 1.024730
v -3.252337 147.997253 1.255709
v -3.352956 148.304840 1.871322
v -3.663594 148.578629 1.651216
v -0.650053 151.715714 6.431096
v -0.317067 151.711746 6.444123
v -0.311779 151.996735 6.486047
v -0.632447 152.006027 6.489282
v -1.291762 151.019348 5.927397
v -0.967503 151.039383 5.960433
v -0.950893 151.403198 6.182730
v -1.259760 151.413223 6.118677
v -1.963588 150.339203 5.205192
v -1.659628 150.293457 5.335196
v -1.626823 150.660110 5.579323
v -1.921666 150.700760 5.447125
v -2.771599 150.003082 4.555237
v -2.493309 149.820999 4.763596
v -2.348434 150.140747 4.887631
v -2.628426 150.305740 4.732701
v -3.645997 149.967712 3.781636
v -3.433942 149.635956 3.971111
v -3.247313 149.933853 4.194806
v -3.488780 150.223862 4.042737
v -0.333670 149.717209 1.126955
v -0.380247 149.291611 0.001530
v -0.743085 149.306824 0.068505
v -0.648410 149.763077 1.155336
v -1.373374 149.374054 -0.608845
v -1.162944 149.336075 -0.744724
v -1.454369 149.003662 -1.054843
v -1.873858 149.500427 -0.063228
v -1.627428 149.405731 -0.459452
v -1.818872 149.152954 -1.076891
v -2.050561 149.449371 -0.615668
v -2.114566 150.113525 1.460481
v -2.024357 149.703674 0.518343
v -2.278974 149.631195 0.196791
v -2.452794 150.037506 1.199786
v -2.789398 151.078217 2.818149
v -3.094577 150.606918 2.059332
v -3.124274 151.249847 1.884259
v -2.822662 151.473740 2.706505
v -2.334461 152.083801 3.778556
v -2.546122 151.960236 3.342634
v -2.488839 152.189148 3.427882
v -2.314451 152.268951 3.794621
v -2.317383 152.443375 3.800106
v -2.494397 152.360794 3.415247
v -2.584685 152.531631 3.300150
v -2.365583 152.615128 3.797236
v -2.090161 152.359802 4.382413
v -2.096668 152.291687 4.354476
v -2.183487 152.198029 4.088516
v -2.170904 152.325195 4.104208
v -2.237844 152.333923 4.789686
v -2.081090 152.336685 4.585352
v -2.097403 152.327164 4.559957
v -2.255082 152.330002 4.774070
v -2.385368 152.215942 5.064992
v -2.260418 152.333755 4.999497
v -2.352923 152.305618 4.924178
v -2.467810 152.230545 4.937634
v -2.338868 151.925369 5.398016
v -2.229454 152.084900 5.415443
v -2.372081 152.099915 5.231116
v -2.486006 151.975693 5.223288
v -2.157076 151.132935 5.552307
v -2.072447 151.507248 5.698544
v -2.290866 151.583954 5.523981
v -2.388377 151.230560 5.383193
v -2.806890 150.743134 4.833019
v -2.695138 151.029816 5.044092
v -2.895494 151.187759 4.906930
v -3.029999 150.928055 4.699457
v -3.537338 150.745331 4.196164
v -3.362509 150.940475 4.397823
v -3.520323 151.212204 4.336369
v -3.718026 151.051941 4.145859
v -1.873370 168.654221 -10.170304
v -0.592424 168.792740 -10.242620
v -0.562407 167.396164 -11.602614
v -1.800672 167.270401 -11.485444
v -4.407390 169.366455 -6.511543
v -3.211159 169.919907 -6.576824
v -3.176317 169.370285 -8.425806
v -4.340096 168.860748 -8.290309
v -5.967898 167.968399 -2.984486
v -5.145361 168.803131 -2.859027
v -5.346493 168.734146 -4.618188
v -6.127090 167.886948 -4.616127
v -6.527031 166.084793 -0.952990
v -6.078626 166.905029 -0.486426
v -6.339118 167.026062 -1.731039
v -6.730191 166.183090 -2.038175
v -6.768178 164.118973 -0.370550
v -6.474260 164.861679 0.201659
v -6.685579 165.115814 -0.572380
v -6.965775 164.340820 -1.084165
v -6.690192 162.058197 -0.046844
v -6.514666 162.780014 0.460821
v -6.766686 163.094650 -0.218096
v -6.909943 162.333099 -0.688003
v -2.140522 160.578873 2.710783
v -2.042134 160.061905 2.339666
v -1.800485 159.901596 2.789529
v -1.916099 160.293854 3.004529
v -2.328766 160.568207 3.760053
v -2.252508 160.725464 3.257815
v -2.013032 160.409241 3.292469
v -2.064044 160.292999 3.669533
v -3.403603 160.899567 2.348061
v -3.360475 160.243195 1.788640
v -2.563247 160.211533 1.929320
v -2.644178 160.842209 2.456472
v -4.391696 160.388580 2.675505
v -4.431947 159.967651 2.391474
v -4.040161 160.124725 2.014915
v -4.041798 160.672058 2.463231
v -4.601076 159.716858 3.172835
v -4.607212 159.834137 2.800997
v -4.524941 160.189178 2.966007
v -4.540725 160.023758 3.314749
v -6.869248 160.632828 -0.611775
v -6.790226 161.337006 -0.404747
v -6.981044 161.562897 -1.024945
v -7.028627 160.812714 -1.244493
v -7.218142 159.471375 -2.272810
v -7.176756 160.219650 -2.118190
v -7.309191 160.370163 -2.850516
v -7.351279 159.599319 -3.090331
v -7.391571 158.322617 -4.217373
v -7.239372 158.253967 -3.819762
v -7.482964 158.843262 -3.868345
v -7.639424 158.767471 -4.280976
v -6.689748 152.806564 -2.023699
v -6.652942 152.353638 -2.487330
v -6.523705 151.940231 -2.143852
v -6.566982 152.402893 -1.651327
v -6.742025 154.497955 -2.268792
v -6.779515 153.960663 -2.517798
v -6.720897 153.677292 -2.034248
v -6.649251 154.228439 -1.735354
v -6.899186 156.053787 -3.164780
v -6.863431 155.432861 -3.211123
v -6.775175 155.290924 -2.661577
v -6.736518 155.926956 -2.553235
v -7.157596 156.700699 -3.681711
v -7.116755 157.294174 -3.802269
v -7.387897 157.123581 -4.108640
v -7.414772 156.606705 -3.998276
v -6.188130 151.154297 -2.330070
v -6.091338 150.772430 -2.840991
v -5.835062 150.413757 -2.560534
v -5.966702 150.791977 -2.018988
v -5.723501 149.552505 -2.832519
v -6.028847 148.952209 -3.324504
v -5.819645 148.569641 -3.003541
v -5.467890 149.206161 -2.559201
v -3.862520 148.196365 -0.752469
v -3.563867 147.923325 -0.487309
v -3.776213 148.181442 0.156289
v -4.096194 148.443817 -0.091736
v -4.542324 148.294403 -1.844665
v -4.968397 147.598969 -2.169659
v -4.629978 147.317001 -1.919447
v -4.185245 148.028152 -1.629157
v -5.923342 147.515213 -3.150085
v -6.198211 146.759903 -3.659119
v -5.998249 146.380768 -3.293389
v -5.685228 147.167587 -2.819290
v -1.222460 140.328033 -1.387968
v -0.538261 140.258286 -1.465058
v -0.475237 141.144562 -1.504759
v -1.120708 141.182129 -1.460559
v -1.874306 142.916611 -0.967998
v -2.078952 142.095963 -1.244497
v -1.558593 142.065399 -1.258801
v -1.377392 142.881714 -0.899173
v -2.321356 144.873459 -0.432790
v -2.567827 143.983444 -0.855113
v -2.106186 143.856262 -0.675465
v -1.908721 144.763657 -0.169138
v -2.665015 146.798691 -0.144413
v -2.851679 146.072998 -0.597815
v -2.499300 145.884583 -0.275921
v -2.334854 146.624329 0.161278
v -3.426915 147.973953 0.396249
v -3.234999 147.711990 -0.226549
v -2.914236 147.518753 0.039547
v -3.068340 147.797241 0.628887
v -0.301211 152.249039 6.356246
v -0.279173 152.469986 6.192620
v -0.561073 152.513733 6.174832
v -0.605515 152.268631 6.365541
v -0.958793 151.720612 6.393334
v -0.933064 152.017532 6.428479
v -1.212149 152.028793 6.314158
v -1.258274 151.734863 6.294064
v -1.598323 151.034271 5.818356
v -1.561339 151.423416 6.009952
v -1.831676 151.449066 5.868679
v -1.891667 151.069473 5.690940
v -2.270735 150.458481 5.095043
v -2.209896 150.784363 5.325594
v -2.467879 150.897293 5.188612
v -2.547724 150.589355 4.964049
v -3.062865 150.206345 4.392419
v -2.915790 150.480103 4.603112
v -3.169935 150.687729 4.490532
v -3.327324 150.455627 4.282111
v -1.218592 149.945648 1.274006
v -0.939916 149.846054 1.206396
v -1.055256 149.345779 0.186312
v -1.322156 149.424698 0.288122
v -0.286479 150.518311 3.549164
v -0.295771 150.373505 2.279058
v -0.588774 150.390152 2.307671
v -0.566396 150.502884 3.555861
v -1.792946 150.128159 1.542691
v -1.498018 150.051956 1.386081
v -1.576301 149.537079 0.414864
v -1.811630 149.682190 0.575230
v -2.663102 150.755890 3.062597
v -2.423903 150.600784 3.377359
v -2.259433 150.356384 2.556132
v -2.628153 150.341553 2.229530
v -2.389786 151.893799 3.824731
v -2.389520 151.716965 3.926830
v -2.540075 151.405975 3.439977
v -2.583499 151.684448 3.339839
v -2.066022 152.198029 4.389205
v -2.202441 151.982147 4.207186
v -2.203505 152.079941 4.121756
v -2.089750 152.235275 4.353239
v -2.194493 152.357254 4.824984
v -2.127443 152.408066 4.886226
v -1.998073 152.411713 4.721117
v -2.061390 152.368134 4.638429
v -2.123810 152.225693 5.388710
v -1.983169 152.406158 5.292068
v -2.121634 152.363708 5.135780
v -2.269116 152.218292 5.219638
v -1.974973 151.809143 5.770333
v -1.878497 152.035446 5.777481
v -2.065519 152.058182 5.599473
v -2.173593 151.864334 5.587082
v -1.721777 165.735611 -12.446456
v -0.534300 165.845810 -12.579499
v -0.514579 164.290344 -13.207413
v -1.655182 164.184952 -13.066421
v -4.187012 167.859192 -9.765841
v -3.088649 168.351593 -10.013756
v -2.957179 166.994659 -11.249533
v -3.994380 166.554886 -10.891296
v -6.159695 167.740402 -6.252345
v -5.396720 168.609192 -6.408459
v -5.316548 168.151596 -8.082353
v -6.064011 167.334808 -7.800095
v -6.904761 166.215652 -3.301490
v -6.554544 167.060425 -3.134419
v -6.670176 167.008957 -4.613620
v -7.008748 166.175339 -4.628758
v -7.125327 164.495514 -1.853357
v -6.868008 165.286774 -1.416411
v -7.027816 165.386978 -2.380533
v -7.248472 164.595627 -2.727772
v -7.096143 162.561325 -1.302642
v -6.975509 163.357574 -0.877454
v -7.150417 163.552444 -1.540013
v -7.254614 162.744736 -1.943606
v -7.166250 160.982986 -1.908536
v -7.147545 161.764221 -1.647262
v -7.289273 161.939514 -2.292900
v -7.298265 161.142059 -2.589359
v -7.466980 159.741730 -3.798527
v -7.419752 160.486099 -3.550503
v -7.474354 160.536423 -4.149907
v -7.520874 159.849686 -4.349445
v -8.042043 159.454498 -4.737804
v -7.860667 159.121429 -4.490427
v -7.623039 159.324936 -4.160977
v -7.735336 159.588257 -4.577995
v -7.116643 157.738297 -4.017344
v -7.172222 157.890030 -4.301924
v -7.133066 157.473038 -4.446533
v -7.266209 157.389969 -4.253190
v -7.802831 158.627945 -4.817036
v -7.598406 158.249619 -4.755420
v -7.557405 158.283676 -4.490197
v -7.778752 158.688705 -4.562133
v -6.576762 151.963913 -2.946252
v -6.515871 151.604095 -3.435062
v -6.327869 151.173065 -3.130125
v -6.407369 151.543015 -2.634969
v -6.763913 153.478592 -2.834129
v -6.756045 153.068634 -3.185188
v -6.727385 152.735596 -2.837633
v -6.741710 153.169434 -2.425720
v -6.820383 154.837433 -3.283306
v -6.800704 154.314560 -3.363272
v -6.798700 154.182953 -2.991946
v -6.811732 154.708160 -2.808746
v -7.255650 156.157974 -3.944439
v -7.089055 155.686096 -3.894758
v -6.988400 155.574921 -3.619995
v -7.068853 156.123108 -3.641292
v -6.982026 156.546143 -4.348232
v -7.365907 156.527588 -4.342868
v -7.439738 157.058426 -4.376052
v -7.124711 157.040985 -4.521374
v -6.121851 150.332855 -3.427258
v -6.319096 149.851593 -3.989533
v -6.190155 149.367325 -3.665374
v -5.939062 149.920670 -3.130845
v -6.261468 148.317841 -3.845068
v -6.377050 147.646133 -4.419545
v -6.339627 147.177841 -4.035656
v -6.124987 147.896896 -3.491004
v -3.834118 147.752243 -1.383770
v -4.264068 147.038132 -1.683677
v -3.878455 146.763580 -1.460177
v -3.507261 147.482086 -1.107607
v -5.397166 146.846176 -2.518848
v -5.740827 146.035934 -2.938110
v -5.437693 145.723282 -2.600785
v -5.071094 146.549149 -2.231505
v -6.305224 145.949463 -4.242045
v -6.354187 145.136856 -4.840449
v -6.272340 144.713715 -4.418934
v -6.184247 145.544479 -3.835432
v -1.193714 150.697479 -10.615189
v -0.599820 150.727661 -10.674456
v -0.630156 149.852097 -10.755713
v -1.258193 149.824936 -10.680393
v -1.403922 147.638504 -11.148575
v -1.326250 148.844955 -10.808751
v -0.657349 148.870346 -10.888189
v -0.679539 147.668777 -11.219400
v -1.360190 138.864655 -0.804950
v -0.612921 138.711075 -0.843572
v -0.573303 139.454041 -1.189754
v -1.296926 139.545166 -1.153894
v -2.415353 140.515915 -1.340182
v -1.843128 140.424210 -1.299370
v -1.713142 141.225235 -1.388315
v -2.250452 141.288574 -1.375307
v -3.026161 142.294876 -1.458256
v -2.563441 142.170166 -1.321624
v -2.361220 142.989044 -1.057227
v -2.836859 143.113785 -1.173657
v -3.458253 144.378311 -1.224716
v -3.017663 144.168381 -1.032472
v -2.711887 145.048874 -0.739106
v -3.098453 145.247223 -1.019533
v -3.512370 146.504089 -1.203150
v -3.168236 146.275726 -0.925982
v -2.960536 147.003052 -0.468096
v -3.224963 147.228882 -0.795036
v -0.254370 152.647537 5.932019
v -0.241423 152.675430 5.615620
v -0.482413 152.677750 5.588412
v -0.513778 152.686203 5.900517
v -0.881484 152.287689 6.323332
v -0.821997 152.532104 6.127721
v -1.069291 152.541931 6.053751
v -1.149405 152.300690 6.240545
v -1.529401 151.755386 6.142853
v -1.464985 152.034058 6.156772
v -1.686152 152.031677 5.973247
v -1.774108 151.773163 5.967641
v -0.838647 150.492371 3.561520
v -0.867680 150.408981 2.358281
v -1.148109 150.410782 2.428382
v -1.101256 150.477951 3.577413
v -0.279873 151.190170 5.272243
v -0.295074 150.285400 4.732188
v -0.601543 150.273422 4.721886
v -0.562754 151.202225 5.231164
v -1.605700 150.409836 3.775838
v -1.357026 150.455261 3.640592
v -1.424015 150.412582 2.545229
v -1.699756 150.419388 2.745281
v -1.962214 150.739609 4.212833
v -1.877624 150.382629 4.015841
v -1.962176 150.434967 3.209660
v -2.192125 150.586411 3.807776
v -2.168471 151.496780 4.253081
v -2.312505 151.072418 3.896350
v -2.451416 151.197144 3.630246
v -2.310671 151.576538 4.074071
v -1.926354 152.233353 4.561217
v -2.038093 151.880722 4.472411
v -2.154233 151.920410 4.334492
v -2.010896 152.194244 4.459678
v -1.865391 152.506714 5.142923
v -1.764575 152.501602 4.959886
v -1.898927 152.466507 4.834641
v -2.007767 152.466354 5.000844
v -1.794641 152.255295 5.751913
v -1.680721 152.457840 5.654695
v -1.848437 152.436295 5.479132
v -1.977035 152.248108 5.580816
v -1.583672 162.682434 -13.374779
v -0.498281 162.774857 -13.524688
v -0.475214 161.352661 -13.630964
v -1.511554 161.261215 -13.473981
v -3.848433 165.118088 -11.732183
v -2.838722 165.491440 -12.156362
v -2.736619 163.969849 -12.752352
v -3.704134 163.650970 -12.281948
v -5.854918 166.493057 -9.039875
v -5.115903 167.214050 -9.429751
v -4.883984 165.992386 -10.452057
v -5.614819 165.370377 -9.982085
v -7.038068 166.018539 -5.943788
v -6.692148 166.859528 -6.087272
v -6.601921 166.490112 -7.477960
v -6.967114 165.677002 -7.184196
v -7.338018 164.642410 -3.721064
v -7.159277 165.432266 -3.502252
v -7.239839 165.392303 -4.677549
v -7.398343 164.612549 -4.747652
v -7.377950 162.884399 -2.638132
v -7.288342 163.697617 -2.261256
v -7.388595 163.792694 -3.070599
v -7.469037 162.972839 -3.375571
v -7.413184 161.284561 -3.262858
v -7.409888 162.073975 -2.962825
v -7.496219 162.162338 -3.647602
v -7.488039 161.375412 -3.901102
v -7.497374 160.558701 -4.668547
v -7.515124 160.511978 -5.123766
v -7.548796 159.841965 -5.182025
v -7.525920 159.886230 -4.802927
v -8.270213 159.267609 -5.052058
v -8.024870 158.964127 -4.900002
v -7.996294 159.037079 -4.698153
v -8.203984 159.385529 -4.878007
v -7.800766 159.762238 -4.923257
v -7.910725 159.859161 -5.270429
v -8.328765 159.972198 -5.346360
v -8.195087 159.769348 -4.990730
v -7.392239 157.886703 -4.771823
v -7.199735 157.570908 -4.909087
v -7.121332 157.520615 -4.649539
v -7.343008 157.880478 -4.526467
v -7.078806 158.779663 -4.855925
v -6.995588 158.522110 -4.874079
v -7.442026 158.271317 -4.924513
v -7.632463 158.645325 -4.997827
v -6.413698 151.292709 -4.032586
v -6.471499 150.989090 -4.659030
v -6.439263 150.385300 -4.315949
v -6.285458 150.792282 -3.725007
v -6.699156 152.744736 -3.561812
v -6.641183 152.530350 -4.008820
v -6.610112 152.058365 -3.735130
v -6.674482 152.364319 -3.262090
v -6.814242 153.823059 -3.494029
v -6.733223 153.571854 -3.820388
v -6.775392 153.343903 -3.506006
v -6.799867 153.709000 -3.203063
v -6.943938 154.373474 -4.129010
v -6.823393 154.354019 -3.710944
v -6.771850 154.839844 -3.717721
v -6.875522 154.820526 -4.200122
v -6.969198 155.378677 -3.965729
v -7.085042 155.254593 -4.241559
v -7.105835 155.078873 -4.136569
v -6.962157 155.207428 -3.813783
v -6.863319 156.097580 -4.156585
v -6.758843 155.793900 -4.025881
v -6.972036 155.751205 -4.020232
v -7.182626 156.086823 -4.219790
v -5.646472 156.516296 -4.061531
v -6.341590 156.678024 -4.078413
v -6.662002 157.076874 -4.498314
v -6.165386 156.836838 -4.763909
v -6.465838 149.353409 -4.571555
v -6.377444 148.809265 -5.173390
v -6.399497 148.181442 -4.798198
v -6.377294 148.800247 -4.210396
v -6.382306 146.926331 -5.015327
v -6.428564 146.180222 -5.602893
v -6.399779 145.621719 -5.235641
v -6.376715 146.405533 -4.634335
v -4.704238 146.255951 -1.972746
v -5.090703 145.424652 -2.288710
v -4.725533 145.127182 -1.976103
v -4.312908 145.966843 -1.720846
v -5.974495 145.179123 -3.434236
v -6.123617 144.330109 -3.983589
v -5.902034 143.976074 -3.546021
v -5.682520 144.850784 -3.059409
v -6.808494 144.384598 -5.338981
v -7.493213 143.731705 -5.691020
v -7.302685 143.248718 -5.212734
v -6.683420 143.941986 -4.891826
v -0.538720 152.353745 -10.775847
v -0.559596 151.553909 -10.675319
v -1.136478 151.527847 -10.630739
v -1.115987 152.336761 -10.737882
v -2.317202 150.549347 -10.302345
v -1.767247 150.637299 -10.483088
v -1.876003 149.775558 -10.547819
v -2.472150 149.701981 -10.367468
v -1.513871 146.345596 -11.873689
v -0.696403 146.396652 -11.931559
v -0.722850 145.019333 -13.010139
v -1.680045 144.971939 -12.958858
v -2.878010 147.533981 -10.870357
v -2.648721 148.741089 -10.503402
v -1.990521 148.805450 -10.683650
v -2.139126 147.592010 -11.030735
v -1.475111 137.695312 0.160296
v -0.650790 137.529648 0.158271
v -0.627197 138.113647 -0.353975
v -1.395295 138.330429 -0.287882
v -2.739732 139.340485 -0.765170
v -2.054213 139.113525 -0.723587
v -1.957129 139.706024 -1.075698
v -2.581192 139.847748 -1.154640
v -3.401730 140.708038 -1.739872
v -2.918834 140.601715 -1.526716
v -2.748596 141.373123 -1.466725
v -3.203164 141.477341 -1.652822
v -3.723209 143.495193 -1.533671
v -3.889659 142.632141 -1.885747
v -3.466029 142.448364 -1.655783
v -3.283138 143.292648 -1.344459
v -3.917509 145.700378 -1.476003
v -4.318043 144.844421 -1.696501
v -3.887810 144.597977 -1.453150
v -3.501103 145.462250 -1.262725
v -0.240718 152.431335 5.361751
v -0.253262 151.940628 5.404628
v -0.501986 151.947906 5.372285
v -0.465352 152.431488 5.335082
v -0.758067 152.685379 5.861165
v -0.704696 152.674118 5.545756
v -0.908721 152.664627 5.480291
v -0.976707 152.680374 5.802278
v -1.399388 152.306351 6.115585
v -1.297467 152.535400 5.945424
v -1.499182 152.501450 5.808093
v -1.592057 152.272034 5.925113
v -0.823758 151.222809 5.149517
v -0.943142 150.293655 4.694610
v -1.240396 150.381287 4.640900
v -1.050538 151.248093 5.063036
v -1.230042 151.290237 4.967042
v -1.427551 150.514664 4.580922
v -1.568022 150.681564 4.533678
v -1.386954 151.341370 4.891119
v -1.661544 151.457062 4.728938
v -1.522166 151.402618 4.812790
v -1.684522 150.872528 4.511047
v -1.783958 151.041367 4.483464
v -1.819503 151.476517 4.607273
v -1.912782 151.079727 4.391163
v -2.106759 151.045135 4.174311
v -2.000441 151.472076 4.444750
v -1.822505 152.274368 4.671948
v -1.685565 152.303574 4.789064
v -1.739608 151.919418 4.745382
v -1.891377 151.894104 4.610543
v -1.560846 152.584885 5.438041
v -1.450638 152.577438 5.190627
v -1.613363 152.540527 5.080692
v -1.728876 152.549744 5.300261
v -1.469494 159.868652 -13.390222
v -0.478508 159.963135 -13.568745
v -0.510692 158.486313 -13.257526
v -1.457566 158.474487 -13.095425
v -3.531282 162.214066 -12.578884
v -2.613078 162.493744 -13.053668
v -2.491133 161.089188 -13.149955
v -3.373421 160.845291 -12.686386
v -5.411499 164.096603 -10.680767
v -4.708597 164.638245 -11.222516
v -4.524847 163.232788 -11.722988
v -5.205141 162.759979 -11.126501
v -6.802030 165.047516 -8.250870
v -6.402616 165.757858 -8.633286
v -6.178832 164.735214 -9.508066
v -6.604001 164.109360 -9.063299
v -7.413123 164.459122 -5.761839
v -7.265065 165.227432 -5.838039
v -7.215959 164.909760 -6.936908
v -7.373703 164.152008 -6.726047
v -7.520394 163.006882 -4.148636
v -7.459659 163.830170 -3.954665
v -7.500512 163.792999 -4.827612
v -7.559085 162.951019 -4.891572
v -7.535480 161.397369 -4.484385
v -7.541861 162.190506 -4.319456
v -7.571530 162.122543 -4.952806
v -7.560487 161.338608 -5.025685
v -7.525084 160.385254 -5.531674
v -7.527757 160.198105 -5.922978
v -7.617666 159.568329 -5.875644
v -7.585423 159.717575 -5.548701
v -7.809170 159.420212 -5.371199
v -7.510362 159.194565 -5.178984
v -7.854113 159.003403 -5.072073
v -8.105104 159.273041 -5.232571
v -8.701990 159.654129 -5.621211
v -8.488235 159.507370 -5.299462
v -8.411314 159.656937 -5.131842
v -8.594479 159.844177 -5.480093
v -8.031167 159.939926 -5.652232
v -8.122038 159.935623 -6.051087
v -8.515849 160.108627 -6.266383
v -8.447735 160.088760 -5.779282
v -6.650271 156.907181 -5.146020
v -6.829834 157.221497 -4.814621
v -7.004191 157.302826 -5.092527
v -6.973581 157.026917 -5.389648
v -6.809494 158.223969 -4.983946
v -6.702108 157.919662 -5.199297
v -6.969574 157.707306 -5.033484
v -7.186515 157.969940 -4.875280
v -7.470396 158.328873 -5.690832
v -7.535915 157.922379 -5.723121
v -7.288795 158.268982 -5.318924
v -7.246500 158.580490 -5.431761
v -6.311899 150.364807 -5.921873
v -6.340616 149.537827 -5.547351
v -6.460301 149.977859 -4.935327
v -6.445719 150.685501 -5.302952
v -6.506766 152.426605 -4.538966
v -6.517882 152.422684 -5.175856
v -6.464436 151.679718 -4.962821
v -6.450250 151.848953 -4.318676
v -6.639768 153.480621 -4.156721
v -6.603032 153.431091 -4.430573
v -6.621395 153.011490 -4.234854
v -6.677727 153.127625 -3.856732
v -6.864984 153.886368 -3.738167
v -7.077768 153.973923 -4.050429
v -7.016235 153.604202 -4.156939
v -6.757226 153.688431 -4.039215
v -7.641434 154.913071 -4.924312
v -7.561392 154.582031 -4.992442
v -7.205133 154.458450 -4.607974
v -7.295972 154.824539 -4.560619
v -7.562307 155.612930 -4.859653
v -7.803032 155.330750 -4.811847
v -7.513178 155.123764 -4.361447
v -7.344837 155.355606 -4.508065
v -6.687995 155.599884 -4.042296
v -6.629924 155.503006 -4.314039
v -6.904615 155.358643 -4.332149
v -6.838583 155.462677 -4.014562
v -5.891701 156.019028 -4.003829
v -6.222460 155.828568 -4.221758
v -6.405994 155.854782 -4.046181
v -6.180758 156.137726 -3.932951
v -6.235215 155.813095 -4.599098
v -5.798308 156.084854 -4.367181
v -6.204368 156.289932 -4.903100
v -6.416955 155.898041 -5.080985
v -6.184739 147.588379 -6.357523
v -6.364070 146.819000 -5.976736
v -6.356804 147.519836 -5.392142
v -6.255931 148.224136 -5.759601
v -6.859042 145.437958 -6.181595
v -7.636766 144.828232 -6.599909
v -7.603057 144.247574 -6.159443
v -6.862323 144.875214 -5.774013
v -5.349867 144.541321 -2.695454
v -5.550048 143.648651 -3.145326
v -5.153830 143.345734 -2.771461
v -4.989039 144.246780 -2.346187
v -6.428956 143.524551 -4.468152
v -6.996819 142.790680 -4.744774
v -6.576056 142.344879 -4.310751
v -6.131690 143.132233 -4.024189
v -9.193100 142.708328 -5.924681
v -8.883622 142.141190 -5.361810
v -8.080626 142.663834 -5.342458
v -8.344324 143.189285 -5.862820
v -1.429725 157.226532 -12.593660
v -0.536175 157.190231 -12.709645
v -0.536969 156.150436 -12.220583
v -1.364638 156.176620 -12.128212
v -1.288609 155.262817 -11.718536
v -0.529599 155.220886 -11.781819
v -0.528743 154.447128 -11.411525
v -1.225067 154.496475 -11.365773
v -1.177511 153.841049 -11.098004
v -0.538670 153.797043 -11.148252
v -0.533004 153.127502 -10.940176
v -1.132714 153.140091 -10.894432
v -2.170782 152.199738 -10.458261
v -1.667137 152.284683 -10.631664
v -1.688526 151.462936 -10.503749
v -2.206893 151.369644 -10.323819
v -2.846303 150.441132 -10.095966
v -3.049389 149.606262 -10.146691
v -3.591420 149.482513 -9.877632
v -3.340824 150.319595 -9.851568
v -2.144451 142.755936 -15.322777
v -1.895317 143.757675 -14.185220
v -0.775842 143.736008 -14.181306
v -0.874820 142.558304 -15.207196
v -3.229161 146.264877 -11.697480
v -2.366070 146.303452 -11.804964
v -2.676162 144.931793 -12.868479
v -3.692445 144.965591 -12.769179
v -3.284833 148.658783 -10.266855
v -3.605461 147.463913 -10.655530
v -4.309799 147.381058 -10.392400
v -3.884648 148.534882 -9.981395
v -0.730636 135.969360 1.043044
v -0.683700 136.803635 0.600674
v -1.570957 136.944046 0.584372
v -1.703813 136.079727 1.034567
v -3.099854 138.112244 -0.015560
v -2.297317 137.895493 0.086153
v -2.159832 138.568680 -0.266542
v -2.916263 138.763016 -0.378251
v -4.016587 139.742493 -1.024703
v -3.377414 139.544876 -0.894841
v -3.136321 139.975174 -1.337538
v -3.685915 140.134323 -1.503141
v -4.319281 140.968262 -2.275052
v -3.866135 140.826080 -1.991751
v -3.631519 141.613052 -1.896693
v -4.054928 141.768661 -2.165818
v -4.585280 143.966476 -2.030468
v -4.741894 143.071304 -2.426475
v -4.322631 142.831833 -2.135371
v -4.155056 143.715576 -1.764289
v -0.681004 152.424728 5.296177
v -0.730298 151.941406 5.314040
v -0.926600 151.930511 5.227787
v -0.872056 152.409454 5.231709
v -1.186508 152.659119 5.701782
v -1.101844 152.640381 5.394971
v -1.281474 152.612732 5.300554
v -1.385838 152.632019 5.579792
v -1.050294 152.384232 5.166820
v -1.106891 151.922714 5.151236
v -1.269423 151.915283 5.068296
v -1.216027 152.360672 5.090129
v -1.377983 152.340179 5.003469
v -1.427959 151.915527 4.976839
v -1.580974 151.924698 4.865891
v -1.538462 152.324341 4.904175
v -3.247644 159.530060 -12.610530
v -2.405997 159.716095 -13.066258
v -2.335668 158.403610 -12.772737
v -3.124120 158.297073 -12.349192
v -5.000029 161.444977 -11.394991
v -4.320745 161.855209 -11.998684
v -4.150613 160.536835 -12.123369
v -4.829133 160.175110 -11.519979
v -6.403183 162.985550 -9.624988
v -5.970234 163.537842 -10.143477
v -5.753409 162.262192 -10.534326
v -6.195929 161.773178 -9.971161
v -7.294830 163.596069 -7.555398
v -7.090073 164.338562 -7.900061
v -6.928056 163.469391 -8.631832
v -7.167413 162.795044 -8.205554
v -7.571155 162.783905 -5.607355
v -7.509696 163.635437 -5.687069
v -7.499017 163.324188 -6.497759
v -7.550516 162.486557 -6.291578
v -7.568289 161.961456 -5.560354
v -7.545014 161.686493 -6.124263
v -7.537864 160.947113 -6.001224
v -7.557353 161.186996 -5.534547
v -7.499299 159.928040 -6.236396
v -7.459297 159.560562 -6.415834
v -7.661729 159.220505 -6.254491
v -7.651655 159.416702 -6.079629
v -7.543976 158.597656 -5.781665
v -7.429317 158.928513 -5.541883
v -7.744533 159.102036 -5.636774
v -7.797824 158.749893 -5.883947
v -8.333234 159.747375 -5.960397
v -8.087495 159.658646 -5.630242
v -8.355401 159.460587 -5.503738
v -8.580506 159.521561 -5.793378
v -8.956143 159.632385 -6.473897
v -8.849257 159.703049 -6.025968
v -8.743020 159.942947 -5.906456
v -8.839285 159.944168 -6.392653
v -8.499846 159.919067 -6.744302
v -8.124828 159.765991 -6.427476
v -8.050861 159.453018 -6.720132
v -8.378810 159.547455 -7.139711
v -6.643466 157.663651 -5.463773
v -6.754602 157.416809 -5.870802
v -6.887473 157.223907 -5.651407
v -6.852223 157.492218 -5.311396
v -7.129486 156.330399 -5.785100
v -6.704208 156.078079 -5.600815
v -6.584082 156.522430 -5.488161
v -7.011553 156.681732 -5.657129
v -7.177077 157.839493 -5.961647
v -6.826270 157.707748 -6.026231
v -6.611175 157.974075 -5.564284
v -6.921303 158.183121 -5.431577
v -7.684229 158.211884 -5.854817
v -7.913503 158.330475 -6.027925
v -8.039589 157.915436 -6.152808
v -7.787593 157.822220 -5.981359
v -6.038020 150.063263 -6.483126
v -5.754847 149.828079 -7.014084
v -5.919580 148.660919 -6.706244
v -6.132789 149.076492 -6.126690
v -6.490152 152.368790 -5.911074
v -6.295247 152.209412 -6.567715
v -6.290072 151.268768 -6.269526
v -6.465537 151.483337 -5.635206
v -6.547877 153.445511 -4.707580
v -6.508006 153.529556 -5.054824
v -6.469800 153.090073 -5.188543
v -6.534148 152.972580 -4.664421
v -6.673739 153.556839 -4.501318
v -6.719376 153.588272 -4.925405
v -6.568132 153.726105 -4.918447
v -6.581405 153.616974 -4.628365
v -7.491426 153.645218 -4.993338
v -7.171435 153.326752 -5.032637
v -6.902169 153.375885 -4.427082
v -7.198748 153.488358 -4.515095
v -7.543142 154.294998 -5.017387
v -7.563691 153.961105 -5.000343
v -7.292394 153.780914 -4.551585
v -7.239831 154.120361 -4.573713
v -7.761628 155.323517 -5.757288
v -7.842721 155.060394 -5.764728
v -7.755790 154.816223 -5.368919
v -7.682907 155.133148 -5.351019
v -7.766022 155.876892 -5.645457
v -7.858898 155.643982 -5.647971
v -7.815806 155.507553 -5.295699
v -7.675204 155.779739 -5.281758
v -6.625123 155.511429 -4.689200
v -6.706399 155.584351 -5.108834
v -7.217959 155.550247 -4.994643
v -7.038431 155.394852 -4.653270
v -7.541667 146.065964 -7.458256
v -7.619611 145.458450 -7.015466
v -6.757420 146.059723 -6.577390
v -6.546408 146.730453 -7.003320
v -8.525179 143.766418 -6.339888
v -8.637953 144.395706 -6.788335
v -9.588492 143.929672 -6.990753
v -9.422497 143.316788 -6.459087
v -6.115830 141.929855 -3.868440
v -5.678799 141.610519 -3.363971
v -5.321816 142.456085 -3.175209
v -5.754824 142.770432 -3.583236
v -8.502121 141.648438 -4.755381
v -8.054106 141.262802 -4.083941
v -7.269990 141.704361 -4.282848
v -7.724814 142.168259 -4.806906
v -9.682848 141.617752 -5.369796
v -10.020853 142.156921 -6.010890
v -10.952697 141.564484 -6.123076
v -10.637440 141.184845 -5.302066
v -2.971064 157.205383 -12.028795
v -2.243316 157.237885 -12.366592
v -2.126762 156.228287 -11.965917
v -2.809167 156.225983 -11.709194
v -2.639079 155.348816 -11.389851
v -2.000553 155.325272 -11.595261
v -1.882593 154.556915 -11.272719
v -2.480580 154.575119 -11.104108
v -1.786015 153.865768 -11.020761
v -1.704141 153.119904 -10.809559
v -2.222914 153.060165 -10.649225
v -2.339943 153.851593 -10.860979
v -3.077562 152.005722 -9.985836
v -2.640819 152.099670 -10.237974
v -2.702027 151.259369 -10.118360
v -3.155582 151.151718 -9.870079
v -3.785572 150.193787 -9.553197
v -4.081371 149.338272 -9.550197
v -4.521426 149.178482 -9.183332
v -4.181372 150.070023 -9.209485
v -4.762363 143.268921 -15.222090
v -4.232575 144.008560 -14.061991
v -3.060900 143.867569 -14.179959
v -3.450503 143.021591 -15.355617
v -0.968202 141.374527 -16.127203
v -1.073134 139.934448 -16.882961
v -2.664838 140.127991 -16.991634
v -2.401723 141.565674 -16.231127
v -4.687445 145.055725 -12.596232
v -5.641053 145.166122 -12.306037
v -4.903486 146.214233 -11.215926
v -4.081585 146.234741 -11.502156
v -4.446677 148.382477 -9.656734
v -4.991857 147.276062 -10.104075
v -5.630711 147.165878 -9.757278
v -4.977011 148.218185 -9.308591
v -2.646330 136.240524 0.959654
v -2.442153 137.135895 0.514830
v -3.303677 137.347687 0.402009
v -3.575650 136.427734 0.845732
v -4.686067 138.520538 -0.356286
v -3.892012 138.330673 -0.143995
v -3.640902 138.960007 -0.520429
v -4.359410 139.147568 -0.694533
v -5.273850 140.078247 -1.501949
v -4.654880 139.906311 -1.240309
v -4.237238 140.299713 -1.712295
v -4.766447 140.454147 -1.976609
v -5.243708 141.362991 -2.913522
v -4.773216 141.139923 -2.574230
v -4.468915 141.954025 -2.469860
v -4.891979 142.181381 -2.798644
v -4.652389 158.964813 -11.463033
v -4.004520 159.278381 -12.060493
v -3.824823 158.117706 -11.850614
v -4.429458 157.856674 -11.299923
v -6.005829 160.561722 -10.183697
v -5.558834 161.005432 -10.785677
v -5.379257 159.790649 -10.885874
v -5.818771 159.404205 -10.265952
v -6.995113 161.825363 -8.647947
v -6.748345 162.417908 -9.135410
v -6.556556 161.267822 -9.433484
v -6.813077 160.753525 -8.909883
v -7.493897 162.015244 -6.893294
v -7.437876 162.806274 -7.211264
v -7.314299 162.086502 -7.780281
v -7.371975 161.381485 -7.382878
v -7.398819 160.738419 -7.027442
v -7.424837 160.173737 -6.735021
v -7.494621 160.619705 -6.411314
v -7.497303 161.273865 -6.620420
v -7.416043 159.200836 -6.526784
v -7.362687 158.731842 -6.651895
v -7.579713 158.555511 -6.613871
v -7.650446 158.963394 -6.430693
v -7.980387 159.292892 -5.857471
v -8.112710 159.452301 -6.139617
v -8.126740 159.013565 -6.294765
v -8.017838 158.907974 -6.084488
v -8.508098 159.618546 -6.812073
v -8.479795 159.737091 -6.393764
v -8.725655 159.524963 -6.180829
v -8.788136 159.416046 -6.590665
v -8.916194 159.154831 -7.255171
v -8.961798 159.429459 -6.924551
v -8.808969 159.774780 -6.936460
v -8.713492 159.434479 -7.341710
v -8.077721 158.371841 -7.534884
v -8.215004 159.049911 -7.446416
v -7.970224 159.015091 -6.898899
v -7.903724 158.449203 -6.970326
v -7.371439 156.767426 -6.262131
v -7.302680 156.589035 -6.013541
v -7.037453 156.892578 -5.903348
v -7.013193 157.075821 -6.178866
v -7.307065 156.059189 -5.855413
v -7.541973 155.882263 -5.809610
v -7.374746 155.679459 -5.430413
v -6.964896 155.797119 -5.575829
v -7.432860 157.480820 -6.266465
v -7.713567 157.102142 -6.384151
v -7.518325 156.960724 -6.416781
v -7.156256 157.340363 -6.366590
v -8.181069 157.127838 -6.392866
v -7.946020 157.158112 -6.363640
v -7.860491 157.526199 -6.204252
v -8.151890 157.538223 -6.289673
v -8.223588 158.657822 -6.452034
v -8.361429 158.225098 -6.605639
v -8.270781 158.047516 -6.360524
v -8.136106 158.498184 -6.274770
v -5.155482 149.754608 -7.980629
v -5.559538 148.654266 -7.919505
v -5.767321 148.509323 -7.365308
v -5.453884 149.727280 -7.513591
v -5.628039 152.009689 -7.604486
v -5.641124 150.949860 -7.312528
v -5.988579 151.085556 -6.822648
v -5.983276 152.088272 -7.120720
v -6.420118 153.966278 -7.138337
v -6.340142 153.117783 -6.859165
v -6.517255 153.269272 -6.245080
v -6.576766 154.063461 -6.584870
v -6.561489 154.211273 -6.056237
v -6.511302 153.548538 -5.716054
v -6.505352 153.834106 -5.452817
v -6.524494 154.374191 -5.674584
v -6.898227 153.776184 -5.483579
v -7.132709 154.198059 -5.773274
v -6.772830 154.431076 -5.435030
v -6.618952 153.985382 -5.262348
v -7.716233 153.922943 -5.430174
v -7.906596 154.288101 -5.833103
v -7.586825 154.098145 -5.927230
v -7.439185 153.681854 -5.536889
v -7.964499 154.847641 -5.731641
v -8.000598 154.575928 -5.750903
v -7.808409 154.249619 -5.384464
v -7.814250 154.544296 -5.370725
v -8.249363 155.775955 -6.296452
v -8.160759 155.663925 -6.385184
v -7.924308 155.338684 -6.142492
v -7.992364 155.525177 -6.064442
v -8.107790 156.192108 -6.143050
v -8.300486 155.981308 -6.147090
v -8.110561 155.789764 -5.880252
v -7.930649 156.028122 -5.912903
v -9.634982 144.987488 -8.236119
v -9.675774 144.508377 -7.574548
v -8.682489 145.016052 -7.267731
v -8.626434 145.537354 -7.815152
v -6.315029 147.275986 -7.562479
v -6.170055 147.612656 -8.077708
v -7.104681 146.794006 -8.458357
v -7.376964 146.519409 -7.953804
v -11.280253 142.133209 -6.866189
v -10.304324 142.761505 -6.619524
v -10.524158 143.373337 -7.254523
v -11.559911 142.790894 -7.603201
v -7.558531 141.001404 -3.382358
v -7.018041 140.786041 -2.733971
v -6.266994 141.002640 -3.211776
v -6.765243 141.323227 -3.746040
v -9.721417 140.405731 -3.765077
v -8.941612 141.021698 -3.773891
v -9.353428 141.271912 -4.593374
v -10.246825 140.814850 -4.504375
v -13.364620 140.821701 -5.798231
v -12.779623 140.131134 -4.999413
v -11.639968 140.594849 -5.302981
v -12.111903 141.115860 -6.088080
v -4.191491 156.848114 -11.106147
v -3.620663 157.074478 -11.599714
v -3.416322 156.127274 -11.345068
v -3.946094 155.932053 -10.913649
v -3.202932 155.283218 -11.093494
v -3.004586 154.523285 -10.855989
v -3.451147 154.397415 -10.551961
v -3.687202 155.126678 -10.730597
v -3.250318 153.672028 -10.362404
v -2.830534 153.782211 -10.636589
v -2.687965 152.972946 -10.420304
v -3.108276 152.874100 -10.156687
v -3.470274 151.929718 -9.705907
v -3.571131 151.055237 -9.598174
v -3.943571 150.973846 -9.289165
v -3.834658 151.879898 -9.423158
v -4.526539 149.949677 -8.822379
v -4.919547 149.008026 -8.791711
v -5.265590 148.828186 -8.373833
v -4.846943 149.840591 -8.412743
v -6.022130 143.452042 -14.909001
v -7.184797 143.632980 -14.469552
v -6.406942 144.277649 -13.377388
v -5.362246 144.159698 -13.789415
v -5.292912 142.238083 -16.258116
v -3.851811 141.866333 -16.296812
v -4.248993 140.482224 -17.153658
v -5.810698 140.943054 -17.236500
v -6.430991 146.186554 -10.476453
v -5.692937 146.190445 -10.866325
v -6.533340 145.296188 -11.913988
v -7.351119 145.421844 -11.444465
v -5.872951 147.846680 -8.518109
v -5.463556 148.043396 -8.929763
v -6.209746 147.069061 -9.360791
v -6.719943 146.973175 -8.937865
v -5.059668 137.824951 0.059682
v -5.493167 136.945297 0.485515
v -4.522871 136.673203 0.710488
v -4.172427 137.587341 0.274923
v -6.263054 138.880569 -0.972163
v -5.477445 138.698837 -0.629337
v -5.064143 139.313965 -0.933866
v -5.765991 139.500763 -1.213374
v -6.454072 140.526611 -2.209007
v -5.877145 140.294998 -1.806778
v -5.269912 140.600037 -2.308834
v -5.773060 140.793655 -2.708600
v -5.619884 158.302765 -10.248395
v -5.184818 158.633621 -10.847890
v -4.940965 157.563278 -10.730412
v -5.371302 157.265503 -10.178133
v -6.636733 159.685043 -9.050746
v -6.361912 160.120636 -9.607561
v -6.181431 159.030472 -9.680923
v -6.454025 158.672394 -9.116167
v -7.217522 160.618256 -7.717150
v -7.142412 161.217575 -8.171020
v -6.982840 160.244949 -8.395039
v -7.082413 159.757492 -7.902504
v -7.159963 159.334656 -7.450303
v -7.257267 159.009094 -6.995157
v -7.326647 159.625961 -6.943522
v -7.275585 160.083572 -7.297261
v -7.264334 158.131195 -6.730952
v -7.166679 157.472946 -6.758010
v -7.309864 157.317383 -6.727426
v -7.424766 157.951233 -6.702920
v -8.180444 159.373001 -6.510617
v -8.236281 159.099091 -6.858488
v -8.355378 158.614426 -6.769951
v -8.207674 158.921326 -6.518809
v -8.646918 158.925980 -7.355740
v -8.565264 159.254227 -7.185377
v -8.802832 159.225647 -6.948186
v -8.814877 158.960846 -7.199229
v -8.854705 158.097855 -7.638825
v -8.893315 158.727432 -7.520268
v -8.628916 158.941177 -7.628639
v -8.509145 158.258362 -7.847005
v -7.963118 156.936646 -7.182777
v -7.994747 157.632248 -7.419796
v -7.787425 157.781464 -6.819054
v -7.634925 157.120148 -6.748265
v -7.875125 156.298248 -6.262674
v -7.713048 156.083588 -6.097456
v -7.537518 156.328598 -6.070869
v -7.646983 156.520279 -6.252481
v -8.123871 156.794830 -6.423104
v -8.017187 156.528809 -6.375478
v -7.771059 156.683456 -6.381928
v -7.896021 156.878845 -6.416498
v -8.580995 157.041992 -6.638741
v -8.424744 157.085327 -6.453930
v -8.418501 157.557388 -6.425436
v -8.531756 157.616028 -6.687356
v -4.858128 151.939133 -8.415338
v -4.910726 150.863907 -8.150737
v -5.267928 150.879715 -7.744990
v -5.244118 151.967133 -8.030959
v -5.832849 153.933792 -8.168667
v -5.713999 152.999008 -7.905269
v -6.054998 153.033249 -7.413337
v -6.156788 153.921417 -7.668634
v -6.667239 155.480408 -7.523227
v -6.535767 154.740784 -7.350192
v -6.644869 154.779526 -6.787544
v -6.759706 155.456314 -6.974267
v -6.759067 155.497711 -6.446062
v -6.627322 154.866638 -6.213073
v -6.651685 155.047394 -5.749808
v -6.803456 155.675888 -5.900439
v -7.450529 155.193039 -6.270211
v -7.113788 155.446854 -6.020472
v -6.980593 155.037949 -5.527799
v -7.348955 154.740692 -5.884268
v -8.100245 154.720291 -6.171715
v -8.295877 155.152634 -6.553316
v -7.894038 154.947906 -6.715919
v -7.748608 154.498077 -6.323127
v -8.016325 155.162125 -6.121686
v -8.140554 155.518555 -6.466959
v -8.273475 155.367432 -6.444091
v -8.107959 154.980240 -6.093949
v -8.428546 156.090088 -6.496228
v -8.543796 156.482742 -6.685829
v -8.501049 156.416245 -6.814571
v -8.383281 155.998596 -6.594388
v -8.352189 156.713623 -6.432572
v -8.528203 156.588013 -6.539420
v -8.416512 156.238464 -6.370779
v -8.246886 156.413818 -6.326244
v -11.667646 143.899521 -9.241627
v -11.707424 143.412445 -8.393385
v -10.652563 143.948074 -7.948077
v -10.625125 144.423584 -8.700550
v -8.434558 145.920334 -8.407165
v -8.112620 146.134415 -9.002080
v -9.124824 145.534195 -9.630867
v -9.446544 145.343658 -8.932940
v -13.848974 141.415695 -6.869282
v -12.475868 141.661667 -7.001483
v -12.754356 142.308426 -7.961353
v -14.179714 141.990738 -8.075630
v -9.084384 140.002792 -3.097435
v -8.435637 139.649994 -2.451829
v -7.783728 140.332291 -2.433101
v -8.406034 140.701324 -3.025353
v -12.130696 139.440857 -4.393714
v -11.419550 138.897110 -3.732673
v -10.408674 139.581070 -3.956265
v -11.044484 140.055771 -4.644163
v -4.682998 156.560562 -10.588504
v -4.398074 155.650879 -10.443762
v -4.799152 155.298386 -9.937434
v -5.109027 156.263336 -10.068559
v -4.406846 154.489304 -9.873574
v -4.091909 154.879410 -10.320394
v -3.814945 154.211334 -10.208110
v -4.083582 153.944931 -9.874096
v -3.918254 153.431091 -9.797719
v -3.612976 153.537857 -10.067102
v -3.494188 152.777466 -9.886381
v -3.841592 152.727325 -9.617868
v -4.173248 151.874054 -9.118882
v -4.270192 150.915466 -8.931915
v -4.581167 150.879639 -8.545762
v -4.502855 151.904388 -8.778836
v -9.134222 143.954788 -13.247206
v -8.239578 144.625946 -12.356633
v -7.375798 144.440628 -12.900902
v -8.242002 143.817413 -13.918400
v -6.679853 142.598480 -16.040989
v -7.323514 141.482574 -17.174093
v -8.777864 141.995346 -16.835161
v -7.979831 142.913284 -15.619191
v -7.660376 146.192673 -9.547178
v -7.099325 146.200821 -10.041286
v -8.086843 145.535202 -10.915993
v -8.676566 145.575058 -10.303920
v -6.813713 138.223022 -0.683643
v -7.425985 137.435165 -0.340416
v -6.470997 137.193954 0.125526
v -5.942332 138.019150 -0.276281
v -7.750698 139.349609 -1.876451
v -7.029332 139.101074 -1.376585
v -6.457928 139.726608 -1.532773
v -7.130146 140.003525 -1.933378
v -5.978042 157.992752 -9.685050
v -5.753370 156.993546 -9.647258
v -6.098088 156.757584 -9.145071
v -6.266135 157.703278 -9.139794
v -6.829557 159.266693 -8.515021
v -6.669827 158.333374 -8.582221
v -6.869143 158.037445 -8.076913
v -6.966903 158.878647 -8.007346
v -7.088815 158.560410 -7.523751
v -7.037983 157.797348 -7.589902
v -7.141501 157.626007 -7.130825
v -7.198915 158.327286 -7.047863
v -7.103210 156.805084 -6.731696
v -6.951351 156.130829 -6.634043
v -7.064539 156.142517 -6.320320
v -7.231541 156.689377 -6.579235
v -8.438028 158.132507 -7.371295
v -8.419935 158.282837 -7.067688
v -8.362300 158.836060 -7.165195
v -8.482657 158.680878 -7.426427
v -8.541392 158.051239 -7.585650
v -8.644696 158.573105 -7.506222
v -8.803512 158.574249 -7.388944
v -8.712070 158.032455 -7.436607
v -8.709521 156.735809 -7.435877
v -8.771671 157.416061 -7.602813
v -8.390952 157.476471 -7.859307
v -8.300961 156.729156 -7.666963
v -7.672957 155.701431 -6.614496
v -7.913936 156.301636 -6.824625
v -7.511879 156.502960 -6.588716
v -7.326778 155.915894 -6.357437
v -8.560442 156.988586 -6.851702
v -8.503311 157.594315 -6.978221
v -8.440277 157.517227 -7.214550
v -8.486709 156.927460 -7.023412
v -5.006741 153.975342 -9.072378
v -4.896935 152.969635 -8.718328
v -5.308010 152.995483 -8.328514
v -5.446324 153.970520 -8.631192
v -6.231833 155.677460 -8.574052
v -6.018722 154.815125 -8.403805
v -6.308126 154.752945 -7.887885
v -6.485991 155.556992 -8.055552
v -6.961780 157.027695 -7.628099
v -6.833065 156.232544 -7.626155
v -6.929015 156.156799 -7.089363
v -7.071745 156.910828 -7.122146
v -8.619616 156.122330 -7.179955
v -8.214348 156.077515 -7.341311
v -8.060946 155.474457 -7.077047
v -8.461030 155.597733 -6.910815
v -8.340404 155.898529 -6.692743
v -8.461675 156.341919 -6.929173
v -8.549205 156.262222 -6.986745
v -8.431938 155.779663 -6.743979
v -14.299719 142.816879 -10.489996
v -14.347161 142.503311 -9.320256
v -12.945865 142.987167 -8.897649
v -12.881608 143.408295 -9.912962
v -10.446249 144.764969 -9.482303
v -10.096017 144.907303 -10.268168
v -11.015115 144.283676 -10.935797
v -11.430402 144.189728 -10.098867
v -9.953014 138.196518 -2.248878
v -9.128738 138.949478 -2.432606
v -9.777995 139.228256 -3.193386
v -10.684868 138.477325 -3.011974
v -5.510212 156.014603 -9.564787
v -5.235264 155.021576 -9.402280
v -5.659020 154.905411 -8.899976
v -5.896844 155.828323 -9.072480
v -4.182792 153.498749 -9.604988
v -4.166998 152.766998 -9.351587
v -4.509639 152.879501 -9.060902
v -4.534128 153.775925 -9.411505
v -10.488144 144.243973 -11.742188
v -9.608538 144.904068 -11.032688
v -8.987376 144.789749 -11.723068
v -9.871209 144.103912 -12.512999
v -9.148455 143.171295 -15.005647
v -10.114282 142.370132 -16.170828
v -11.216821 142.646423 -15.282483
v -10.116296 143.382446 -14.244369
v -8.322010 137.674911 -0.907326
v -7.636787 138.439972 -1.184916
v -8.412268 138.680878 -1.768076
v -9.166691 137.935806 -1.539831
v -6.522467 157.432129 -8.625033
v -6.393940 156.552048 -8.641116
v -6.632618 156.368118 -8.139363
v -6.765564 157.202225 -8.130421
v -8.431467 157.429779 -7.428752
v -8.622741 157.423828 -7.365396
v -8.619418 156.803696 -7.193039
v -8.467946 156.843948 -7.162331
v -13.420854 142.946655 -12.454590
v -13.952100 142.910248 -11.547807
v -12.586446 143.597656 -10.854863
v -12.115134 143.669022 -11.702307
v -11.511868 143.618744 -12.531287
v -10.868151 143.527527 -13.393831
v -12.053767 142.864746 -14.304181
v -12.768883 142.966110 -13.346758
v 5.730592 136.717392 -1.140735
v 7.507665 137.048187 -1.590476
v 5.819666 137.444748 -3.411858
v 7.645627 137.724350 -3.582605
v 3.786531 136.442337 -0.870929
v 3.854900 137.216904 -3.300968
v 1.756307 136.286530 -0.883223
v 1.802146 137.066223 -3.338326
v -0.243554 136.188797 -1.012846
v -0.252207 137.004959 -3.380070
v -2.206776 136.274139 -1.102295
v -2.288383 137.067947 -3.418677
v -4.223368 136.501404 -1.224579
v -4.305465 137.239868 -3.500555
v -6.196152 136.892242 -1.500766
v -6.293141 137.489578 -3.577959
v -7.997447 137.280792 -1.936685
v -8.219414 137.777222 -3.575069
v -8.698692 138.442139 -5.343670
v -6.574046 138.148605 -5.558637
v -4.496248 137.906235 -5.614451
v -2.382795 137.742264 -5.614678
v -0.254909 137.684052 -5.624336
v 1.878179 137.742050 -5.613768
v 3.994977 137.903061 -5.596116
v 6.073466 138.145142 -5.545597
v 8.150700 138.435013 -5.398737
v -9.277411 139.182404 -7.225613
v -6.979056 138.787811 -7.563753
v -4.717208 138.497269 -7.736046
v -2.490591 138.313553 -7.835996
v -0.254126 138.249451 -7.847295
v 1.985144 138.313583 -7.835494
v 4.209955 138.497055 -7.735750
v 6.427359 138.778458 -7.570951
v 8.745100 139.157196 -7.256588
v -9.974029 139.976318 -9.279634
v -7.621084 139.445084 -9.660647
v -5.079797 139.012161 -9.943612
v -2.605415 138.769073 -10.089409
v -0.257539 138.689941 -10.141508
v 2.099909 138.769150 -10.090674
v 4.442978 138.994034 -9.958385
v 6.794855 139.335709 -9.669341
v 9.265397 139.805542 -9.270034
v -10.664094 140.778320 -11.379895
v -8.379519 140.164703 -11.871840
v -5.636985 139.490829 -12.252604
v -2.751482 139.085449 -12.461465
v -0.264595 138.974854 -12.486837
v 2.220189 139.082581 -12.464048
v 4.757082 139.404572 -12.260255
v 7.346006 139.876450 -11.818114
v 9.771252 140.409332 -11.272310
v -11.418388 141.529724 -13.348945
v -9.208182 140.866776 -14.257446
v -6.220593 139.953720 -14.785174
v -3.074630 139.246323 -14.918465
v -0.266757 139.047287 -14.908177
v 2.454844 139.227615 -14.921772
v 5.417093 139.766861 -14.724080
v 8.235422 140.540543 -14.140617
v 10.634507 141.097626 -13.133092
v -9.295321 137.562546 -2.311423
v -9.983448 137.973526 -3.348236
v -10.979144 138.799835 -4.808702
v -11.889334 139.837189 -6.596907
v -12.483770 140.756241 -8.872327
v -12.795765 141.439606 -11.082696
v -12.746454 141.823853 -12.565083
v 12.120184 141.014679 -10.740973
v 12.135210 141.365784 -12.162364
v 12.005206 140.507462 -8.696027
v 11.406326 139.782776 -6.597296
v 10.418859 138.789246 -4.854423
v 9.470498 137.914139 -3.291927
v 8.821680 137.356781 -1.991090
v 5.739890 136.405838 -0.130714
v 7.546057 136.770798 -0.750678
v 6.641256 136.881561 -1.350602
v 5.756979 137.080399 -2.267370
v 6.745630 137.583694 -3.514618
v 7.533433 137.375275 -2.574570
v 3.769830 136.094681 0.286570
v 4.778319 136.566147 -0.976307
v 3.815634 136.841034 -2.089393
v 4.854139 137.321121 -3.334852
v 1.731601 135.865875 0.357101
v 2.771917 136.353806 -0.840415
v 1.777924 136.692230 -2.134389
v 2.833390 137.132156 -3.307388
v -0.235455 135.710846 0.255841
v 0.749875 136.222305 -0.957693
v -0.250161 136.620300 -2.233006
v 0.771815 137.021637 -3.367925
v -2.182524 135.821747 0.143119
v -1.224706 136.213181 -1.055874
v -2.246306 136.691345 -2.291925
v -1.271711 137.020935 -3.392020
v -4.221137 136.133423 -0.063143
v -3.204357 136.365723 -1.155873
v -4.249078 136.878265 -2.387266
v -3.299863 137.142456 -3.456175
v -6.205444 136.626556 -0.472295
v -5.230095 136.688507 -1.335447
v -6.222783 137.177734 -2.542275
v -5.305683 137.355804 -3.542635
v -8.036431 137.076233 -1.154485
v -7.121174 137.089005 -1.704233
v -8.059882 137.507294 -2.740896
v -7.266143 137.634048 -3.594572
v -8.442185 138.092880 -4.444116
v -7.612675 138.287964 -5.495052
v -6.412518 137.819473 -4.582366
v -5.539622 138.019897 -5.594434
v -4.393921 137.582001 -4.561515
v -3.443078 137.812439 -5.616189
v -2.333602 137.417786 -4.519344
v -1.318696 137.698807 -5.620570
v -0.253523 137.358795 -4.507576
v 0.812687 137.698853 -5.620203
v 1.834802 137.416000 -4.494532
v 2.939869 137.810959 -5.607344
v 3.913168 137.568756 -4.475334
v 5.039854 138.015640 -5.575473
v 5.926904 137.800888 -4.506824
v 7.101539 138.285736 -5.498745
v 7.866164 138.075516 -4.511710
v -8.975667 138.807861 -6.268402
v -8.114470 138.969269 -7.426639
v -6.755983 138.470764 -6.552187
v -5.842928 138.629562 -7.663205
v -4.603767 138.212128 -6.667062
v -3.604379 138.391541 -7.795183
v -2.435380 138.041245 -6.720961
v -1.372806 138.265671 -7.848046
v -0.256343 137.981262 -6.733317
v 0.867377 138.265671 -7.848050
v 1.929920 138.041321 -6.720932
v 3.098992 138.391556 -7.795117
v 4.098379 138.212082 -6.666530
v 5.319210 138.627045 -7.665136
v 6.247287 138.470123 -6.552860
v 7.555918 138.949753 -7.441044
v 8.449100 138.799850 -6.304011
v -9.620106 139.575562 -8.229287
v -8.807367 139.701050 -9.482427
v -7.270358 139.108841 -8.597495
v -6.376776 139.204376 -9.812370
v -4.862082 138.762039 -8.831573
v -3.804945 138.868210 -10.037614
v -2.547507 138.557190 -8.952780
v -1.429576 138.710007 -10.126090
v -0.252972 138.486801 -8.986154
v 0.924018 138.710052 -10.126141
v 2.042057 138.557236 -8.952783
v 3.273212 138.864822 -10.040672
v 4.325192 138.758347 -8.835416
v 5.614046 139.151703 -9.830453
v 6.605900 139.068085 -8.609993
v 8.003760 139.554077 -9.485360
v 9.025498 139.492538 -8.252307
v -10.321003 140.380920 -10.341105
v -9.565395 140.481628 -11.628808
v -7.995557 139.798416 -10.753586
v -7.075435 139.815140 -12.081574
v -5.355924 139.254333 -11.077362
v -4.144603 139.247498 -12.384182
v -2.665919 138.945892 -11.263008
v -1.488406 139.002502 -12.485555
v -0.261986 138.854630 -11.304612
v 0.981048 139.002396 -12.485399
v 2.158454 138.945740 -11.263612
v 3.473151 139.214722 -12.395556
v 4.575025 139.204727 -11.095089
v 6.059546 139.631516 -12.062711
v 7.035233 139.591553 -10.734031
v 8.583533 140.137238 -11.548823
v 9.491164 140.107330 -10.281792
v -11.810154 141.886215 -14.315264
v -11.024743 141.162262 -12.378716
v -9.583909 141.206406 -15.607174
v -10.415140 141.251862 -13.829042
v -8.785953 140.526382 -13.026621
v -6.541401 140.177856 -16.180790
v -7.788938 140.413422 -14.582155
v -5.920613 139.723938 -13.481568
v -3.328934 139.270691 -16.162466
v -4.627130 139.540710 -14.885983
v -2.888682 139.187027 -13.678856
v -0.282515 138.973480 -16.099276
v -1.612063 139.095322 -14.916548
v -0.263699 139.042923 -13.694077
v 2.710632 139.247009 -16.175762
v 1.051055 139.091476 -14.921041
v 2.308957 139.176529 -13.682687
v 5.924182 139.930939 -16.038872
v 3.938071 139.449875 -14.861576
v 5.033806 139.596588 -13.467837
v 8.853559 140.892334 -15.398466
v 6.852965 140.151779 -14.491390
v 7.740515 140.192642 -12.952704
v 11.258686 141.516602 -13.969244
v 9.524982 140.863510 -13.672817
v 10.144156 140.733551 -12.231016
v -9.545554 137.499863 -2.020477
v -10.771038 138.009506 -3.166449
v -9.568707 137.719345 -2.731995
v -9.133432 137.899246 -3.498873
v -8.771418 137.454605 -2.166142
v -12.090680 139.020050 -4.548532
v -10.466141 138.333389 -4.054266
v -9.829246 138.616638 -5.103832
v -13.239917 140.288010 -6.260032
v -11.471083 139.322662 -5.645177
v -10.536275 139.472473 -6.930181
v -13.860432 141.268616 -8.722955
v -12.218275 140.320175 -7.688875
v -11.184232 140.318054 -9.066996
v -13.898607 141.841614 -11.100693
v -12.687368 141.130188 -10.036146
v -11.721850 141.087173 -11.179078
v -13.183136 142.070679 -12.839818
v -12.801178 141.677963 -11.962324
v -12.213739 141.713821 -12.889679
v 13.326229 141.413467 -10.554868
v 12.723886 141.626892 -12.298468
v 12.129535 141.217789 -11.588298
v 10.941962 140.692291 -10.991295
v 11.539617 141.262650 -12.577036
v 13.519975 141.015579 -8.360187
v 12.096368 140.779037 -9.758818
v 10.588058 140.114243 -9.007565
v 12.845275 140.204254 -6.111204
v 11.778692 140.187820 -7.619575
v 10.015614 139.427673 -6.984132
v 11.601569 138.984360 -4.430643
v 10.926289 139.301559 -5.669504
v 9.247827 138.600662 -5.196764
v 10.287517 137.959503 -2.983825
v 9.928905 138.308945 -4.081594
v 8.562930 137.839706 -3.513509
v 9.072330 137.286469 -1.634833
v 9.082128 137.583237 -2.530994
v 8.288044 137.220093 -1.827241
v 6.663496 137.226608 -2.426610
v 4.805602 136.949203 -2.150292
v 2.801116 136.757858 -2.088058
v 0.758507 136.641739 -2.194204
v -1.250067 136.638672 -2.255919
v -3.242693 136.772186 -2.343132
v -5.249417 137.017212 -2.451118
v -7.163297 137.344055 -2.645206
v -7.419798 137.953537 -4.545920
v -5.408311 137.694183 -4.579767
v -3.367944 137.488434 -4.538264
v -1.294343 137.373764 -4.510250
v 0.789900 137.373703 -4.504387
v 2.878150 137.481857 -4.481640
v 4.931539 137.675720 -4.483001
v 6.899098 137.938126 -4.531850
v -7.838979 138.625717 -6.450987
v -5.681020 138.332184 -6.619876
v -3.521939 138.114075 -6.700042
v -1.345036 137.996445 -6.730885
v 0.839243 137.996490 -6.730867
v 3.016490 138.114105 -6.699870
v 5.175114 138.332031 -6.619532
v 7.325416 138.623322 -6.457295
v -8.444296 139.326721 -8.436502
v -6.067408 138.916183 -8.727204
v -3.692110 138.642914 -8.906087
v -1.401020 138.504654 -8.978348
v 0.895604 138.504669 -8.978346
v 3.185242 138.642746 -8.906260
v 5.462739 138.900955 -8.737154
v 7.784999 139.259735 -8.453973
v -9.181402 140.087280 -10.551927
v -6.728323 139.503891 -10.928567
v -3.956484 139.069382 -11.195414
v -1.458538 138.877838 -11.294645
v 0.952697 138.877884 -11.294683
v 3.362501 139.055420 -11.204921
v 5.806386 139.383698 -10.931465
v 8.254770 139.835648 -10.516462
v -9.978708 140.874771 -12.712239
v -7.428000 140.121216 -13.286427
v -4.368157 139.404068 -13.611198
v -1.531882 139.077606 -13.697014
v 1.009757 139.076797 -13.697020
v 3.658604 139.345963 -13.611668
v 6.402230 139.891891 -13.247606
v 9.003386 140.479355 -12.602028
v -8.878246 137.645218 -2.791769
v -9.464745 138.225983 -4.276371
v -10.192980 139.042313 -5.980971
v -10.868084 139.901230 -7.968748
v -11.470909 140.717377 -10.156982
v -11.952371 141.416092 -12.096770
v 11.179605 140.964966 -11.863512
v 10.762366 140.412186 -10.025375
v 10.347178 139.793686 -7.979137
v 9.639085 139.020386 -6.053143
v 8.871219 138.201630 -4.373412
v 8.362949 137.501999 -2.625346
v 6.663267 136.580078 -0.417385
v 4.775531 136.241211 0.110525
v 2.743718 135.973755 0.368167
v 0.742554 135.763077 0.300455
v -1.201647 135.743927 0.204536
v -3.194190 135.951935 0.053853
v -5.234179 136.369949 -0.228161
v -7.138485 136.860199 -0.782924
v -10.811085 141.591385 -15.018312
v -8.127172 140.721573 -16.001352
v -4.937685 139.657654 -16.207611
v -1.751909 139.056442 -16.114260
v 1.129873 139.043869 -16.140141
v 4.343033 139.544037 -16.148163
v 7.424689 140.416763 -15.812787
v 10.153379 141.288116 -14.751322
v -10.147804 137.717224 -2.530909
v -8.857891 137.297760 -1.584724
v -11.428300 138.437759 -3.854774
v -12.710664 139.675262 -5.326920
v -13.614229 140.820709 -7.417859
v -13.986103 141.609222 -9.997972
v -13.623505 141.993607 -12.030472
v -12.583214 142.039185 -13.582085
v 13.085197 141.542847 -11.472927
v 12.120992 141.626160 -13.122275
v 13.491818 141.239853 -9.514203
v 13.289930 140.675110 -7.193166
v 12.247670 139.624619 -5.178911
v 10.939255 138.409454 -3.725477
v 9.675114 137.597702 -2.258414
v 8.370207 137.003983 -1.154558
v 5.783439 136.285934 0.310138
v 5.727972 136.551727 -0.616749
v 7.608079 136.664001 -0.405936
v 7.518023 136.903427 -1.148917
v 6.190897 136.798706 -1.241043
v 7.081112 136.964783 -1.467735
v 5.740412 136.896362 -1.694566
v 5.782779 137.263748 -2.843717
v 6.287474 137.512802 -3.462481
v 7.196559 137.655243 -3.559117
v 7.512321 137.206284 -2.069087
v 7.575860 137.549622 -3.086017
v 3.797872 135.962509 0.814030
v 3.773143 136.255966 -0.277757
v 4.286598 136.500000 -0.915448
v 5.259874 136.639221 -1.051800
v 3.800661 136.641876 -1.478374
v 3.833288 137.032944 -2.698289
v 4.358088 137.266495 -3.312362
v 5.341694 137.380646 -3.368383
v 1.744088 135.667740 0.918876
v 1.743305 136.075317 -0.252139
v 2.263137 136.319382 -0.854486
v 3.280685 136.393692 -0.845289
v 1.767322 136.493530 -1.513975
v 1.789264 136.882690 -2.742577
v 2.318245 137.096786 -3.321272
v 3.346128 137.172211 -3.299843
v -0.236519 135.475586 0.821845
v -0.238278 135.951767 -0.366768
v 0.251508 136.199173 -0.989201
v 1.251909 136.253265 -0.920218
v -0.247850 136.412292 -1.638563
v -0.251388 136.816895 -2.810483
v 0.258982 137.009369 -3.375810
v 1.286354 137.040909 -3.354948
v -2.193520 135.624344 0.718425
v -2.192067 136.045181 -0.471612
v -0.735096 136.194214 -1.033622
v -1.714901 136.240356 -1.078430
v -2.225524 136.490891 -1.711210
v -2.267171 136.883240 -2.859975
v -1.780507 137.040787 -3.403670
v -0.762274 137.008865 -3.384408
v -4.222414 135.975693 0.491851
v -4.221063 136.313049 -0.638071
v -2.702431 136.315598 -1.128354
v -3.712478 136.426620 -1.186896
v -4.232168 136.691544 -1.810804
v -4.273145 137.061172 -2.951943
v -3.803081 137.188660 -3.478291
v -2.794971 137.101990 -3.436212
v -6.223758 136.501541 0.033346
v -6.196750 136.757828 -0.983745
v -4.730949 136.590210 -1.273062
v -5.718524 136.790573 -1.412060
v -6.204329 137.031708 -2.021122
v -6.252270 137.330597 -3.062006
v -5.801132 137.420624 -3.561828
v -4.806841 137.295593 -3.522002
v -8.104712 136.984589 -0.777994
v -8.004971 137.177322 -1.542567
v -6.663649 136.991714 -1.598692
v -7.567297 137.185272 -1.817340
v -8.015137 137.389481 -2.335823
v -8.129436 137.636230 -3.153625
v -7.746036 137.706665 -3.590626
v -6.781549 137.561172 -3.589567
v -8.325060 137.929855 -4.005391
v -8.567500 138.264435 -4.890475
v -8.148209 138.362396 -5.432430
v -7.090408 138.217148 -5.533840
v -6.346260 137.653442 -4.086131
v -6.489637 137.984802 -5.070457
v -6.057795 138.082626 -5.578160
v -5.019157 137.960876 -5.606772
v -4.346715 137.413284 -4.033951
v -4.444170 137.746323 -5.088445
v -3.970789 137.856598 -5.617002
v -2.913589 137.774170 -5.614657
v -2.310470 137.246048 -3.970879
v -2.357737 137.583176 -5.066459
v -1.851072 137.717041 -5.617083
v -0.786301 137.687729 -5.623442
v -0.252897 137.185486 -3.945406
v -0.254152 137.524933 -5.067089
v 0.278272 137.687790 -5.622990
v 1.345907 137.717041 -5.616940
v 1.817203 137.243881 -3.921917
v 1.855155 137.582214 -5.057657
v 2.409603 137.773483 -5.610741
v 3.468508 137.854309 -5.602715
v 3.881323 137.394974 -3.894035
v 3.950937 137.738480 -5.043130
v 4.518832 137.956985 -5.587064
v 5.558005 138.078568 -5.561665
v 5.867902 137.623810 -3.966699
v 5.995791 137.975143 -5.032514
v 6.587115 138.214417 -5.525842
v 7.621147 138.358963 -5.458702
v 7.743957 137.899200 -4.056691
v 8.004133 138.254120 -4.956410
v -8.834737 138.623764 -5.802922
v -9.122053 138.993591 -6.742126
v -8.688255 139.069885 -7.336833
v -7.546530 138.875778 -7.500910
v -6.662708 138.310684 -6.052575
v -6.859803 138.629456 -7.055808
v -6.410777 138.705582 -7.617441
v -5.277830 138.560135 -7.702170
v -4.549465 138.061646 -6.139857
v -4.659325 138.357422 -7.198488
v -4.160273 138.441055 -7.766938
v -3.047950 138.348923 -7.818962
v -2.408702 137.894989 -6.166048
v -2.462718 138.180847 -7.278193
v -1.932134 138.285751 -7.844975
v -0.812899 138.253525 -7.847923
v -0.255781 137.836151 -6.179470
v -0.255817 138.119034 -7.288143
v 0.305405 138.253525 -7.848007
v 1.426698 138.285751 -7.844746
v 1.903360 137.895035 -6.166795
v 1.957252 138.180893 -7.277598
v 2.542531 138.348953 -7.818564
v 3.654734 138.441055 -7.766947
v 4.044757 138.060974 -6.135412
v 4.153663 138.357391 -7.198287
v 4.764785 138.559174 -7.702294
v 5.873185 138.700272 -7.622132
v 6.158221 138.309982 -6.050189
v 6.337579 138.626343 -7.059413
v 6.986079 138.861206 -7.510753
v 8.141446 139.047180 -7.357989
v 8.300011 138.617477 -5.846272
v 8.597575 138.980453 -6.774115
v -9.444979 139.377304 -7.720456
v -9.797283 139.775620 -8.750418
v -9.389902 139.832932 -9.383822
v -8.219784 139.571716 -9.575076
v -7.116037 138.947205 -8.077243
v -7.440191 139.274261 -9.125201
v -7.007504 139.321426 -9.739377
v -5.731135 139.100662 -9.880945
v -4.782434 138.631958 -8.280912
v -4.961008 138.888382 -9.385968
v -4.435238 138.935074 -9.996379
v -3.196235 138.813004 -10.067317
v -2.518883 138.439133 -8.393384
v -2.576374 138.667328 -9.517128
v -2.017686 138.734818 -10.109338
v -0.841229 138.694962 -10.137472
v -0.252872 138.372192 -8.413660
v -0.254652 138.592865 -9.562760
v 0.327869 138.695023 -10.137221
v 1.512238 138.734863 -10.110088
v 2.013450 138.439133 -8.393186
v 2.070902 138.667374 -9.517718
v 2.686983 138.812622 -10.068227
v 3.858436 138.925446 -10.004956
v 4.267203 138.630814 -8.281650
v 4.383641 138.879364 -9.395054
v 5.027752 139.069870 -9.899805
v 6.202786 139.239120 -9.753084
v 6.516635 138.925674 -8.087379
v 6.696643 139.205444 -9.138089
v 7.393620 139.441696 -9.580085
v 8.627860 139.674255 -9.382830
v 8.889123 139.328171 -7.750106
v 9.150753 139.650879 -8.760238
v -10.148890 140.177872 -9.811622
v -10.492015 140.581406 -10.864850
v -10.123218 140.630844 -11.502190
v -8.985518 140.327011 -11.753499
v -7.807425 139.619553 -10.203854
v -8.185649 139.980789 -11.309381
v -7.743820 139.993454 -11.981407
v -6.372297 139.641052 -12.172198
v -5.214182 139.134415 -10.506335
v -5.497463 139.372467 -11.659184
v -4.887118 139.359833 -12.324099
v -3.428668 139.155014 -12.430385
v -2.634836 138.862045 -10.671802
v -2.702785 139.020279 -11.860387
v -2.110480 139.036606 -12.478534
v -0.872270 138.981842 -12.487083
v -0.260144 138.777435 -10.721572
v -0.263561 138.920685 -11.892399
v 0.353295 138.981796 -12.486768
v 1.600479 139.036255 -12.479065
v 2.129052 138.862122 -10.672989
v 2.188306 139.019440 -11.861186
v 2.843572 139.141327 -12.437287
v 4.110940 139.304214 -12.336405
v 4.505557 139.102173 -10.524802
v 4.656387 139.304749 -11.672503
v 5.408047 139.514801 -12.168398
v 6.707170 139.751816 -11.945220
v 6.907034 139.461365 -10.201473
v 7.181010 139.730286 -11.270760
v 7.971995 140.005508 -11.684724
v 9.181836 140.272308 -11.411572
v 9.375463 139.957855 -9.777983
v 9.621254 140.256454 -10.780279
v -12.036289 142.057999 -14.785796
v -11.611970 141.709671 -13.833128
v -10.840347 140.972198 -11.884387
v -11.219223 141.347885 -12.865384
v -9.754183 141.381149 -16.324263
v -9.404966 141.035065 -14.917154
v -10.942924 141.406494 -13.590736
v -9.837456 141.069458 -14.053976
v -8.579278 140.347427 -12.442986
v -8.998126 140.698792 -13.629004
v -6.711919 140.287338 -16.919510
v -6.377841 140.067276 -15.470636
v -8.524309 140.645401 -14.434750
v -7.014476 140.182007 -14.698207
v -5.777024 139.608795 -12.859110
v -6.068195 139.839584 -14.122650
v -3.489563 139.277115 -16.777058
v -3.191185 139.261703 -15.541676
v -5.421526 139.737198 -14.846414
v -3.843164 139.374023 -14.908451
v -2.813929 139.141327 -13.067123
v -2.975019 139.222000 -14.296548
v -0.294818 138.907776 -16.676760
v -0.272776 139.021484 -15.508978
v -2.328809 139.156845 -14.920052
v -0.926672 139.058777 -14.911116
v -0.264295 139.016052 -13.088131
v -0.264085 139.053864 -14.301844
v 2.918861 139.261719 -16.803925
v 2.562639 139.239166 -15.547727
v 1.738791 139.148148 -14.927125
v 0.386211 139.058121 -14.912028
v 2.259051 139.134827 -13.070987
v 2.372834 139.207321 -14.299732
v 6.222758 140.049698 -16.718861
v 5.654629 139.843567 -15.373720
v 4.681790 139.596542 -14.803386
v 3.192253 139.328156 -14.900501
v 4.882574 139.502350 -12.858607
v 5.211206 139.685394 -14.089181
v 9.203870 141.091003 -16.052534
v 8.528525 140.715088 -14.759982
v 7.551883 140.350235 -14.331751
v 6.141097 139.954636 -14.621141
v 7.531855 140.030075 -12.378922
v 7.974310 140.363342 -13.539445
v 11.610970 141.729660 -14.364255
v 10.929516 141.301498 -13.558337
v 10.105458 140.991440 -13.408638
v 8.897552 140.712112 -13.919485
v 9.944372 140.567871 -11.756777
v 10.373440 140.909164 -12.690814
v -9.740325 137.473557 -1.845914
v -9.396061 137.537216 -2.192130
v -11.172227 138.063248 -3.137574
v -10.381746 137.990570 -3.251160
v -9.404138 137.625595 -2.482011
v -9.764971 137.834427 -3.024574
v -9.567559 137.943604 -3.433174
v -8.683037 137.842590 -3.545401
v -8.402905 137.372574 -2.056394
v -9.085069 137.520920 -2.255575
v -12.599034 139.199829 -4.457381
v -11.547141 138.897812 -4.664719
v -10.218539 138.139725 -3.693991
v -10.721575 138.554565 -4.424885
v -10.403430 138.706909 -4.960622
v -9.260357 138.527344 -5.232753
v -13.831079 140.578598 -6.122231
v -12.576997 140.046936 -6.425953
v -11.231976 139.058395 -5.214487
v -11.691353 139.583481 -6.104455
v -11.204719 139.648209 -6.764532
v -9.892724 139.314728 -7.088470
v -14.517919 141.560715 -8.682003
v -13.168283 141.002579 -8.791170
v -12.064082 140.082977 -7.125954
v -12.357119 140.545868 -8.275704
v -11.820926 140.528412 -8.964768
v -10.569950 140.134811 -9.173228
v -14.407212 142.054825 -11.145020
v -13.350838 141.635193 -11.080584
v -12.595528 140.951126 -9.463611
v -12.754835 141.293152 -10.578511
v -12.253375 141.256989 -11.115244
v -11.194536 140.928726 -11.269571
v -13.474441 142.245102 -13.016888
v -12.926291 141.923264 -12.677974
v -12.810415 141.568329 -11.545083
v -12.774426 141.766525 -12.320876
v -12.531537 141.780396 -12.696364
v -11.840548 141.630844 -13.111883
v 13.943499 141.645599 -10.474534
v 12.718463 141.202652 -10.640731
v 13.124955 141.812317 -12.384947
v 12.372974 141.470367 -12.220598
v 12.124897 141.120575 -11.185631
v 12.133417 141.304657 -11.931326
v 11.529271 140.845703 -10.858979
v 10.356361 140.548691 -11.131252
v 11.897291 141.324707 -12.331267
v 11.113898 141.186508 -12.851925
v 14.267329 141.286880 -8.192019
v 12.750197 140.748077 -8.529206
v 12.063980 140.647934 -9.233909
v 12.112429 140.901123 -10.263225
v 11.284002 140.297699 -8.856914
v 9.917312 139.951111 -9.145443
v 13.509354 140.410706 -5.854876
v 12.131308 139.986115 -6.364018
v 11.609641 139.996796 -7.098996
v 11.910709 140.357147 -8.154317
v 10.695818 139.595322 -6.805374
v 9.368408 139.282837 -7.133167
v 12.157125 139.093018 -4.201467
v 11.017701 138.886475 -4.647037
v 10.671699 139.045990 -5.250526
v 11.174862 139.549118 -6.118861
v 9.821726 138.691956 -5.044131
v 8.692556 138.515228 -5.313010
v 10.660953 137.969528 -2.804887
v 9.891207 137.940765 -3.146615
v 9.693386 138.102661 -3.688076
v 10.171175 138.540207 -4.468516
v 9.025158 137.880981 -3.416740
v 8.100019 137.787033 -3.570356
v 9.236577 137.248474 -1.406335
v 8.925599 137.326950 -1.843554
v 8.926959 137.447830 -2.208357
v 9.265079 137.741898 -2.900539
v 7.914196 137.132965 -1.713449
v 8.607900 137.299988 -1.924934
v 6.647394 137.050186 -1.876314
v 6.215705 137.152176 -2.343704
v 6.695066 137.405380 -2.978561
v 7.102080 137.302002 -2.507620
v 4.790125 136.756149 -1.557699
v 4.314663 136.891876 -2.112473
v 4.826531 137.137939 -2.744967
v 5.286791 137.012360 -2.202182
v 2.787058 136.558151 -1.465874
v 2.289711 136.723419 -2.106958
v 2.816118 136.948929 -2.702676
v 3.310430 136.796661 -2.081455
v 0.753550 136.438110 -1.585600
v 0.252770 136.626389 -2.217314
v 0.764578 136.835632 -2.787115
v 1.267131 136.664474 -2.165292
v -1.238461 136.433701 -1.671638
v -1.748480 136.661179 -2.271441
v -1.260871 136.833725 -2.827100
v -0.750876 136.624557 -2.244192
v -3.219793 136.575195 -1.761337
v -3.744868 136.821625 -2.365170
v -3.269570 136.960739 -2.906667
v -2.743795 136.728607 -2.317282
v -5.235534 136.851715 -1.894954
v -5.739965 137.096054 -2.494189
v -5.272358 137.185287 -3.001700
v -4.751832 136.943771 -2.415151
v -7.134642 137.212372 -2.173243
v -7.618573 137.426895 -2.695630
v -7.207448 137.484650 -3.119226
v -6.697443 137.260620 -2.593274
v -7.337453 137.790833 -4.070513
v -7.929595 138.022995 -4.503602
v -7.511876 138.119843 -5.020419
v -6.914416 137.885574 -4.571288
v -5.351286 137.526459 -4.068286
v -5.911172 137.755524 -4.584053
v -5.472241 137.858582 -5.086401
v -4.902676 137.636093 -4.571789
v -3.332790 137.318192 -3.998545
v -3.882209 137.532578 -4.549941
v -3.404876 137.653183 -5.077040
v -2.851590 137.449982 -4.527706
v -1.282836 137.200897 -3.952661
v -1.814397 137.392273 -4.513645
v -1.306284 137.539688 -5.065873
v -0.773949 137.362518 -4.508482
v 0.780261 137.200974 -3.939579
v 0.267763 137.362579 -4.506562
v 0.800745 137.539703 -5.063945
v 1.312292 137.391693 -4.500415
v 2.853849 137.309479 -3.900603
v 2.357007 137.446198 -4.487868
v 2.906778 137.649307 -5.050282
v 3.397232 137.522766 -4.477106
v 4.889046 137.500046 -3.915109
v 4.424912 137.619797 -4.477095
v 4.981778 137.848053 -5.036743
v 5.432335 137.736282 -4.493203
v 6.814479 137.761322 -4.031719
v 6.415414 137.868637 -4.521279
v 6.995914 138.113144 -5.019343
v 7.380873 138.007629 -4.531790
v -7.721253 138.456604 -5.971550
v -8.397138 138.711700 -6.373382
v -7.969302 138.796143 -6.935310
v -7.294641 138.546066 -6.507717
v -5.609291 138.177887 -6.105243
v -6.218516 138.399368 -6.589049
v -5.757009 138.482605 -7.139052
v -5.142836 138.269623 -6.645595
v -3.482111 137.966141 -6.156950
v -4.063485 138.160095 -6.685088
v -3.562661 138.255951 -7.245954
v -2.979208 138.074326 -6.711987
v -1.331624 137.851059 -6.175282
v -1.890580 138.015213 -6.727111
v -1.358816 138.134689 -7.288192
v -0.799167 137.985031 -6.732786
v 0.825588 137.851105 -6.175251
v 0.289661 137.985046 -6.732779
v 0.853278 138.134735 -7.288188
v 1.385119 138.015274 -6.727093
v 2.976924 137.965942 -6.155411
v 2.473746 138.074387 -6.711919
v 3.057258 138.255981 -7.245862
v 3.558063 138.160110 -6.684745
v 5.105048 138.177002 -6.101024
v 4.637385 138.269531 -6.645041
v 5.247031 138.481995 -7.139550
v 5.711665 138.399078 -6.589101
v 7.212266 138.455719 -5.976219
v 6.783533 138.544769 -6.509711
v 7.439849 138.788223 -6.945390
v 7.879360 138.707306 -6.390711
v -8.273653 139.146072 -7.926756
v -9.027881 139.445557 -8.339696
v -8.623411 139.511749 -8.955502
v -7.860242 139.215057 -8.521717
v -5.945077 138.773788 -8.192619
v -6.672451 139.008591 -8.665558
v -6.212210 139.058746 -9.266841
v -5.461609 138.834198 -8.782820
v -3.647204 138.520615 -8.348297
v -4.272199 138.698288 -8.872662
v -3.743498 138.758652 -9.469015
v -3.119530 138.596008 -8.932353
v -1.386876 138.389145 -8.411256
v -1.974607 138.526672 -8.967979
v -1.415251 138.611771 -9.549798
v -0.826976 138.491302 -8.984276
v 0.881464 138.389145 -8.411256
v 0.320447 138.491318 -8.984276
v 0.909805 138.611786 -9.549811
v 1.469177 138.526672 -8.967978
v 3.141733 138.520615 -8.348281
v 2.614077 138.596024 -8.932347
v 3.229169 138.757614 -9.470078
v 3.755596 138.696976 -8.874091
v 5.391026 138.766815 -8.197638
v 4.894137 138.826416 -8.789877
v 5.535685 139.029572 -9.282406
v 6.032166 138.981613 -8.677109
v 7.671950 139.107056 -7.944119
v 7.188827 139.160355 -8.535989
v 7.894286 139.408569 -8.968704
v 8.396734 139.369217 -8.360671
v -8.993546 139.893478 -10.015249
v -9.753756 140.232498 -10.445491
v -9.371082 140.284225 -11.089931
v -8.596727 139.943741 -10.655473
v -6.552003 139.352829 -10.365941
v -7.374140 139.650589 -10.844746
v -6.902540 139.657822 -11.500267
v -6.054466 139.368179 -11.005826
v -3.876079 138.971710 -10.612868
v -4.650081 139.155182 -11.141982
v -4.045803 139.161118 -11.785727
v -3.292339 138.999069 -11.235552
v -1.444005 138.798950 -10.707648
v -2.061306 138.906326 -11.281735
v -1.473199 138.945892 -11.887246
v -0.856136 138.860474 -11.302176
v 0.938285 138.799011 -10.707709
v 0.339328 138.860489 -11.302155
v 0.966972 138.945923 -11.887188
v 1.555875 138.906418 -11.281967
v 3.317468 138.964172 -10.618836
v 2.760670 138.995407 -11.238685
v 3.411262 139.138718 -11.797632
v 3.965971 139.125854 -11.157828
v 5.703527 139.267120 -10.379806
v 5.189347 139.291321 -11.018585
v 5.923748 139.505646 -11.490606
v 6.422612 139.482727 -10.836097
v 8.121480 139.695587 -10.001541
v 7.644793 139.709518 -10.627137
v 8.408090 139.981567 -11.031096
v 8.869693 139.968140 -10.401744
v -9.767329 140.678436 -12.168968
v -10.518589 141.025513 -12.544061
v -10.198038 141.067490 -13.263235
v -9.402122 140.708145 -12.875033
v -7.249861 139.971069 -12.675377
v -8.128217 140.329071 -13.164221
v -7.608983 140.267075 -13.920259
v -6.688556 139.915131 -13.392377
v -4.252246 139.328476 -12.992114
v -5.141119 139.553162 -13.554389
v -4.492633 139.474625 -14.242450
v -3.614563 139.280792 -13.652303
v -1.506683 139.046753 -13.089173
v -2.194842 139.121689 -13.692769
v -1.566347 139.094086 -14.307149
v -0.891925 139.051620 -13.695774
v 0.994806 139.046417 -13.088979
v 0.368402 139.051346 -13.695009
v 1.028070 139.092056 -14.308295
v 1.654331 139.118576 -13.694927
v 3.554906 139.284485 -12.999751
v 2.977983 139.250839 -13.655799
v 3.785503 139.400208 -14.232107
v 4.345167 139.464157 -13.549072
v 6.218216 139.760727 -12.648448
v 5.720450 139.740509 -13.367462
v 6.613122 140.023071 -13.861170
v 7.077103 140.043503 -13.108895
v 8.781392 140.303696 -12.072290
v 8.385240 140.338882 -12.782003
v 9.251028 140.665131 -13.136224
v 9.589191 140.611435 -12.417746
v -9.241915 137.692734 -2.780502
v -8.992668 137.763260 -3.135139
v -8.481981 137.581619 -2.775445
v -8.800776 137.543243 -2.469515
v -9.969296 138.283920 -4.170493
v -9.645025 138.414658 -4.684522
v -8.954827 138.161316 -4.368107
v -9.292696 138.053680 -3.880325
v -10.827572 139.179062 -5.813279
v -10.366867 139.257751 -6.444715
v -9.575294 138.917404 -6.136247
v -10.013076 138.827545 -5.535157
v -11.531212 140.102005 -7.828521
v -11.028836 140.111908 -8.514294
v -10.231462 139.724747 -8.104599
v -10.703442 139.687164 -7.438839
v -12.067584 140.915710 -10.086142
v -11.600212 140.907623 -10.679129
v -10.890950 140.539810 -10.243521
v -11.332077 140.520340 -9.617311
v -12.384025 141.543030 -12.004598
v -12.073967 141.565964 -12.509493
v -11.500883 141.290833 -12.225787
v -11.837635 141.257065 -11.652459
v 11.662552 141.085800 -11.706462
v 11.050651 140.827972 -11.442716
v 10.673692 140.849243 -12.043477
v 11.337640 141.108109 -12.244032
v 11.420987 140.585587 -9.891263
v 10.679142 140.264938 -9.520788
v 10.120038 140.254532 -10.156457
v 10.847558 140.554565 -10.516987
v 11.049974 139.978409 -7.809601
v 10.190697 139.616852 -7.475530
v 9.673965 139.632980 -8.125965
v 10.479513 139.958328 -8.491574
v 10.267474 139.153229 -5.879637
v 9.443972 138.809998 -5.617112
v 9.035263 138.903519 -6.192736
v 9.830359 139.227600 -6.508828
v 9.397969 138.258118 -4.242443
v 8.704324 138.016907 -3.951833
v 8.361284 138.140427 -4.461760
v 9.055012 138.396667 -4.785090
v 8.741202 137.550278 -2.599134
v 8.306537 137.351791 -2.209061
v 7.956310 137.442719 -2.615913
v 8.449404 137.666946 -3.065796
v 6.715987 136.461395 -0.026333
v 6.206435 136.491867 -0.269198
v 6.644467 136.723969 -0.861909
v 7.110236 136.671860 -0.576377
v 4.809919 136.119308 0.601788
v 4.277183 136.164978 0.208245
v 4.770597 136.391327 -0.416947
v 5.263094 136.322067 -0.003230
v 2.763745 135.816269 0.921474
v 2.234108 135.919846 0.372122
v 2.754772 136.155182 -0.223385
v 3.257070 136.031128 0.340690
v 0.748352 135.540985 0.861106
v 0.252476 135.726685 0.276836
v 0.746900 135.994797 -0.318316
v 1.235676 135.811844 0.329740
v -1.205811 135.524170 0.779121
v -1.687960 135.777542 0.176206
v -1.211267 135.978424 -0.416250
v -0.719879 135.719147 0.231456
v -3.205057 135.778366 0.617717
v -3.707072 136.035934 -0.001026
v -3.196735 136.153259 -0.542339
v -2.685257 135.879730 0.102219
v -5.236805 136.224594 0.311043
v -5.725307 136.499313 -0.340172
v -5.230632 136.527756 -0.778188
v -4.731931 136.245514 -0.136977
v -7.182248 136.755707 -0.332393
v -7.592885 136.967499 -0.959620
v -7.121776 136.972137 -1.240281
v -6.675910 136.747650 -0.620851
v -11.018414 141.762970 -15.630900
v -10.225467 141.409927 -15.332952
v -10.617128 141.423904 -14.415250
v -11.340227 141.752884 -14.674850
v -8.284747 140.878403 -16.764685
v -7.339382 140.454788 -16.114918
v -7.962700 140.564743 -15.275394
v -8.882280 140.975906 -15.832031
v -5.119299 139.710419 -16.885191
v -4.133271 139.440292 -16.189339
v -4.774474 139.601395 -15.541259
v -5.740292 139.907852 -16.208153
v -1.855651 139.025436 -16.688972
v -0.998468 138.996399 -16.101845
v -1.672269 139.081757 -15.520865
v -2.532182 139.146881 -16.135395
v 1.232087 139.010254 -16.738314
v 1.900827 139.129074 -16.164743
v 1.081428 139.075089 -15.532789
v 0.411712 138.991882 -16.112871
v 4.602924 139.618225 -16.805246
v 5.143335 139.720566 -16.105230
v 4.121795 139.495407 -15.500311
v 3.529697 139.388641 -16.170786
v 7.750264 140.593475 -16.508488
v 8.149494 140.660004 -15.633899
v 7.123868 140.278549 -15.141090
v 6.683626 140.169006 -15.944304
v 10.502287 141.497101 -15.291652
v 10.733716 141.419632 -14.370327
v 9.825610 141.074249 -14.211067
v 9.524879 141.108063 -15.101290
v -10.453561 137.727249 -2.446848
v -10.454448 137.848404 -2.834271
v -9.864463 137.724304 -2.642757
v -9.848788 137.603851 -2.260910
v -8.965178 137.231659 -1.302216
v -9.218855 137.399902 -1.800301
v -8.793715 137.374313 -1.873739
v -8.461763 137.188431 -1.366480
v -11.896274 138.544189 -3.821619
v -11.762098 138.710709 -4.196920
v -10.952641 138.378220 -3.939585
v -11.096331 138.205292 -3.511036
v -13.253366 139.927307 -5.182867
v -12.990507 139.990799 -5.769777
v -12.107279 139.483383 -5.479859
v -12.408411 139.347885 -4.922363
v -14.251535 141.129837 -7.320446
v -13.747042 141.057846 -8.064747
v -12.919706 140.557861 -7.550206
v -13.450129 140.562775 -6.809125
v -14.602241 141.879410 -10.000322
v -13.968359 141.737442 -10.574678
v -13.331780 141.361557 -10.008632
v -13.946404 141.453033 -9.374047
v -14.021843 142.169769 -12.123236
v -13.422755 142.043732 -12.448362
v -13.212945 141.827805 -11.974454
v -13.783016 141.925964 -11.583130
v -12.817977 142.224884 -13.897723
v -12.222735 141.979721 -13.949747
v -12.382787 141.869446 -13.244271
v -12.902715 142.068848 -13.213672
v 13.592789 141.738388 -11.448849
v 13.215052 141.483124 -11.028445
v 12.598438 141.368759 -11.514482
v 12.927357 141.592407 -11.893250
v 12.474757 141.832947 -13.357479
v 12.456287 141.638992 -12.703935
v 11.801449 141.435043 -12.865555
v 11.721714 141.586014 -13.549430
v 14.195346 141.498856 -9.395848
v 13.531749 141.134811 -8.948590
v 12.787143 140.997406 -9.632480
v 13.419912 141.333084 -10.050033
v 14.013339 140.918198 -6.973442
v 13.090669 140.452744 -6.639043
v 12.528324 140.421631 -7.412998
v 13.437323 140.866241 -7.768739
v 12.865087 139.779312 -4.923587
v 11.926330 139.305740 -4.787443
v 11.594242 139.460663 -5.432097
v 12.560059 139.925537 -5.621335
v 11.407204 138.462738 -3.537386
v 10.609219 138.170837 -3.357350
v 10.445161 138.359055 -3.907449
v 11.272016 138.680756 -4.082513
v 9.948113 137.587723 -2.066370
v 9.377617 137.437790 -1.928382
v 9.389353 137.597946 -2.415550
v 9.976372 137.770782 -2.613669
v 8.458569 136.921539 -0.865800
v 7.968074 136.880646 -0.944252
v 8.312093 137.105225 -1.477498
v 8.740512 137.140778 -1.381021
v 6.199111 136.972397 -1.781385
v 6.244352 137.333054 -2.908952
v 7.137369 137.478806 -3.042445
v 7.085529 137.128571 -1.974595
v 4.299500 136.695206 -1.510324
v 4.333796 137.082687 -2.714899
v 5.309950 137.198471 -2.788211
v 5.270773 136.823730 -1.619348
v 2.276984 136.524704 -1.484024
v 2.303082 136.913742 -2.719844
v 3.326778 136.988480 -2.694678
v 3.295736 136.596451 -1.463355
v 0.251222 136.419830 -1.616033
v 0.255484 136.822067 -2.801659
v 1.276044 136.856293 -2.766508
v 1.259212 136.463959 -1.549989
v -1.732087 136.458664 -1.689341
v -1.764419 136.854691 -2.841440
v -0.756640 136.820892 -2.817400
v -0.744132 136.417282 -1.655771
v -3.724506 136.628006 -1.784084
v -3.770841 137.008331 -2.930268
v -2.768859 136.918793 -2.882046
v -2.720356 136.529846 -1.737089
v -5.724676 136.941025 -1.953711
v -5.765150 137.255997 -3.031248
v -4.774495 137.120010 -2.975110
v -4.737364 136.767136 -1.847035
v -7.582910 137.301834 -2.254552
v -7.673733 137.561752 -3.140842
v -6.733229 137.407211 -3.092060
v -6.674485 137.122314 -2.094899
v -7.832380 137.860947 -4.044936
v -8.035277 138.190796 -4.966298
v -6.998115 138.051392 -5.052892
v -6.841922 137.721283 -4.083652
v -5.849724 137.588333 -4.080220
v -5.981930 137.920303 -5.080383
v -4.959687 137.800354 -5.089244
v -4.850238 137.468002 -4.052391
v -3.840934 137.363129 -4.015434
v -3.925757 137.697098 -5.083737
v -2.882041 137.615051 -5.070637
v -2.822498 137.278961 -3.983666
v -1.797120 137.219894 -3.960417
v -1.832373 137.557983 -5.065234
v -0.780056 137.528625 -5.066882
v -0.768025 137.189331 -3.947817
v 0.263103 137.189499 -3.943502
v 0.272877 137.528687 -5.066058
v 1.328196 137.557709 -5.061052
v 1.298391 137.219315 -3.932240
v 2.336047 137.274063 -3.910482
v 2.381535 137.612885 -5.053943
v 3.430180 137.691254 -5.046659
v 3.369390 137.349792 -3.894482
v 4.388297 137.445053 -3.900638
v 4.468321 137.790817 -5.039735
v 5.490955 137.909714 -5.034474
v 5.382506 137.559784 -3.937507
v 6.344987 137.691452 -3.999806
v 6.496848 138.043350 -5.028830
v 7.496708 138.183548 -4.997718
v 7.278956 137.831451 -4.054444
v -8.268538 138.536224 -5.901215
v -8.535977 138.889069 -6.851221
v -7.412678 138.710236 -7.001586
v -7.189017 138.382019 -6.018378
v -6.136656 138.242477 -6.081108
v -6.307726 138.553421 -7.101178
v -5.207578 138.417191 -7.170923
v -5.080287 138.117432 -6.124870
v -4.016692 138.011032 -6.150218
v -4.111274 138.303558 -7.223417
v -3.013190 138.214935 -7.264746
v -2.946004 137.927338 -6.161678
v -1.870495 137.869507 -6.170825
v -1.911184 138.154037 -7.285461
v -0.805922 138.122971 -7.288427
v -0.792665 137.839890 -6.178429
v 0.283823 137.839935 -6.178218
v 0.296639 138.122971 -7.288525
v 1.405730 138.154083 -7.285166
v 1.365054 137.869553 -6.171290
v 2.440716 137.927307 -6.161718
v 2.507753 138.214966 -7.264300
v 3.605865 138.303589 -7.223475
v 3.511702 138.010605 -6.146937
v 4.575873 138.116577 -6.120247
v 4.700719 138.416992 -7.170697
v 5.792584 138.551910 -7.103091
v 5.632397 138.241653 -6.077724
v 6.683668 138.381409 -6.017370
v 6.884480 138.704895 -7.007258
v 8.009931 138.878860 -6.869529
v 7.749663 138.533752 -5.921242
v -8.853608 139.255646 -7.832546
v -9.207552 139.638611 -8.857507
v -8.036205 139.390823 -9.044477
v -7.696235 139.043823 -8.007270
v -6.531712 138.856842 -8.138645
v -6.832372 139.162643 -9.198870
v -5.585540 138.967514 -9.329840
v -5.360337 138.698883 -8.239802
v -4.212064 138.572525 -8.317018
v -4.345954 138.818909 -9.432544
v -3.156327 138.708359 -9.496015
v -3.083453 138.476074 -8.374151
v -1.953285 138.410095 -8.405228
v -1.996080 138.635056 -9.535321
v -0.834066 138.597610 -9.559347
v -0.819925 138.376450 -8.413418
v 0.314050 138.376465 -8.413431
v 0.324403 138.597626 -9.559255
v 1.490635 138.635086 -9.535630
v 1.447865 138.410095 -8.405156
v 2.578032 138.476089 -8.373984
v 2.650459 138.708344 -9.496342
v 3.806906 138.814758 -9.436930
v 3.704733 138.572296 -8.317169
v 4.829280 138.695755 -8.242171
v 4.959615 138.951126 -9.343428
v 6.113632 139.114243 -9.213473
v 5.952723 138.843597 -8.146475
v 7.088061 139.013062 -8.020226
v 7.288846 139.303558 -9.056783
v 8.514770 139.523117 -8.870935
v 8.271558 139.210876 -7.855533
v -9.571717 140.032654 -9.913899
v -9.936884 140.431915 -10.975626
v -8.788730 140.134827 -11.202379
v -8.407293 139.755783 -10.112699
v -7.190320 139.483734 -10.288199
v -7.558148 139.820984 -11.408871
v -6.215066 139.502960 -11.583620
v -5.891007 139.234726 -10.438568
v -4.537752 139.047043 -10.565597
v -4.767119 139.259094 -11.727732
v -3.353455 139.080551 -11.830324
v -3.241295 138.909958 -10.647355
v -2.039412 138.825439 -10.691731
v -2.083913 138.976852 -11.877894
v -0.863909 138.927048 -11.891415
v -0.848579 138.782867 -10.717998
v 0.332787 138.782898 -10.717854
v 0.346087 138.927063 -11.891336
v 1.577973 138.976883 -11.877820
v 1.533974 138.825516 -10.692407
v 2.723632 138.908447 -10.649179
v 2.798885 139.073227 -11.835523
v 4.029480 139.216888 -11.743332
v 3.910864 139.029114 -10.578410
v 5.103044 139.182129 -10.457728
v 5.289198 139.401993 -11.587382
v 6.555660 139.614685 -11.384381
v 6.305387 139.358307 -10.293978
v 7.510809 139.574921 -10.103778
v 7.798099 139.852493 -11.152347
v 9.014834 140.116196 -10.907432
v 8.742942 139.822556 -9.893561
v -10.316044 140.828979 -12.024578
v -10.730617 141.219467 -13.064048
v -9.621069 140.892761 -13.453771
v -9.189587 140.518524 -12.310111
v -7.933325 140.164215 -12.564975
v -8.327168 140.487762 -13.785315
v -6.850891 140.048233 -14.032598
v -6.529197 139.779495 -12.773769
v -5.011277 139.457870 -12.932362
v -5.277468 139.646530 -14.191973
v -3.722886 139.331406 -14.276361
v -3.516400 139.221985 -13.037127
v -2.146668 139.084900 -13.083386
v -2.255108 139.145645 -14.305806
v -0.906142 139.063782 -14.304207
v -0.881394 139.023804 -13.089184
v 0.360582 139.023651 -13.088593
v 0.377036 139.063385 -14.303714
v 1.691181 139.140137 -14.309352
v 1.625012 139.083694 -13.084770
v 2.902106 139.200577 -13.043597
v 3.073468 139.293060 -14.274709
v 4.499738 139.533905 -14.170546
v 4.215786 139.387314 -12.938025
v 5.551250 139.628235 -12.761776
v 5.916417 139.849823 -13.986620
v 7.300072 140.196899 -13.711918
v 6.880116 139.894775 -12.520172
v 8.167438 140.166534 -12.228139
v 8.628230 140.519989 -13.345951
v 9.833351 140.795197 -12.916580
v 9.372556 140.437469 -11.915192
v -9.391526 137.807541 -3.093451
v -8.570607 137.704803 -3.153398
v -8.424279 137.471802 -2.410700
v -9.132040 137.597229 -2.499822
v -10.184681 138.486740 -4.559365
v -9.105096 138.339615 -4.795753
v -8.812842 137.995148 -3.950773
v -9.761986 138.102432 -3.793956
v -11.023180 139.415482 -6.274981
v -9.732505 139.114746 -6.605474
v -9.417706 138.721054 -5.679237
v -10.619514 138.940704 -5.376582
v -11.680183 140.319931 -8.392622
v -10.402115 139.930756 -8.635085
v -10.060131 139.518280 -7.587954
v -11.373346 139.877335 -7.283266
v -12.168470 141.092651 -10.615872
v -11.043849 140.738052 -10.763957
v -10.733430 140.337219 -9.711779
v -11.951193 140.726898 -9.532935
v -12.444460 141.664658 -12.381545
v -11.665493 141.461700 -12.676487
v -11.345400 141.113312 -11.757103
v -12.323762 141.407593 -11.579575
v 11.589885 140.967484 -11.302267
v 10.502558 140.696564 -11.597631
v 10.875154 141.011139 -12.462785
v 11.756516 141.203308 -12.056192
v 11.360495 140.444794 -9.379481
v 10.019083 140.104172 -9.654119
v 10.230345 140.402100 -10.649698
v 11.474758 140.719238 -10.386309
v 10.886358 139.795837 -7.299827
v 9.527153 139.462387 -7.624444
v 9.804123 139.794998 -8.634423
v 11.182314 140.143967 -8.330824
v 10.043853 138.922180 -5.452847
v 8.864570 138.709000 -5.746236
v 9.203362 139.095688 -6.655201
v 10.486857 139.379486 -6.330515
v 9.202582 138.063126 -3.833917
v 8.217022 137.961777 -4.025976
v 8.522689 138.325012 -4.887581
v 9.605548 138.468567 -4.643740
v 8.646812 137.411087 -2.235273
v 7.922897 137.281555 -2.150394
v 8.014265 137.613449 -3.095517
v 8.869992 137.709671 -2.999530
v 6.255067 136.371552 0.146113
v 6.191049 136.636978 -0.734334
v 7.087642 136.812439 -0.999450
v 7.167028 136.557693 -0.208076
v 4.308173 136.039001 0.718642
v 4.276144 136.319656 -0.338537
v 5.254677 136.469223 -0.510252
v 5.301608 136.201599 0.463579
v 2.249897 135.742142 0.932852
v 2.246811 136.115021 -0.229403
v 3.264749 136.201126 -0.238667
v 3.281337 135.888977 0.882627
v 0.254212 135.495895 0.840747
v 0.253064 135.965393 -0.345126
v 1.243981 136.033585 -0.284928
v 1.245273 135.599457 0.889950
v -1.695067 135.567642 0.753886
v -1.699225 136.007736 -0.443063
v -0.725954 135.957733 -0.390028
v -0.722653 135.490768 0.801364
v -3.712898 135.870941 0.558197
v -3.707966 136.225769 -0.586570
v -2.691022 136.093292 -0.504223
v -2.698125 135.695114 0.671848
v -5.734217 136.362396 0.185012
v -5.719422 136.643784 -0.873110
v -4.730357 136.415237 -0.700463
v -4.731880 136.094208 0.411543
v -7.648960 136.870193 -0.544055
v -7.570148 137.074554 -1.385051
v -6.663815 136.867294 -1.106862
v -6.706281 136.633224 -0.140289
v -10.414049 141.583847 -16.003817
v -10.038747 141.240189 -14.681071
v -11.141804 141.584442 -14.128728
v -11.560665 141.921585 -15.219602
v -7.500379 140.593277 -16.872616
v -7.177669 140.317337 -15.391706
v -8.711177 140.807434 -15.116940
v -9.042572 141.143982 -16.580832
v -4.308617 139.469559 -16.834740
v -3.978730 139.409653 -15.546796
v -5.575047 139.824356 -15.518280
v -5.919127 139.988541 -16.917891
v -1.058130 138.945557 -16.675152
v -0.956227 139.036072 -15.512129
v -2.419582 139.156158 -15.531638
v -2.669418 139.132111 -16.725027
v 2.065084 139.117050 -16.777636
v 1.803462 139.143158 -15.546509
v 0.396355 139.034302 -15.516485
v 0.449741 138.937759 -16.698404
v 5.422825 139.819870 -16.773651
v 4.895576 139.653763 -15.448213
v 3.340908 139.358368 -15.532796
v 3.767356 139.432816 -16.814325
v 8.488158 140.853729 -16.316988
v 7.835541 140.500336 -14.971776
v 6.396933 140.056534 -15.273089
v 6.997904 140.313492 -16.636345
v 11.081146 141.634460 -14.840213
v 10.405745 141.201569 -13.892920
v 9.195662 140.911026 -14.504244
v 9.878255 141.310074 -15.706185
v -10.811466 137.878952 -2.783977
v -10.115356 137.844696 -2.931297
v -9.628854 137.623001 -2.393470
v -10.099697 137.596497 -2.135564
v -9.362827 137.352646 -1.570941
v -9.123367 137.458878 -2.030979
v -8.416997 137.279266 -1.708874
v -8.545586 137.106979 -1.034337
v -12.253786 138.851532 -4.138999
v -11.250081 138.622772 -4.294950
v -10.661673 138.167969 -3.590672
v -11.533876 138.283478 -3.487950
v -13.556761 140.265030 -5.622711
v -12.356573 139.770935 -5.933062
v -11.835736 139.188446 -5.058901
v -12.932250 139.567337 -4.798150
v -14.399111 141.361115 -7.997511
v -13.052176 140.790482 -8.165034
v -12.764469 140.308868 -6.965746
v -14.065986 140.866592 -6.687257
v -14.533165 141.981598 -10.597479
v -13.361600 141.508606 -10.567784
v -13.264522 141.193008 -9.411228
v -14.594946 141.736206 -9.355498
v -13.765257 142.214874 -12.575768
v -13.090616 141.891724 -12.354539
v -13.300443 141.741440 -11.548472
v -14.236410 142.115860 -11.649957
v -12.450329 142.162521 -14.342636
v -12.024529 141.802597 -13.536433
v -12.688412 141.911896 -12.960576
v -13.157526 142.249542 -13.456129
v 13.779398 141.696747 -10.971883
v 12.664330 141.291214 -11.096260
v 12.510645 141.432678 -11.890223
v 13.378177 141.776581 -11.916386
v 12.824266 141.834167 -12.863289
v 12.134515 141.467682 -12.533374
v 11.396119 141.379181 -13.212473
v 12.073544 141.799118 -13.863441
v 14.264355 141.399673 -8.809399
v 12.787858 140.879120 -9.088902
v 12.760852 141.105301 -10.151397
v 14.084811 141.581345 -9.949991
v 13.787869 140.672806 -6.398735
v 12.350016 140.217056 -6.877311
v 12.663511 140.598312 -7.966233
v 14.177335 141.132553 -7.572020
v 12.518735 139.434296 -4.542120
v 11.305443 139.176285 -5.024575
v 11.875156 139.731628 -5.879590
v 13.200874 140.104828 -5.363202
v 11.030431 138.198929 -3.178605
v 10.163374 138.138428 -3.528046
v 10.731407 138.607941 -4.280171
v 11.784595 138.764221 -3.875306
v 9.595508 137.417679 -1.723773
v 9.158415 137.452011 -2.098079
v 9.632560 137.762054 -2.771208
v 10.300705 137.768417 -2.429632
v 8.038407 136.784866 -0.625608
v 7.929768 137.000275 -1.309963
v 8.648836 137.215347 -1.650295
v 8.861135 137.078049 -1.121972
f 8194 8622 5680
f 2364 2834 7546
f 8182 712 23923
f 2688 8194 5680
f 2754 699 8326
f 8563 13226 715
f 8563 4731 2872
f 8563 4731 13226
f 13062 2364 7546
f 7547 2834 8487
f 7547 2364 2834
f 7547 5 8487
f 7547 13062 2364
f 1404 23531 11129
f 19827 8622 5680
f 11092 1377 4137
f 11092 1377 14772
f 11314 19826 14772
f 11314 1377 14772
f 5437 4243 11305
f 1390 23151 10948
f 4252 23187 11323
f 14195 4252 11322
f 14195 19826 11323
f 14195 4252 11323
f 14195 1404 11256
f 14195 19827 8622
f 14195 2902 8622
f 14195 1404 11129
f 14195 2902 11129
f 8352 2767 1381
f 8353 2767 1381
f 64 1390 10948
f 728 687 8195
f 728 2688 8194
f 728 2688 8195
f 728 10786 61
f 728 8194 8622
f 728 10786 8622
f 2772 8363 23882
f 2772 11380 8363
f 698 11380 8556
f 8490 11380 2836
f 17588 11381 1520
f 2824 706 8538
f 8486 23175 2834
f 8486 2834 7546
f 3586 11225 4203
f 3586 15519 4203
f 23579 4207 11232
f 11253 5 8487
f 11324 4253 23966
f 11320 4253 23966
f 10319 1279 21676
f 13229 4731 2872
f 7711 13226 715
f 8554 8559 715
f 8554 7711 715
f 8554 7711 601
f 702 8559 715
f 702 8563 715
f 18864 7558 13232
f 13077 7561 8538
f 2370 7558 13232
f 8459 8458 2820
f 8459 700 706
f 8459 700 8458
f 496 7025 2820
f 4730 8555 13225
f 18697 13062 7546
f 18697 8486 7546
f 20548 9385 770
f 1431 19827 5680
f 1431 11379 5680
f 1408 19826 11323
f 1408 11314 19826
f 1408 23187 11323
f 4248 11314 23571
f 23942 11314 23571
f 23942 23151 23571
f 23942 1408 23187
f 23942 1408 11314
f 11233 4207 11304
f 11233 4248 11315
f 11233 11314 1377
f 11233 4248 11314
f 1410 4207 11232
f 1410 23189 11315
f 1410 11233 11315
f 1410 11233 4207
f 14769 11092 4137
f 14769 3206 4137
f 14769 11092 14772
f 11093 3206 4137
f 21678 4243 10324
f 23591 4243 11305
f 23591 23959 11305
f 23591 4243 11304
f 23591 23959 4207
f 23591 4207 11304
f 23939 23189 11315
f 23939 4248 23571
f 23939 4248 11315
f 4150 23939 23189
f 4150 8182 712
f 22975 23942 23151
f 22975 23942 23187
f 1365 22975 23902
f 1376 23946 11322
f 1376 14195 11257
f 1376 14195 11322
f 23943 4252 23187
f 23943 4252 11322
f 23943 22975 23187
f 23943 22975 23902
f 22991 1376 11257
f 22991 1376 23946
f 22991 23902 23531
f 22991 23946 23902
f 4219 14195 11257
f 4219 14195 11256
f 4219 22991 11257
f 4219 22991 11256
f 4973 14619 20251
f 4973 14195 14619
f 1406 10787 8622
f 3984 10786 8622
f 3984 10787 8622
f 23922 23151 10948
f 23922 23551 10948
f 22967 1406 10787
f 703 8352 1381
f 703 11253 8487
f 703 11253 1381
f 23555 8182 23923
f 23555 23519 23923
f 23555 23887 23519
f 23555 23887 23926
f 2682 23555 8182
f 2682 23555 23926
f 22943 728 687
f 8020 728 61
f 22931 8363 23882
f 22931 23875 8363
f 23927 8352 2767
f 23894 10786 61
f 23894 3984 23523
f 23894 3984 10786
f 23894 23919 23157
f 23894 23919 23523
f 2869 11381 8557
f 2869 23631 8557
f 2869 23631 8556
f 17012 11380 8556
f 17012 11381 11380
f 17012 2869 8556
f 17012 2869 11381
f 17011 11379 5680
f 17011 2688 5680
f 17011 2688 8195
f 17011 687 8195
f 17011 687 8362
f 17011 2772 8362
f 17011 2772 11380
f 4268 11381 11380
f 4268 17011 11380
f 4268 17011 11379
f 4268 11379 11378
f 4268 442 11378
f 17010 17426 5681
f 17010 1431 5681
f 17010 1431 11379
f 17010 11379 11378
f 17010 442 11378
f 8491 11380 2836
f 8491 698 11380
f 8491 22933 2836
f 8491 22933 698
f 726 11380 8363
f 726 8490 11380
f 726 23875 8363
f 726 8490 23875
f 11953 8326 1520
f 11953 17588 1520
f 11953 17588 8326
f 6315 11381 11951
f 6315 17588 11381
f 11956 2754 8326
f 11956 17588 8326
f 8467 2824 706
f 8467 700 706
f 8467 8549 699
f 8467 8549 2824
f 8467 700 8327
f 8467 2754 8327
f 8467 2754 699
f 2860 2824 8538
f 2860 2824 23611
f 2860 18864 13232
f 2860 7558 8538
f 2860 18864 7558
f 23623 2824 23611
f 23623 2824 8466
f 23623 23175 2834
f 23623 2834 8487
f 23974 8486 23175
f 23974 23623 23603
f 23974 23623 23175
f 23974 709 8486
f 23974 709 8555
f 23974 8559 23603
f 778 10326 11304
f 1384 11233 11304
f 1384 11225 10182
f 1384 11225 1377
f 1384 11233 1377
f 3682 1384 10182
f 3682 1384 15896
f 10183 1384 15896
f 10183 3682 15896
f 10183 3682 21357
f 10183 21357 10180
f 10183 778 10180
f 10183 778 11304
f 10183 1384 11304
f 9991 3586 11225
f 21525 4243 10324
f 16048 21679 3752
f 16048 21679 5437
f 11321 23579 1387
f 11321 16040 1387
f 23947 23959 4207
f 23947 23579 4207
f 23947 23579 23959
f 11252 23579 1387
f 11252 15881 21513
f 11252 10315 21513
f 11252 10315 1387
f 23215 11324 23966
f 23215 23579 23966
f 23215 23579 23959
f 1393 11320 4253
f 1393 11320 21676
f 10477 1279 21676
f 10477 11320 21676
f 10477 11320 1279
f 21670 11320 1279
f 5436 1393 11329
f 10481 11324 4253
f 10316 10319 1279
f 10316 21670 1279
f 2870 8559 23603
f 18859 13227 2367
f 18858 7711 13226
f 18858 4731 13226
f 18858 13227 4731
f 18858 7711 601
f 7708 8554 601
f 8562 8563 2872
f 8562 702 8563
f 8562 13229 2872
f 8562 702 13229
f 18709 13077 7561
f 18709 7558 8538
f 18709 7561 8538
f 18709 2370 7558
f 7225 18338 2203
f 7225 8459 2203
f 7225 89 18338
f 7225 8459 89
f 7224 496 2820
f 7224 8459 2820
f 7224 8459 2203
f 12300 6632 8458
f 12499 18131 2101
f 6821 6818 493
f 7416 8459 89
f 1460 20938 5739
f 7011 18120 5739
f 15510 21142 15507
f 15510 3579 9977
f 15510 3579 21142
f 12692 1464 18324
f 9976 3579 21142
f 9976 9979 21142
f 9976 3579 15711
f 18694 7547 13062
f 15104 15103 5200
f 5302 15510 15507
f 5746 1464 18324
f 4 7011 5739
f 4 5746 21140
f 4 7011 18324
f 4 5746 18324
f 15508 5302 15507
f 15508 5302 21140
f 20939 775 9776
f 17729 12097 1899
f 2000 12292 6819
f 2000 18128 6819
f 91 18128 6819
f 9583 9385 770
f 5705 17426 22
f 5705 17426 5681
f 6303 17426 22
f 20392 3199 9216
f 14913 20548 9385
f 20552 1171 9389
f 20562 5203 3206
f 16047 21679 5437
f 16047 5437 4243
f 16047 21678 4243
f 11118 4150 23189
f 11118 8353 1381
f 11118 8353 712
f 11118 4150 712
f 23915 4150 23939
f 23915 23151 23571
f 23915 23939 23571
f 23895 4071 23527
f 23895 22975 23151
f 23895 23922 23527
f 23895 23922 23151
f 4155 23531 11129
f 4155 2902 11129
f 4155 2902 8622
f 11128 23902 23531
f 11128 1365 23902
f 11128 4155 23531
f 11128 1365 8622
f 11128 4155 8622
f 10961 1365 22975
f 10961 23895 4071
f 10961 23895 22975
f 10961 4071 8622
f 10961 1365 8622
f 23575 23946 11322
f 23575 23943 11322
f 23575 23946 23902
f 23575 23943 23902
f 23899 22991 23531
f 23899 1404 11256
f 23899 1404 23531
f 10960 4071 23527
f 10960 4071 8622
f 10960 1406 8622
f 10949 64 23157
f 10949 23919 23157
f 10949 64 10948
f 23898 23922 23527
f 23898 22967 1406
f 23898 23922 23551
f 23898 22967 23551
f 23898 10960 23527
f 23898 10960 1406
f 23891 23919 23551
f 23891 22967 23551
f 23891 23919 23523
f 23891 3984 23523
f 23891 3984 10787
f 23891 22967 10787
f 23169 703 8352
f 23169 23927 8352
f 8183 2682 23926
f 8183 64 23157
f 8183 23926 23157
f 23879 687 8362
f 23879 22943 687
f 8021 22943 728
f 8021 8020 728
f 23878 22933 2836
f 23878 8490 2836
f 23878 22933 23923
f 23999 22933 698
f 23999 23631 8556
f 23999 698 8556
f 23999 23930 23631
f 732 8549 23998
f 732 2824 8466
f 732 8549 2824
f 8548 8326 1520
f 8548 11381 1520
f 23559 23927 2767
f 23559 8353 2767
f 23559 23930 8353
f 23559 23930 23631
f 22959 23894 23157
f 22959 23926 23157
f 22959 23887 23926
f 22959 23894 61
f 22959 8020 61
f 22959 8020 23887
f 4372 17010 17426
f 11797 4372 17010
f 1904 4450 17930
f 17582 11381 11951
f 17582 6312 11381
f 8539 2860 23611
f 8539 701 7715
f 23934 703 8487
f 15722 21354 10182
f 15722 3682 10182
f 15722 3682 21357
f 15722 5356 21354
f 767 21354 10182
f 767 11225 10182
f 767 9991 11225
f 15723 5356 21354
f 15723 5356 15724
f 15521 3484 21152
f 9786 1173 21152
f 9786 3484 21152
f 15890 15891 5398
f 15890 10326 11304
f 15890 4243 11304
f 15890 21525 4243
f 15890 15893 5398
f 15890 21525 15893
f 15892 15891 5398
f 15725 15722 21357
f 15725 15722 5356
f 779 21518 10176
f 4251 23579 23966
f 4251 11321 23579
f 4251 11320 23966
f 4251 21670 11320
f 5763 7547 5
f 5763 18694 7547
f 23950 11252 23579
f 23950 23579 11232
f 23950 11253 1381
f 23950 1410 11232
f 23950 1410 23189
f 23950 11118 1381
f 23950 11118 23189
f 3747 15881 10313
f 1379 23215 11324
f 1379 10481 11324
f 1379 23959 11305
f 1379 23215 23959
f 5435 11321 16040
f 5435 4251 11321
f 15886 21518 5397
f 16042 5436 11329
f 16042 5436 21674
f 16045 1393 21676
f 16045 5436 21676
f 16045 5436 1393
f 16044 10319 21676
f 16044 5436 21676
f 11325 1380 21674
f 11325 1393 4253
f 11325 1393 11329
f 11325 1380 11329
f 10478 11325 4253
f 10478 11325 21674
f 16049 5437 11305
f 16049 16048 5437
f 21521 15886 3752
f 21521 5397 15889
f 21521 15886 5397
f 7553 18858 601
f 7553 7550 601
f 7553 13227 2367
f 7553 18858 13227
f 2868 7708 8554
f 2868 23974 8555
f 2868 8555 13225
f 2868 8554 8559
f 2868 23974 8559
f 7552 18700 609
f 7552 7555 609
f 7552 7555 18859
f 7552 18859 2367
f 18702 7555 13070
f 18702 7555 609
f 4692 13073 13070
f 4692 18702 13070
f 4692 18702 13071
f 4692 13071 13072
f 4693 18709 13077
f 12909 8459 706
f 12909 7416 8459
f 18541 12909 706
f 2296 7410 13072
f 18704 7410 13072
f 18704 4692 13072
f 18704 4692 13073
f 18337 7224 496
f 12496 18128 2100
f 12496 7018 18131
f 12496 7018 2100
f 7019 18128 2100
f 7019 91 18332
f 7019 91 18128
f 2001 6821 12293
f 17925 6821 12293
f 17925 6821 493
f 6625 1903 17737
f 12297 4498 12300
f 12297 6825 227
f 12500 18132 4549
f 12500 18132 2102
f 12500 18135 2102
f 12701 7018 2100
f 12701 4599 18332
f 12701 12702 4599
f 12701 7019 18332
f 12701 7019 2100
f 12489 18120 12488
f 12489 4546 12488
f 12489 18120 5739
f 12489 1460 5739
f 12489 1460 5738
f 15306 1460 20938
f 15306 1460 5738
f 12693 7011 18324
f 12693 12692 18324
f 1468 5754 12895
f 18527 5754 12895
f 18527 7211 2196
f 18527 5754 7211
f 5747 12692 1464
f 4648 12897 18528
f 4648 18526 12895
f 7404 12897 18528
f 7404 610 18528
f 3748 10315 21513
f 3748 16040 1387
f 3748 10315 1387
f 21671 3748 16040
f 21671 3748 10314
f 18856 7708 601
f 18856 7550 601
f 18856 2868 13225
f 18856 2868 7708
f 18856 4730 13225
f 2366 13066 7551
f 2366 18855 7551
f 13223 18855 2365
f 13223 18854 709
f 13223 4730 8555
f 13223 709 8555
f 7548 18855 2365
f 7548 18855 7551
f 13065 18697 13062
f 13065 18697 2365
f 3282 14916 9383
f 3 6813 5731
f 17917 5731 12286
f 17917 6813 5731
f 20736 15104 5200
f 20736 9581 9578
f 3380 15305 9578
f 3380 20736 9578
f 3380 20736 15104
f 15509 5302 21140
f 15509 5746 1464
f 15509 5746 21140
f 9984 9987 776
f 9984 9987 21150
f 9984 10178 776
f 9984 10178 21350
f 9777 4 21140
f 9777 15508 21140
f 9777 20938 5739
f 9777 4 5739
f 15307 20939 9776
f 15307 15306 20938
f 15719 21350 5355
f 1999 12494 6817
f 1999 12289 6816
f 1999 6816 18126
f 1999 12494 18126
f 1999 6817 17921
f 1999 12289 17921
f 6619 6817 17921
f 12497 2000 18128
f 12497 12496 18128
f 17924 12289 6816
f 17924 12292 6819
f 17924 91 6819
f 17924 91 6816
f 7016 6816 18126
f 7016 91 6816
f 7016 2099 18126
f 7016 91 18332
f 12700 18331 2099
f 12700 7016 18332
f 12700 7016 2099
f 12700 4599 18332
f 12495 2099 18126
f 12495 12494 18126
f 7017 18331 2099
f 7017 12495 2099
f 7017 12495 18127
f 12903 2199 18535
f 18330 2199 12698
f 18330 4598 12698
f 17920 1997 6812
f 95 17920 6812
f 95 17920 6815
f 1998 17920 12288
f 1998 17920 6815
f 6616 17919 1899
f 6616 12097 1899
f 6616 17732 12097
f 12287 17919 1899
f 12287 17918 12286
f 12287 17919 12288
f 12696 4598 18327
f 3386 15318 15317
f 3386 20562 5203
f 3286 20741 9390
f 9584 3383 20737
f 15311 15308 5252
f 20940 9782 15308
f 20940 15308 5252
f 15315 20946 3483
f 12290 12289 17921
f 4448 17732 12097
f 5714 6303 22
f 3283 14913 9385
f 3283 15107 9384
f 5153 14916 20548
f 5153 14913 20548
f 5153 14915 14916
f 3131 19826 14772
f 3131 14195 19826
f 20254 14195 14619
f 20254 3131 14195
f 14196 1431 5681
f 14196 1431 19827
f 14196 14195 19827
f 14196 4973 14195
f 14196 14610 5681
f 14196 14610 3126
f 3284 9387 14920
f 9215 14753 20388
f 9215 9212 20388
f 14917 20552 14920
f 9990 15519 4203
f 9990 21151 4203
f 9990 21151 15519
f 15520 5305 15519
f 15520 21151 15519
f 15520 15521 21152
f 15520 15521 5305
f 9788 15520 3485
f 9788 15520 21151
f 9788 15319 3485
f 9788 15319 20951
f 9788 21151 4203
f 9393 905 9390
f 9393 15115 5203
f 9393 905 5203
f 15114 5203 3206
f 15114 15115 5203
f 9230 11093 3206
f 9230 20562 3206
f 1378 9230 11093
f 1378 9230 20562
f 1378 1377 4137
f 1378 11093 4137
f 23903 22991 11256
f 23903 23899 11256
f 23903 23899 22991
f 4065 10949 10948
f 4065 10949 23919
f 4065 23551 10948
f 4065 23919 23551
f 23991 23169 703
f 23991 23934 703
f 23991 23623 8487
f 23991 23934 8487
f 23991 23623 8466
f 11119 8183 2682
f 11119 4150 8182
f 11119 2682 8182
f 11119 8183 64
f 11119 64 1390
f 11119 23915 4150
f 11119 1390 23151
f 11119 23915 23151
f 23511 2772 23882
f 23511 2772 8362
f 23511 23879 8362
f 22951 23879 22943
f 2601 8021 8020
f 2601 23887 23519
f 2601 8020 23887
f 23507 8490 23875
f 23507 23878 8490
f 23507 23878 23923
f 23507 23519 23923
f 23507 23875 23519
f 23163 23999 23930
f 23163 712 23923
f 23163 22933 23923
f 23163 23999 22933
f 23163 8353 712
f 23163 23930 8353
f 730 11381 8557
f 730 8548 11381
f 23627 8549 23998
f 23627 23927 23998
f 2865 23261 8549
f 2865 8549 699
f 2865 699 8326
f 2865 8548 8326
f 11794 4372 17426
f 11794 6303 17426
f 11794 11797 17429
f 11794 11797 4372
f 11794 1742 17429
f 11794 1742 6303
f 1743 11942 442
f 1743 17010 442
f 1743 11797 17010
f 1743 11797 17429
f 444 6315 11951
f 6465 444 11951
f 6465 6315 17588
f 6465 444 6315
f 17013 6312 11381
f 17013 4268 11381
f 17013 4268 442
f 17013 11804 442
f 18862 7557 7715
f 18862 8539 7715
f 18862 7557 2369
f 18862 13231 2369
f 23971 23623 23603
f 23971 23227 23623
f 23971 2870 23603
f 23982 23623 23611
f 23982 23227 23623
f 23982 8539 23611
f 23982 8539 701
f 23982 23227 701
f 7549 18697 2365
f 7549 13223 2365
f 7549 13223 18854
f 7549 18854 709
f 7549 18697 8486
f 7549 709 8486
f 15522 15521 21153
f 15522 15521 5305
f 15522 5305 15519
f 21355 15723 15724
f 20944 9786 3484
f 21522 15890 10326
f 21522 15890 15891
f 21522 15891 10180
f 21522 778 10180
f 21522 778 10326
f 21356 5356 15724
f 21356 15725 5356
f 21356 9987 15724
f 21356 9987 776
f 10322 779 21518
f 10322 21679 3752
f 10322 15886 3752
f 10322 15886 21518
f 3753 16047 21679
f 3753 21525 10324
f 3753 21525 15893
f 3753 21678 10324
f 3753 16047 21678
f 21524 15893 5398
f 21524 15892 5398
f 21524 3753 15893
f 21524 15892 3680
f 15718 21350 5355
f 15718 21353 3680
f 15718 10178 3680
f 15718 10178 21350
f 10179 779 10176
f 10179 21353 10176
f 10179 21353 3680
f 10179 21524 3680
f 10179 21524 779
f 4217 23950 11253
f 4217 23950 11252
f 4217 3747 10313
f 4217 11252 15881
f 4217 3747 15881
f 4217 11253 5
f 4217 10313 5
f 15716 21348 9979
f 3679 21353 10176
f 11328 1380 21674
f 11328 16042 21674
f 16043 5436 21674
f 16043 16044 5436
f 10320 10478 21674
f 10320 21521 15889
f 21680 1379 10481
f 21680 1379 11305
f 21680 16049 11305
f 21680 16048 3752
f 21680 16049 16048
f 608 7557 7715
f 13228 13227 4731
f 13228 18859 13227
f 18705 13073 13070
f 18705 608 7557
f 18705 608 7554
f 18705 7557 2369
f 18705 13073 2369
f 13069 7552 2367
f 13069 7552 18700
f 18701 7553 7550
f 18701 2366 13066
f 18701 2366 7550
f 18701 13069 13066
f 18701 7553 2367
f 18701 13069 2367
f 13230 18862 8539
f 7414 18541 2298
f 7414 18541 706
f 7414 706 8538
f 13076 4693 13077
f 13074 18709 2370
f 13074 4693 18709
f 13074 2370 18706
f 4650 12905 12902
f 18539 90 7223
f 7559 2370 18706
f 18336 12704 2101
f 18335 90 7223
f 18335 12704 2101
f 7022 18135 2102
f 7022 18337 496
f 7022 496 7025
f 7022 18135 7025
f 12706 7224 2203
f 12706 18337 7224
f 12706 18338 2203
f 18130 12499 2101
f 18130 12499 12498
f 4497 12296 12293
f 4497 12296 1903
f 12294 17925 1902
f 12294 6625 1902
f 12294 6625 1903
f 12294 4497 1903
f 12294 17925 12293
f 12294 4497 12293
f 6624 12296 227
f 6624 12296 1903
f 2002 12296 227
f 2002 6825 227
f 12502 18132 4549
f 17929 12297 227
f 17929 12297 4498
f 7220 90 7018
f 7220 18539 2201
f 7220 18539 90
f 18333 12701 7018
f 18333 12701 12702
f 18333 7220 7018
f 18333 12702 2201
f 18333 7220 2201
f 18121 12489 4546
f 18121 1997 6813
f 18121 12489 5738
f 18121 3 5738
f 18121 3 6813
f 12694 12693 18325
f 21343 1468 5754
f 21343 5754 9977
f 21343 3579 15711
f 21343 3579 9977
f 5755 1468 21344
f 5755 58 18526
f 5755 18526 12895
f 5755 1468 12895
f 59 5747 9977
f 59 5747 7211
f 59 5754 9977
f 59 5754 7211
f 7210 18326 2196
f 7210 610 18528
f 12691 12694 18326
f 12691 7211 2196
f 12691 18326 2196
f 12896 4648 18528
f 12896 18527 2196
f 12896 18527 12895
f 12896 4648 12895
f 12896 7210 2196
f 12896 7210 18528
f 18698 13066 7551
f 1288 9976 9979
f 1288 21348 9979
f 1288 21348 10173
f 10170 1288 10173
f 7403 18526 2292
f 7403 58 18526
f 21512 15881 10313
f 21512 10313 5
f 21512 5763 5
f 12894 4648 18526
f 12894 18526 2292
f 12894 18529 2292
f 12894 4648 12897
f 12894 18529 12897
f 16039 5435 16040
f 16039 21671 16040
f 16039 4251 21670
f 16039 5435 4251
f 16039 21671 3749
f 16039 10316 3749
f 16039 10316 21670
f 3676 21345 15710
f 3676 10170 15710
f 10317 21671 10314
f 10317 21671 3749
f 10317 15885 3749
f 10317 21516 15885
f 13224 2366 18855
f 13224 18856 4730
f 13224 18856 7550
f 13224 2366 7550
f 13224 13223 4730
f 13224 13223 18855
f 602 7548 7551
f 602 18698 7551
f 602 18698 7405
f 4690 13065 13062
f 4690 18694 13062
f 4690 18694 13063
f 18696 602 7548
f 18696 4690 13064
f 18696 4690 13065
f 18696 7548 2365
f 18696 13065 2365
f 20547 14916 9383
f 20547 14915 14916
f 20734 3282 9383
f 20734 5730 9383
f 20734 15103 5200
f 9382 14916 20548
f 9382 3282 14916
f 9382 20548 770
f 9382 20733 3282
f 6617 5730 17918
f 6617 17729 1899
f 6617 12287 1899
f 6617 12287 17918
f 1456 15103 5731
f 1456 5731 12286
f 1456 20734 15103
f 1456 20734 5730
f 1456 17918 12286
f 1456 5730 17918
f 15101 3381 9581
f 15101 20736 9581
f 15101 20736 5200
f 15101 20733 3381
f 20735 15103 5731
f 20735 15104 15103
f 9579 3 5738
f 9579 3 5731
f 9579 20735 5731
f 9579 3380 15104
f 9579 20735 15104
f 20941 15310 5252
f 20941 9583 770
f 21141 5747 1464
f 21141 15509 1464
f 21141 15510 9977
f 21141 5747 9977
f 21141 5302 15510
f 21141 15509 5302
f 3583 21150 15518
f 3583 9984 21150
f 3583 9984 21350
f 3583 15719 21350
f 3479 9777 15508
f 3479 15307 9776
f 3479 9777 20938
f 3479 15307 20938
f 5251 15306 15305
f 5251 15307 15306
f 5251 15307 20939
f 9779 20939 775
f 9779 3480 20939
f 15304 3480 20939
f 15304 5251 20939
f 4548 12497 12498
f 4548 12497 12496
f 4548 12499 12498
f 4548 12499 18131
f 4548 12496 18131
f 18129 12497 12498
f 18129 2001 12498
f 18129 2001 6821
f 18129 6821 6818
f 18129 2000 6818
f 18129 12497 2000
f 4547 12495 12494
f 12697 2098 18328
f 12697 12696 18328
f 12697 12696 4598
f 7219 7017 18331
f 96 7219 7017
f 12695 4598 18327
f 12695 18330 4598
f 7217 12903 2199
f 7217 18330 2199
f 2096 12693 18325
f 2096 7010 18325
f 2096 12693 7011
f 2096 7010 12488
f 2096 18120 12488
f 2096 7011 18120
f 7409 18702 609
f 7409 18702 13071
f 12285 17920 1997
f 12285 1997 6813
f 12285 17917 6813
f 12285 17920 12288
f 7012 95 6812
f 7012 12491 2097
f 7012 95 18328
f 7012 12696 18328
f 7012 12696 2097
f 7015 6815 18124
f 7015 95 6815
f 7015 95 18328
f 7015 2098 18328
f 6814 17919 12288
f 6814 1998 12288
f 6814 6616 17919
f 12493 6815 18124
f 12493 1998 6815
f 12493 4547 12494
f 12493 6814 1998
f 92 6619 17732
f 92 6616 17732
f 92 6619 6817
f 92 6814 6616
f 18123 4546 12488
f 18123 12491 4546
f 18123 7010 12488
f 18123 7010 97
f 9588 20741 9390
f 9588 905 9390
f 9591 3386 5203
f 9591 905 5203
f 9591 9588 905
f 5254 15318 15317
f 5254 20950 15318
f 5254 20950 15319
f 5254 15319 20951
f 5254 15316 20951
f 5254 3386 15317
f 9789 15319 3485
f 9789 20950 15319
f 9789 15520 21152
f 9789 15520 3485
f 9789 1173 21152
f 9789 9589 1173
f 9789 9589 20950
f 3285 20552 9389
f 3285 14917 20552
f 20943 15308 9783
f 20943 15311 15308
f 9585 20740 769
f 9585 20740 3383
f 15314 15315 5253
f 15314 15315 20946
f 15314 9585 3383
f 15314 9585 20946
f 3584 9987 21150
f 3584 21147 9986
f 3584 9987 15724
f 3584 21355 15724
f 3584 21355 9986
f 17572 11940 11937
f 17923 2000 12292
f 17923 2000 6818
f 17923 6818 493
f 1900 6619 17921
f 1900 12290 17921
f 1900 12290 6618
f 1172 9387 9384
f 1172 9212 9384
f 1172 9215 9212
f 20244 5705 5681
f 20244 14610 5681
f 20244 5705 22
f 20244 9069 22
f 20245 20244 9069
f 20245 20244 14610
f 20386 9069 22
f 20386 5714 22
f 20386 9069 14754
f 17570 1742 6303
f 17570 5714 6303
f 14760 20392 3199
f 14760 20391 3199
f 9219 3200 20392
f 9219 20392 9216
f 9219 903 9216
f 20385 20245 14754
f 5201 15108 15107
f 5201 15108 20740
f 14914 3197 9213
f 14914 5153 14913
f 14914 3197 9212
f 17739 4450 17930
f 17739 17742 17930
f 17739 17742 4450
f 6453 1817 17737
f 6453 1817 17576
f 6453 12104 17576
f 6453 6625 17737
f 6453 6625 1902
f 6453 12104 1902
f 4374 11804 442
f 4374 11805 6312
f 14618 20253 9082
f 9079 9082 14924
f 9079 20253 9082
f 20555 9219 3200
f 20555 9079 14924
f 20555 9079 20253
f 20555 9219 903
f 20555 3286 14924
f 20397 9082 14924
f 20397 9226 14924
f 20556 9226 14924
f 20556 9393 15115
f 20556 9393 9390
f 20556 3286 9390
f 20556 3286 14924
f 20404 14769 14772
f 14479 20110 3126
f 14479 14196 3126
f 14479 14196 20110
f 9386 20552 14920
f 9386 3284 14920
f 9386 20552 1171
f 9386 3284 20737
f 9386 9584 20737
f 9386 9584 1171
f 20551 9387 14920
f 20551 14919 9215
f 20551 1172 9387
f 20551 1172 9215
f 3288 15114 3206
f 3288 15114 15115
f 3288 20556 15115
f 11224 1378 1377
f 11224 11225 4203
f 11224 11225 1377
f 11224 15316 20951
f 11224 5254 15316
f 11224 9788 4203
f 11224 9788 20951
f 11224 5254 3386
f 11224 3386 20562
f 11224 1378 20562
f 23255 23991 23169
f 23255 23927 23998
f 23255 23169 23927
f 23255 732 23998
f 23255 732 8466
f 23255 23991 8466
f 23886 8021 22943
f 23886 22951 22943
f 23886 22951 8021
f 23890 23511 23879
f 23890 22951 23879
f 23890 23511 23882
f 23890 22931 23882
f 23890 2601 23519
f 23890 23875 23519
f 23890 22931 23875
f 23890 22951 8021
f 23890 2601 8021
f 23995 23261 8549
f 23995 23627 8549
f 23995 23627 23261
f 24002 23627 23927
f 24002 23627 23261
f 24002 23559 23631
f 24002 23559 23927
f 24002 23631 8557
f 24002 730 8557
f 24002 730 8548
f 24002 2865 8548
f 24002 2865 23261
f 6305 1743 17429
f 6305 1743 11942
f 6305 17573 11942
f 6305 226 17573
f 6460 6465 11951
f 6464 700 8327
f 6464 2754 8327
f 12105 1903 17737
f 12105 4450 17737
f 17436 17013 6312
f 17436 17013 11804
f 17436 4374 6312
f 17436 4374 11804
f 8558 23227 701
f 8558 23971 23227
f 8558 23971 2870
f 8558 608 2870
f 8558 701 7715
f 8558 608 7715
f 21154 15522 15519
f 21154 3586 15519
f 21154 9991 3586
f 21154 767 9991
f 9989 15522 21153
f 9989 21355 9986
f 3585 21355 15723
f 3585 21154 15522
f 3585 9989 15522
f 3585 9989 21355
f 15312 20944 3484
f 15312 15315 5253
f 10181 21356 15725
f 10181 10178 776
f 10181 21356 776
f 10325 3753 21679
f 10325 21524 3753
f 10325 21524 779
f 10325 10322 21679
f 10325 10322 779
f 3677 15883 10172
f 21139 15508 15507
f 21139 3479 9776
f 21139 3479 15508
f 15721 3679 21353
f 15721 15718 5355
f 15721 15718 21353
f 15721 21352 5355
f 15721 3679 10177
f 15721 21352 10177
f 15887 21518 10176
f 15887 3679 10176
f 15887 21518 5397
f 15887 3679 10177
f 3581 15514 21146
f 3581 9980 21146
f 21346 3581 9980
f 777 10174 10177
f 777 21352 10177
f 777 21346 9980
f 777 21346 10174
f 4255 16042 11329
f 4255 11328 16042
f 4255 1380 11329
f 4255 11328 1380
f 21517 15882 15885
f 21517 10316 10319
f 21517 10316 3749
f 21517 15885 3749
f 3750 16044 10319
f 3750 21517 10319
f 3750 21517 15882
f 5396 15882 15885
f 5396 21516 15884
f 5396 21516 15885
f 5396 15883 15884
f 1287 10175 10172
f 1287 21520 10175
f 1286 10320 10478
f 1286 10481 4253
f 1286 10478 4253
f 1286 10320 21521
f 3751 16043 21674
f 3751 10320 21674
f 3751 10320 15889
f 7712 2870 8559
f 7712 608 2870
f 7712 702 8559
f 2368 13228 7554
f 2368 7555 13070
f 2368 7555 18859
f 2368 13228 18859
f 2368 18705 13070
f 2368 18705 7554
f 4732 18862 13231
f 4732 13230 18862
f 4732 8539 2860
f 4732 13230 8539
f 4732 2860 13232
f 4732 13231 13232
f 18708 7414 2298
f 18708 13076 2298
f 18708 13076 13077
f 18708 13077 8538
f 18708 7414 8538
f 18707 7415 7412
f 18707 13076 2298
f 18707 7415 2298
f 18537 12905 12902
f 18537 2296 12902
f 18537 2296 7410
f 18863 13231 13232
f 18863 13231 2369
f 18863 2370 13232
f 18863 7559 2370
f 101 18704 7410
f 101 7559 18706
f 12503 6824 4549
f 12503 12500 4549
f 12503 12500 18135
f 12503 18135 7025
f 2103 7025 2820
f 2103 12503 7025
f 2103 12503 6824
f 7023 18132 2102
f 7023 18336 2102
f 4600 18335 12704
f 4600 12706 18337
f 7021 18335 2101
f 7021 18335 90
f 7021 18131 2101
f 7021 7018 18131
f 7021 90 7018
f 12705 7022 2102
f 12705 7022 18337
f 12705 4600 18337
f 12705 4600 12704
f 12705 18336 2102
f 12705 18336 12704
f 6823 2002 18132
f 18133 12502 12297
f 18133 12297 6825
f 18133 2002 6825
f 17932 12297 12300
f 17932 12502 12297
f 17932 6824 4549
f 17932 12502 4549
f 17932 12300 8458
f 17932 8458 2820
f 17932 2103 2820
f 17932 2103 6824
f 18334 12702 2201
f 18334 12702 4599
f 98 7415 7412
f 98 18538 7415
f 18536 12905 7412
f 18536 98 7412
f 18536 98 7218
f 18536 4650 12905
f 12490 18121 4546
f 12490 18121 1997
f 12490 12491 4546
f 4597 12693 12692
f 4597 12694 12693
f 4597 12691 12694
f 15712 1468 21344
f 15712 5353 21344
f 15712 21343 1468
f 15712 21343 15711
f 15712 5353 15711
f 15713 21345 15710
f 15713 5353 15710
f 15713 5353 21344
f 18323 5747 12692
f 18323 4597 12692
f 18323 4597 12691
f 18323 5747 7211
f 18323 12691 7211
f 4691 18698 13066
f 4691 13069 13066
f 4691 18700 13068
f 4691 13069 18700
f 21515 15883 15884
f 21515 3676 15884
f 21515 3676 10170
f 21515 10170 10173
f 21515 3677 10173
f 21515 3677 15883
f 21342 10170 15710
f 21342 5353 15711
f 21342 5353 15710
f 21342 9976 15711
f 21342 1288 9976
f 21342 10170 1288
f 15878 3748 10314
f 15878 3748 21513
f 15878 15881 21513
f 15880 21512 5763
f 7402 18529 7405
f 7402 602 7405
f 7402 18529 2292
f 7402 18696 602
f 7402 13064 2292
f 7402 18696 13064
f 15102 20734 5200
f 15102 20734 3282
f 15102 20733 3282
f 15102 15101 5200
f 15102 15101 20733
f 9580 20733 3381
f 9580 20941 770
f 9580 9382 770
f 9580 9382 20733
f 9580 15310 3381
f 9580 20941 15310
f 2 5730 9383
f 2 6617 5730
f 20937 15306 5738
f 20937 9579 5738
f 20937 15306 15305
f 20937 3380 15305
f 20937 9579 3380
f 15309 20940 5252
f 15309 20941 5252
f 15511 21143 15512
f 774 21143 9982
f 774 9982 9985
f 21351 15719 5355
f 21351 9982 9985
f 21351 3583 9985
f 21351 3583 15719
f 15513 9779 3480
f 773 9581 9578
f 20942 9781 15311
f 20942 773 9581
f 20942 773 9781
f 20942 3381 9581
f 20942 15310 3381
f 20942 15310 5252
f 20942 15311 5252
f 12492 12495 18127
f 12492 4547 12495
f 12492 7015 18124
f 12492 7015 2098
f 12492 12493 18124
f 12492 12493 4547
f 18329 4598 12698
f 18329 12697 4598
f 12904 18536 7218
f 12904 18536 4650
f 12904 12903 18535
f 12904 4650 12903
f 7216 7219 18535
f 7216 96 7219
f 7216 2199 18535
f 7216 18329 96
f 7216 2199 12698
f 7216 18329 12698
f 2198 12695 18330
f 2198 12695 18327
f 18703 2296 13072
f 18703 13071 13072
f 18534 2296 12902
f 18534 7217 12903
f 18534 4650 12902
f 18534 4650 12903
f 2197 12694 18325
f 2197 12694 18326
f 7407 7404 610
f 7406 18700 13068
f 7406 2294 13068
f 7406 18700 609
f 7406 18533 2294
f 7406 7409 609
f 7406 18533 7409
f 4495 12287 12288
f 4495 12285 12288
f 4495 12287 12286
f 4495 17917 12286
f 4495 12285 17917
f 18122 7012 6812
f 18122 7012 12491
f 18122 12490 12491
f 18122 1997 6812
f 18122 12490 1997
f 18125 12493 12494
f 18125 12493 6814
f 18125 12494 6817
f 18125 92 6817
f 18125 92 6814
f 7013 12491 2097
f 7013 18123 12491
f 7013 12696 18327
f 7013 12696 2097
f 7013 18123 97
f 3385 9588 20741
f 3385 20950 15318
f 3385 9589 20950
f 20949 3386 15318
f 20949 9591 3386
f 20949 3385 15318
f 20949 9591 9588
f 20949 3385 9588
f 15110 3286 20741
f 20945 9584 1171
f 20945 9584 3383
f 20945 15314 3383
f 9391 20555 903
f 9391 20555 3286
f 21149 3583 15518
f 21149 3583 9985
f 21149 774 9783
f 21149 774 9985
f 21148 9782 769
f 3482 15308 9783
f 3482 21149 9783
f 3482 21149 15517
f 3482 9782 15308
f 3482 21148 9782
f 3482 21148 15517
f 3481 9781 15512
f 3481 9781 15311
f 768 21147 9986
f 768 9989 21153
f 768 9989 9986
f 15516 21147 3483
f 15516 21148 15517
f 15515 3584 21150
f 15515 3584 21147
f 4449 12104 17576
f 17736 12104 1902
f 6451 17573 11941
f 6446 17572 11937
f 12100 12099 4448
f 12100 4448 17732
f 12100 6619 17732
f 12100 1900 6619
f 20546 14914 9213
f 20546 5153 14915
f 20546 14914 5153
f 17730 12099 4448
f 3125 9069 14754
f 3125 20245 14754
f 3125 20245 9069
f 5113 20386 14754
f 5113 20385 14754
f 5113 20385 14753
f 5113 14753 20388
f 4408 17571 11940
f 4408 17570 11938
f 4408 11940 11937
f 4408 11938 11937
f 17569 11938 11937
f 1448 17570 5714
f 1448 17570 11938
f 1448 17569 11938
f 1448 17569 5715
f 14759 20110 3126
f 5154 14917 14920
f 5154 20551 14920
f 5154 20551 14919
f 5154 14917 903
f 5154 903 9216
f 5154 3199 9216
f 5154 14919 3199
f 9071 20385 20245
f 9071 14759 3126
f 9071 14759 20391
f 9071 14610 3126
f 9071 20245 14610
f 20739 15108 15107
f 20739 3283 9385
f 20739 3283 15107
f 20739 9583 9385
f 15106 3284 20737
f 15106 3284 9387
f 15105 3383 20737
f 15105 15106 20737
f 15105 15106 5201
f 15105 20740 3383
f 15105 5201 20740
f 20545 14914 14913
f 20545 3283 9384
f 20545 3283 14913
f 20545 9212 9384
f 20545 14914 9212
f 11950 17742 11951
f 11950 17742 4450
f 11950 17582 11951
f 17437 4374 11805
f 11944 1817 17576
f 11944 17576 11941
f 11944 11942 442
f 11944 17573 11941
f 11944 17573 11942
f 3132 20254 9082
f 5079 14620 3200
f 5079 14618 20253
f 5079 14619 20251
f 5079 14620 20251
f 5079 20254 14619
f 5079 3132 20254
f 5079 14618 9082
f 5079 3132 9082
f 1122 20397 9082
f 1122 20397 9226
f 9081 20254 3131
f 9081 3131 14772
f 9081 20404 14772
f 9081 20254 9082
f 9081 1122 9082
f 9081 1122 20404
f 9231 20556 9226
f 9231 3288 20556
f 9231 3288 3206
f 9231 1122 9226
f 9231 1122 20404
f 9231 14769 3206
f 9231 20404 14769
f 1905 12299 17930
f 1905 6460 6465
f 1905 17742 17930
f 1905 17742 11951
f 1905 6460 11951
f 12298 17929 4498
f 12298 12299 4498
f 12298 12299 17930
f 12298 1904 17930
f 12298 6627 1904
f 12298 6627 227
f 12298 17929 227
f 17746 12300 6632
f 17746 6464 700
f 17746 700 8458
f 17746 6632 8458
f 1823 1905 12299
f 1823 11956 17588
f 1823 6465 17588
f 1823 11956 2754
f 1823 6464 2754
f 1823 17746 12300
f 1823 17746 6464
f 17740 6627 227
f 17740 6624 227
f 17740 6627 1904
f 17740 6624 1903
f 17740 12105 1903
f 17740 1904 4450
f 17740 12105 4450
f 6302 6305 226
f 6302 17571 226
f 6302 17571 1742
f 6302 1742 17429
f 6302 6305 17429
f 9988 3585 21154
f 9988 767 21354
f 9988 21154 767
f 9988 15723 21354
f 9988 3585 15723
f 3681 10181 15891
f 3681 10181 15725
f 3681 15891 10180
f 3681 21357 10180
f 3681 15725 21357
f 21523 15892 15891
f 21523 10181 15891
f 21523 10181 10178
f 21523 15892 3680
f 21523 10178 3680
f 21349 10175 10172
f 21349 3677 10172
f 3580 21139 15507
f 3580 15716 9979
f 3580 21142 15507
f 3580 9979 21142
f 3678 21349 15714
f 3678 21349 10175
f 3678 21346 15714
f 3678 21346 10174
f 15888 15887 5397
f 15888 3678 10174
f 15888 5397 15889
f 15888 21520 15889
f 15888 21520 10175
f 15888 3678 10175
f 21519 10174 10177
f 21519 15887 10177
f 21519 15888 10174
f 21519 15888 15887
f 9983 777 21352
f 9983 9980 21146
f 9983 777 9980
f 21675 16043 16044
f 21675 3750 16044
f 21675 3751 16043
f 10323 1286 21521
f 10323 21521 3752
f 10323 21680 3752
f 10323 21680 10481
f 10323 1286 10481
f 18860 702 13229
f 18860 7712 702
f 18860 13229 4731
f 18860 13228 4731
f 18860 13228 7554
f 18860 608 7554
f 18860 7712 608
f 12907 18539 2201
f 12907 18538 4651
f 12907 12908 4651
f 12907 12908 18539
f 12906 7415 2298
f 12906 18538 7415
f 12906 18538 4651
f 12906 18541 2298
f 12906 12909 4651
f 12906 18541 12909
f 2297 18707 7412
f 2297 12905 7412
f 2297 18537 12905
f 18540 12909 4651
f 18540 12908 4651
f 18540 7416 89
f 18540 12909 7416
f 12703 18335 7223
f 12703 4600 18335
f 12703 12706 18338
f 12703 4600 12706
f 7556 101 18704
f 7556 18863 2369
f 7556 18863 7559
f 7556 101 7559
f 7556 13073 2369
f 7556 18704 13073
f 7020 18336 2101
f 7020 7023 18336
f 7020 18130 2101
f 6820 2001 12498
f 6820 18130 12498
f 6820 7020 18130
f 12501 2002 18132
f 12501 18133 2002
f 12501 12502 18132
f 12501 18133 12502
f 12699 18334 4599
f 12699 12700 4599
f 12699 12700 18331
f 12699 18334 7218
f 7221 98 18538
f 7221 12907 2201
f 7221 12907 18538
f 7221 18334 2201
f 7221 18334 7218
f 7221 98 7218
f 18699 7407 7404
f 18699 2294 13068
f 18699 7407 2294
f 13067 18698 7405
f 13067 4691 18698
f 13067 4691 13068
f 13067 18699 13068
f 21510 15878 10314
f 21510 15878 15879
f 21510 10168 15879
f 5395 15878 15879
f 5395 15880 15879
f 5395 15878 15881
f 5395 21512 15881
f 5395 15880 21512
f 1472 15880 5763
f 1472 18694 13063
f 1472 5763 18694
f 1280 10317 10314
f 1280 21510 10314
f 1280 21510 10168
f 1280 10317 21516
f 3675 10168 15879
f 3675 15713 21344
f 3675 15713 21345
f 3675 10168 21345
f 5723 20547 9383
f 5723 2 9383
f 5723 17729 1452
f 5723 6617 17729
f 5723 2 6617
f 5723 14915 1452
f 5723 20547 14915
f 3382 20739 9583
f 3382 20739 15108
f 3382 20941 9583
f 3382 15309 20941
f 3382 15108 20740
f 15720 21352 5355
f 15720 21351 5355
f 21144 15513 3480
f 21144 9781 15512
f 21144 15513 15512
f 5303 15513 15512
f 5303 15511 15512
f 5303 15514 21146
f 5303 15511 21146
f 9981 9779 775
f 9981 21347 775
f 20936 773 9578
f 20936 15305 9578
f 20936 5251 15305
f 20936 15304 5251
f 7014 12697 2098
f 7014 18329 12697
f 7014 12492 18127
f 7014 12492 2098
f 7014 18329 96
f 7014 7017 18127
f 7014 96 7017
f 7214 7217 18330
f 7214 2198 18330
f 12900 12899 4649
f 12900 7214 2198
f 7215 2198 18327
f 7215 7013 18327
f 7215 7013 97
f 7411 18703 2296
f 7411 18534 2296
f 7411 18703 7408
f 7212 2197 18325
f 7212 7010 18325
f 7212 7010 97
f 7213 2197 18326
f 7213 7210 610
f 7213 7210 18326
f 7213 2197 12899
f 2295 18703 13071
f 2295 18703 7408
f 2295 7409 13071
f 2295 18533 7409
f 2295 18533 12901
f 12898 7407 2294
f 12898 18533 2294
f 12898 12901 4649
f 12898 18533 12901
f 20744 3385 9589
f 20742 15110 3286
f 20742 9391 3286
f 20742 9391 3285
f 15313 3384 20945
f 15313 15312 5253
f 15313 15312 20944
f 15313 15314 5253
f 15313 20945 15314
f 20743 1171 9389
f 20743 15110 5202
f 9388 9391 903
f 9388 9391 3285
f 9388 14917 903
f 9388 3285 14917
f 9785 20946 3483
f 9785 15516 3483
f 9785 15516 21148
f 9785 21148 769
f 9785 9585 769
f 9785 9585 20946
f 9780 20943 9783
f 9780 774 9783
f 9780 20943 15311
f 9780 3481 15311
f 9780 774 21143
f 9780 21143 15512
f 9780 3481 15512
f 9787 768 21153
f 9787 15521 21153
f 9787 15521 3484
f 9784 21147 3483
f 9784 768 21147
f 9784 9787 768
f 9784 15315 3483
f 5304 15516 21147
f 5304 15515 21147
f 5304 15516 15517
f 5304 21150 15518
f 5304 15515 21150
f 5304 21149 15518
f 5304 21149 15517
f 6623 17925 1902
f 6623 17736 1902
f 6623 17925 493
f 6623 17736 493
f 12101 17736 12104
f 12101 4449 17733
f 12101 4449 12104
f 6449 17572 11940
f 6449 1815 11940
f 6449 6621 17733
f 12102 4449 17576
f 12102 1815 6451
f 12102 4449 17733
f 12102 6451 11941
f 12102 6449 17733
f 12102 6449 1815
f 12102 17576 11941
f 6448 6451 17573
f 6448 1815 6451
f 6448 226 17573
f 6448 17571 226
f 6448 17571 11940
f 6448 1815 11940
f 17731 12100 12099
f 17731 1900 6618
f 17731 12100 1900
f 1814 6446 11937
f 1814 17731 12099
f 1814 17731 6446
f 494 17731 6618
f 494 17731 6446
f 494 6449 6621
f 494 6446 17572
f 494 6449 17572
f 17922 12290 6618
f 17922 494 6618
f 17922 494 6621
f 12098 17730 4448
f 12098 17729 1452
f 12098 17729 12097
f 12098 4448 12097
f 6447 17569 5715
f 6447 17730 12099
f 6447 1814 12099
f 6447 17569 11937
f 6447 1814 11937
f 14756 5113 20388
f 14756 9212 20388
f 14756 3197 9212
f 11939 17570 1742
f 11939 4408 17570
f 11939 17571 1742
f 11939 4408 17571
f 14755 20386 5714
f 14755 1448 5714
f 14755 5113 20386
f 14755 14756 5113
f 14755 1448 5715
f 8940 3061 20110
f 8940 4973 20251
f 8940 14620 20251
f 8940 3061 14620
f 8940 14196 4973
f 8940 14196 20110
f 14757 14760 20392
f 14757 3061 14620
f 14757 3200 20392
f 14757 14620 3200
f 9217 20391 3199
f 9217 9214 20391
f 904 9071 20385
f 904 9214 20385
f 904 9071 20391
f 904 9214 20391
f 3198 20385 14753
f 3198 9214 20385
f 3198 9215 14753
f 3198 14919 9215
f 20738 9387 9384
f 20738 15106 9387
f 20738 15107 9384
f 20738 5201 15107
f 20738 15106 5201
f 12106 17738 4450
f 12106 17738 1817
f 12106 4450 17737
f 12106 1817 17737
f 219 11950 4450
f 219 11950 6313
f 219 17738 4450
f 219 17738 6313
f 1747 17437 11805
f 1747 11805 6312
f 1747 17437 1817
f 1747 11950 6313
f 1747 17738 1817
f 1747 17738 6313
f 1747 17582 6312
f 1747 11950 17582
f 6452 17437 1817
f 6452 17437 4374
f 6452 11944 1817
f 11803 4374 442
f 11803 11944 442
f 11803 6452 4374
f 11803 6452 11944
f 14923 20555 20253
f 14923 5079 20253
f 14923 20555 3200
f 14923 5079 3200
f 17745 1905 6465
f 17745 1823 6465
f 17745 1823 1905
f 17931 1823 12300
f 17931 1823 12299
f 17931 4498 12300
f 17931 12299 4498
f 15717 21349 3677
f 15717 21348 10173
f 15717 3677 10173
f 9978 21347 775
f 9978 775 9776
f 9978 21139 9776
f 9978 3580 21139
f 9978 3580 15716
f 9978 21347 15716
f 15715 21346 3581
f 15715 9981 3581
f 15715 9981 21347
f 15715 21346 15714
f 10321 21675 3751
f 10321 1287 21520
f 10321 21520 15889
f 10321 3751 15889
f 10318 3750 15882
f 10318 21675 3750
f 10318 10321 1287
f 10318 10321 21675
f 13075 2297 18707
f 13075 13074 18706
f 13075 13074 4693
f 13075 13076 4693
f 13075 18707 13076
f 7413 2297 18537
f 7413 18537 7410
f 7413 101 7410
f 7413 101 18706
f 7413 13075 18706
f 7413 13075 2297
f 7222 18540 12908
f 7222 89 18338
f 7222 18540 89
f 2202 12703 7223
f 2202 18539 7223
f 2202 12908 18539
f 2202 7222 12908
f 2202 12703 18338
f 2202 7222 18338
f 17928 2001 12293
f 17928 6820 2001
f 17928 12296 12293
f 17928 2002 12296
f 17928 6823 2002
f 17928 6820 6823
f 495 6820 6823
f 495 6820 7020
f 495 6823 18132
f 495 7023 18132
f 495 7020 7023
f 2200 12904 7218
f 2200 12699 7218
f 2200 7219 18535
f 2200 12904 18535
f 2200 7219 18331
f 2200 12699 18331
f 2293 13067 7405
f 2293 18529 12897
f 2293 18529 7405
f 2293 7404 12897
f 2293 18699 7404
f 2293 13067 18699
f 18695 13064 2292
f 18695 7403 2292
f 18695 1472 13063
f 18695 4690 13063
f 18695 4690 13064
f 21511 15880 15879
f 21511 1472 15880
f 10171 1280 21516
f 10171 3676 21345
f 10171 10168 21345
f 10171 1280 10168
f 10171 21516 15884
f 10171 3676 15884
f 9582 3382 20740
f 9582 20740 769
f 9582 15309 20940
f 9582 3382 15309
f 9582 9782 769
f 9582 20940 9782
f 3582 9983 21352
f 3582 15720 21352
f 3582 21351 9982
f 3582 15720 21351
f 3582 21143 9982
f 3582 15511 21143
f 3582 15511 21146
f 3582 9983 21146
f 9778 21144 3480
f 9778 20936 773
f 9778 773 9781
f 9778 21144 9781
f 9778 15304 3480
f 9778 20936 15304
f 21145 15513 9779
f 21145 9981 9779
f 21145 5303 15514
f 21145 5303 15513
f 21145 3581 15514
f 21145 9981 3581
f 18532 12900 7214
f 18532 2295 7408
f 18532 2295 12901
f 18532 12901 4649
f 18532 12900 4649
f 99 7411 7408
f 99 18532 7408
f 99 18532 7214
f 99 7214 7217
f 99 18534 7217
f 99 7411 18534
f 18531 2197 12899
f 18531 7212 2197
f 18531 12900 12899
f 18531 12900 2198
f 18531 7215 2198
f 18531 7215 97
f 18531 7212 97
f 18530 7213 12899
f 18530 12899 4649
f 18530 12898 4649
f 18530 12898 7407
f 18530 7407 610
f 18530 7213 610
f 15112 20744 3384
f 15112 20743 5202
f 15109 3385 20741
f 15109 20744 3385
f 15109 15110 20741
f 15109 15110 5202
f 15109 15112 5202
f 15109 15112 20744
f 9586 20744 3384
f 9586 9589 1173
f 9586 20744 9589
f 9586 9786 1173
f 9586 20944 9786
f 9586 15313 20944
f 9586 15313 3384
f 15111 20742 15110
f 15111 20743 15110
f 15111 20742 3285
f 15111 3285 9389
f 15111 20743 9389
f 9587 3384 20945
f 9587 20945 1171
f 9587 20743 1171
f 9587 15112 3384
f 9587 15112 20743
f 20947 9784 9787
f 20947 15312 3484
f 20947 9787 3484
f 20947 15312 15315
f 20947 9784 15315
f 1901 12101 17736
f 1901 6621 17733
f 1901 12101 17733
f 12291 17923 12292
f 12291 1901 17923
f 12291 17922 6621
f 12291 1901 6621
f 5722 14915 1452
f 5722 20546 14915
f 5722 12098 1452
f 5722 12098 17730
f 53 6447 5715
f 53 20546 9213
f 53 5722 20546
f 53 6447 17730
f 53 5722 17730
f 20387 14755 5715
f 20387 14755 14756
f 20387 53 9213
f 20387 53 5715
f 20387 3197 9213
f 20387 14756 3197
f 5114 14757 14760
f 5114 14757 3061
f 5114 14760 20391
f 5114 14759 20391
f 5114 3061 20110
f 5114 14759 20110
f 20550 9217 9214
f 20550 3198 14919
f 20550 3198 9214
f 20550 14919 3199
f 20550 9217 3199
f 5354 15715 15714
f 5354 21347 15716
f 5354 15715 21347
f 5354 21349 15714
f 5354 15717 21349
f 5354 15716 21348
f 5354 15717 21348
f 21514 10318 15882
f 21514 5396 15883
f 21514 5396 15882
f 21514 15883 10172
f 21514 1287 10172
f 21514 10318 1287
f 10169 3675 15879
f 10169 21511 15879
f 10169 3675 21344
f 10169 5755 21344
f 10169 5755 58
f 5762 18695 1472
f 5762 21511 1472
f 5762 7403 58
f 5762 18695 7403
f 5762 10169 58
f 5762 10169 21511
f 6620 17923 493
f 6620 1901 17923
f 6620 17736 493
f 6620 1901 17736
f 4496 12291 12292
f 4496 12290 12289
f 4496 17922 12290
f 4496 12291 17922
f 4496 17924 12292
f 4496 17924 12289
